0,0.png,13.51072,16.91868,-93.40925,-4.07443,-130.7098,-6.409281,2.525681,-8.025721,17.31166,6.982674,-16.42369,28.02803,17.55373,-22.75647
1,1.png,18.48656,34.57706,-71.45835,-22.99756,-13.98161,-8.828333,3.472967,-1.57148,-7.385532,4.167082,-26.73083,-23.62106,5.86711,-5.038525
2,2.png,13.28288,-28.48857,-114.8981,-28.14863,-124.1155,-6.14281,1.138918,-5.091135,16.02168,-9.524147,-28.87988,26.4072,17.45473,0.557522
3,3.png,8.734783,-10.04242,-40.52602,-6.754831,-23.02734,8.143057,1.483992,6.717212,19.83626,-8.918179,-28.20312,11.526,27.33542,20.62431
4,4.png,18.75466,30.72465,-116.5257,4.16174,-126.5202,11.99644,1.647633,8.336794,-4.794218,-16.33942,-21.28796,5.476173,6.3066,38.23689
5,5.png,3.520878,-13.79332,-163.5495,-19.67657,-9.572739,2.758431,-8.95047,4.966795,-19.07533,-5.781992,-11.10419,-13.01232,28.4894,-17.14222
6,6.png,8.177948,14.44312,-157.2424,1.370724,-67.18349,0.391698,1.855263,6.986732,-8.169558,-19.58846,-5.908016,3.526973,12.0338,-27.39522
7,7.png,-15.45211,-9.784122,-167.7842,-11.95932,-30.94321,26.60837,-3.491425,0.920344,-0.528786,15.28925,-6.75686,2.883542,1.640807,-17.07405
8,8.png,-11.99795,31.80203,-110.2897,-13.82553,-68.2382,13.75147,9.210062,1.900679,9.440918,-12.55506,3.905994,5.236649,5.845824,-18.94498
9,9.png,-18.17056,8.666805,-13.66931,-14.30231,-5.222923,24.08771,-9.975906,8.498302,-13.5079,8.532089,-18.10226,9.13727,26.06483,5.585159
10,10.png,1.989477,10.31761,-90.0519,12.01183,-122.8269,-13.58248,5.218757,7.128932,-7.006004,-6.203268,0.701841,-20.58682,20.16184,-37.12108
11,11.png,-9.135191,37.40629,-153.9496,-22.24143,-56.29623,24.16341,1.922382,1.60462,-16.67582,1.399115,-12.27165,21.63234,12.94298,31.26678
12,12.png,-15.08643,17.35005,-46.22367,-15.2971,-32.69965,-1.346754,5.686714,-2.590155,-2.844822,14.68893,-25.77962,13.97213,24.9641,28.52464
13,13.png,-14.99908,-13.01729,-122.7197,4.679911,-112.0077,5.667453,2.089058,-6.265852,-7.887495,-15.48977,11.05768,2.754796,22.26374,-12.96863
14,14.png,-12.42254,-8.869499,-107.4134,10.71842,-31.98719,24.00859,7.404353,-1.224488,16.13762,6.166672,-5.260594,7.531721,12.01323,34.42911
15,15.png,-16.54098,22.28532,-166.8975,6.305334,-126.2965,16.55154,-11.01184,8.889036,16.92225,-8.240063,-19.62785,5.962997,2.331991,34.23368
16,16.png,-16.56489,-1.565033,-25.97954,3.115351,-64.44392,8.850994,3.217915,-7.26363,-10.74603,14.01052,20.21686,-24.27162,12.43544,-0.229679
17,17.png,11.61689,7.476688,-19.41542,-18.80539,-127.6814,-1.504586,1.14558,-5.382543,-15.17747,-17.65924,-3.932229,-29.15232,16.456,38.17126
18,18.png,3.830177,18.0691,-171.8869,-16.0937,-130.7098,-2.261822,5.852119,-3.024038,-10.66306,4.723465,-9.499393,8.890964,13.0247,26.93292
19,19.png,6.17535,-24.96315,-86.72529,2.838203,-70.96547,19.09541,6.217903,-7.453213,18.63079,-15.48615,16.86417,-5.516721,3.806334,30.30891
20,20.png,18.26912,-21.97592,-100.7277,-28.54615,-130.5116,16.66809,-1.156136,3.158285,12.09978,4.804718,-16.92701,25.0587,21.85269,-33.92587
21,21.png,10.36219,-1.236645,-56.95113,-11.53714,-156.3396,10.82482,2.696129,6.592447,-2.059505,-13.85434,6.896464,12.29025,10.05365,35.01493
22,22.png,-10.32614,0.705551,-128.9661,-15.03304,-49.14219,-6.54329,11.02063,5.706713,-4.330385,-3.441927,23.73896,29.09335,6.76108,18.13034
23,23.png,-4.760668,26.32017,-50.76289,-6.379103,-165.8729,0.745702,-4.25094,-6.997791,-9.832737,-19.18892,-11.13621,21.57118,13.64254,-3.309082
24,24.png,-18.97573,-38.64326,-42.0529,-7.444728,-76.15044,5.098492,1.165648,-1.60869,5.071731,14.11376,28.46749,19.93916,4.264516,1.567749
25,25.png,10.06849,3.552643,-53.63258,-11.36342,-24.00432,-6.368764,-6.33407,-6.528767,-15.37925,-7.227362,-6.276715,-7.154041,27.36028,-39.60553
26,26.png,0.037792,-27.46769,-132.5197,12.24767,-139.4582,-5.691474,4.787647,6.582518,9.85619,19.50467,23.50474,4.445568,21.47207,32.96434
27,27.png,10.27418,33.45906,-129.7113,9.742184,-0.371559,-2.537156,-1.791208,-6.022032,17.40462,6.915573,19.485,-5.138042,5.189777,37.53605
28,28.png,-10.71638,20.38333,-2.150169,-18.33094,-147.8848,-1.882552,7.003011,-6.226151,-0.205929,16.51878,9.330588,-3.539482,10.94616,-27.61547
29,29.png,-16.06956,38.61301,-83.85518,1.700743,-32.93716,-2.875061,4.608069,7.269552,-9.987648,-11.65859,-26.8594,-12.5237,15.35181,-26.61787
30,30.png,-11.90012,28.02679,-169.404,-19.52038,-148.4277,-11.37174,-1.85355,5.169723,-11.20963,4.900129,17.74831,14.02046,27.69648,-12.37616
31,31.png,-9.575035,-1.211582,-98.51165,-24.00751,-71.7994,29.57577,3.333812,6.991865,10.5383,-12.37779,-28.27618,-9.285118,6.070951,-28.17638
32,32.png,14.6644,-2.18269,-170.2837,-3.479446,-157.4194,24.67638,-1.86524,4.791284,6.872734,4.940073,26.25037,21.39354,23.99862,-4.979263
33,33.png,13.25369,-23.7549,-140.294,12.96285,-15.65726,9.766228,-11.02864,-0.455102,-2.329466,-11.90879,21.81314,-21.57127,11.1639,-31.66386
34,34.png,11.90893,-38.39662,-175.3014,-1.867035,-27.98525,13.79568,8.739429,-0.053863,-1.45891,-13.75637,-1.899502,-15.84087,18.12049,-21.42612
35,35.png,-12.17953,-6.385311,-137.2952,-27.76706,-124.7651,19.37779,-1.745438,8.254345,-0.558903,-12.31012,-12.9512,-7.992771,0.479418,-20.79887
36,36.png,19.5981,-37.18613,-71.41644,-17.53822,-141.536,27.96985,8.673114,0.22817,4.153679,16.452,-5.298232,-15.08496,0.263733,21.38245
37,37.png,19.9837,-8.402084,-79.97136,-21.51498,-131.8444,1.792182,-2.071068,9.513166,14.16115,10.43801,-18.26228,28.50343,21.26279,19.22791
38,38.png,2.52371,14.13395,-157.1422,-21.88276,-172.5385,29.33456,0.724058,-0.339393,17.33044,-3.647034,15.26485,15.26221,13.0891,9.90028
39,39.png,11.35864,-24.0486,-93.55291,11.23035,-4.447723,15.839,1.96682,-9.975361,-9.475023,-3.468048,7.673026,-21.18339,6.354454,-1.755108
40,40.png,2.872173,-19.74802,-74.65284,-11.3786,-8.080208,10.9912,-11.09759,3.062858,8.668976,-6.150892,-0.138126,9.058491,16.65329,2.093655
41,41.png,16.88044,-27.2319,-45.83838,-13.04736,-145.53,10.77701,-6.313293,2.379185,3.317163,7.957854,-4.321873,-8.56022,1.395568,-5.803104
42,42.png,-9.714859,-12.40929,-133.7351,-7.452217,-172.9457,11.20251,0.044491,-8.280508,11.83974,-0.632895,16.86878,-14.86471,3.449793,-15.83758
43,43.png,-16.90687,24.00816,-143.5974,1.669972,-123.7917,-14.26556,-9.14609,-0.45354,-6.576702,-1.277039,23.63602,-22.09291,1.374686,-0.802712
44,44.png,-11.85251,-35.15002,-151.8262,2.54742,-139.8237,19.55383,-7.280929,-5.530958,-16.54752,14.99966,28.14249,-22.35337,18.52828,38.69114
45,45.png,-7.525967,-23.9303,-124.9302,-10.20777,-39.56868,14.01105,-5.530983,-1.863791,-17.89426,-19.2039,-23.16258,-4.578979,20.58383,-18.39391
46,46.png,17.42592,-19.02347,-118.3917,-7.025966,-47.79212,-3.523984,4.233873,-6.832661,9.165096,-19.95682,-23.28355,-18.88772,14.50056,-39.18158
47,47.png,-13.47322,7.520672,-103.3127,-27.32789,-160.885,21.86742,-7.128971,-9.086821,-4.371756,13.27897,20.88146,10.57358,20.91365,-30.99965
48,48.png,-8.304613,37.6989,-109.4313,8.010265,-147.9649,23.31381,4.461467,2.154952,9.026084,-2.392714,-11.86072,-23.97949,0.657513,13.3894
49,49.png,-11.5519,34.09969,-146.0815,1.3923,-131.4524,13.1887,5.234104,9.578602,19.70146,8.031273,-4.190866,10.76601,23.1552,-26.27207
50,50.png,8.781094,-25.30267,-46.07737,-5.371911,-58.90011,20.70027,4.369382,6.844416,6.303834,6.47746,-20.84839,23.86323,22.80182,-31.49054
51,51.png,10.63948,26.11265,-38.27039,-22.33207,-162.5855,-10.09309,9.942738,4.136726,15.69872,-5.895994,6.615662,-10.21655,22.1673,-37.29823
52,52.png,19.74098,-30.64055,-90.89928,6.04302,-165.7357,-2.218456,7.696056,1.729747,16.13302,-14.48864,-27.33081,6.332199,24.61503,-10.19937
53,53.png,12.11454,-31.04044,-100.1333,9.143718,-0.537773,-7.401382,6.130697,-9.489231,0.095585,3.647453,-17.15896,-6.617629,3.475013,-32.10529
54,54.png,7.992729,0.301575,-97.30298,-7.873838,-146.179,-7.693641,7.636723,-4.787446,-10.85588,18.21083,-0.986992,-5.912201,9.839871,1.855415
55,55.png,-4.627783,-33.82985,-4.846451,10.63405,-81.61732,-4.923901,-4.753656,3.184705,-4.256294,-2.598335,-4.509963,19.35646,7.482229,28.07647
56,56.png,19.19043,-14.96807,-58.0882,1.685058,-176.7877,-10.83528,-10.80961,7.296112,11.05961,-0.901978,-5.237987,0.358446,27.81456,-26.34612
57,57.png,-13.76102,-1.143414,-4.19828,-1.683405,-32.19389,-8.769287,7.077984,-6.09634,-17.47075,5.321855,0.081657,-15.41205,28.371,-27.75226
58,58.png,-17.18533,14.55342,-159.9837,-23.44788,-33.36934,-12.82337,4.186712,-2.000302,-12.82188,-13.43845,-8.767179,2.380539,8.870403,28.5765
59,59.png,-16.89609,-7.401909,-12.91273,6.886275,-116.9728,12.60439,-9.622784,-6.461914,-5.978716,-10.6111,7.547993,-17.35098,5.892073,21.43337
60,60.png,-4.177654,9.416882,-133.7942,6.100323,-26.21338,13.51229,11.51614,4.803488,14.29273,3.05579,21.65462,-14.57785,23.23433,-3.971039
61,61.png,6.462951,14.35033,-56.62442,-18.43608,-136.2507,11.04692,-11.42072,9.584949,15.08819,-11.42911,-8.73357,-20.76554,11.81289,8.945137
62,62.png,10.50638,23.92165,-176.2902,4.666081,-161.4021,-1.02542,-3.3209,6.054176,-12.75463,4.671814,29.92931,-24.46192,20.65011,-19.08489
63,63.png,12.84851,-17.30657,-134.2167,-25.47666,-8.088516,-14.36373,3.162314,8.629784,-7.78899,1.612694,4.635175,-29.66154,15.38147,-5.009495
64,64.png,16.93501,-12.82442,-2.417122,-3.15977,-109.2453,12.99892,-3.668291,-2.56411,13.03354,-7.094858,9.012815,5.475994,27.7441,34.02985
65,65.png,-16.66933,2.326588,-85.14867,-6.790424,-178.8535,-2.238616,-0.252167,-3.358788,7.470573,-5.702065,-6.885849,-1.854097,4.315732,-19.66778
66,66.png,-19.395,-30.73708,-59.56264,-6.696505,-78.44289,-1.787752,0.197933,3.581881,-6.507866,15.43005,-15.63139,-13.66895,23.67544,-38.39412
67,67.png,-0.201681,-5.207497,-71.90617,7.296717,-88.5466,3.766196,9.822767,-0.34644,8.602247,14.70899,-14.14837,17.37375,5.214153,0.285877
68,68.png,8.48073,4.136406,-30.25311,-18.92599,-107.0671,9.878285,8.422271,-2.677139,16.09729,-5.108387,-4.273956,15.03434,17.15136,-28.94972
69,69.png,-7.474043,-29.50651,-105.6678,-9.344542,-146.2126,7.109226,-10.03519,3.118448,-19.29191,-5.110065,-29.0234,-14.97134,4.810885,11.79149
70,70.png,0.275061,11.26676,-8.175156,7.375923,-81.4896,12.32112,11.99462,-3.601245,-6.891306,-12.03999,-26.82633,-8.777115,18.11411,25.19449
71,71.png,2.731382,-29.06389,-166.7491,-4.748099,-93.29552,12.67064,11.18966,4.01741,-4.420145,1.822966,-1.612061,-23.02047,24.30958,-5.256115
72,72.png,-8.938864,21.47105,-170.1141,-8.305315,-112.7307,-13.38137,0.126701,-7.636269,18.2366,19.25779,-28.7895,20.66941,0.23494,-5.056339
73,73.png,-10.78893,37.01051,-148.9485,-4.612986,-66.32258,-10.13671,3.207086,-3.168329,-0.955174,5.550775,27.13107,15.34997,15.81603,34.22825
74,74.png,7.069449,30.54108,-71.62458,11.11608,-117.851,6.852861,-4.988567,-3.900851,-11.22344,7.919097,15.04642,12.00802,20.69525,-18.99805
75,75.png,16.29243,-16.18055,-28.46395,4.051775,-1.773712,-14.90237,-7.608747,8.944221,5.932201,7.483968,-0.844378,2.997519,13.49066,22.49081
76,76.png,3.398373,-7.458721,-156.2738,-24.28355,-46.56573,1.710224,8.189377,-0.93356,10.15055,12.63782,29.94323,-20.91272,7.153255,-19.97757
77,77.png,2.201254,14.95936,-9.41906,11.59058,-125.0763,25.37621,2.862701,-8.4007,14.8811,-19.18881,-12.71336,-20.19729,29.49798,-8.208755
78,78.png,-2.866886,-21.99074,-89.28088,0.668769,-137.3352,23.6271,7.526316,-4.10993,-10.88181,-16.26587,-23.41311,-16.57435,4.415993,-13.60798
79,79.png,9.267525,13.17565,-10.29769,-10.74861,-123.461,-13.88364,-9.133364,8.511971,2.854298,6.462703,27.68073,-10.08379,15.1896,-8.674263
80,80.png,5.896244,14.1887,-86.16479,-6.34779,-69.89217,19.66197,-4.094778,9.966295,-1.193922,-15.07156,16.31882,-5.262978,2.209035,36.09264
81,81.png,2.130049,22.43496,-66.44691,4.660486,-95.38322,28.79182,7.594345,-6.401957,7.003913,-5.01219,-3.256805,0.886242,9.704081,-31.36213
82,82.png,-13.23614,39.02164,-82.22958,4.404169,-178.5762,14.33461,2.231359,2.253018,10.81978,-14.55106,-6.859291,-9.811073,16.73669,-33.55087
83,83.png,17.65736,27.55763,-41.1211,-10.22344,-107.4198,12.02841,4.216663,9.299892,-9.174225,-11.48477,-26.14449,-28.4748,14.97311,-30.86917
84,84.png,9.11767,-0.387157,-130.619,12.92863,-78.933,-10.27313,2.159914,7.26194,19.05842,8.123903,-15.59661,11.66025,15.37418,4.932705
85,85.png,17.31202,-2.176289,-82.00282,-11.98277,-161.2115,-3.691944,3.149271,-2.186221,5.735597,-9.269411,22.18535,22.82993,26.42613,9.573685
86,86.png,-10.79027,37.91877,-90.60082,-7.465012,-98.99348,12.54736,-9.2416,-4.868511,13.13342,0.714218,15.44629,13.10306,11.21639,27.68722
87,87.png,8.355907,7.689213,-144.0566,-21.66668,-85.50635,10.32673,-3.491697,2.871628,5.532989,-6.740845,-2.921416,-7.04827,16.09433,33.14864
88,88.png,-13.7054,-22.304,-60.53072,5.501477,-35.4884,19.86043,-2.792074,-2.526494,-0.848524,-5.596235,-6.2342,-28.35251,13.09124,-4.204086
89,89.png,-3.798458,-11.35843,-177.3911,-20.92882,-93.14667,19.03098,4.959154,-4.80228,-10.17992,-7.18012,-23.49524,3.21284,6.729512,-10.08201
90,90.png,13.91846,-20.73593,-147.1866,11.02688,-115.3124,14.09689,11.68567,2.353643,19.0164,5.494895,-29.74449,11.60404,20.80762,-22.56021
91,91.png,-10.95237,34.6125,-134.0702,-16.14333,-68.48335,6.601908,-9.353687,8.732309,-0.410555,11.24887,17.49693,-26.32032,2.359936,-20.52716
92,92.png,8.794932,10.92975,-8.231827,-20.29378,-42.14392,28.37363,9.970688,-4.179955,2.702415,-15.85415,24.75465,-11.07238,1.481595,7.21043
93,93.png,-8.526323,25.68763,-85.94552,-17.12468,-104.0955,15.82842,5.449745,-4.680833,16.61391,12.15061,-0.562151,11.24781,11.68689,-35.87029
94,94.png,-14.30246,9.884285,-156.5087,-17.86812,-8.55352,-3.683833,4.881068,9.193851,10.25659,7.928119,22.92155,-18.28493,16.35258,-9.91259
95,95.png,-12.65408,-23.03968,-6.737022,7.782031,-170.1038,29.68618,9.826804,8.386919,17.39811,17.92877,-8.479454,-27.96899,1.17009,27.05128
96,96.png,11.25314,-31.88265,-132.9619,-4.142086,-137.868,29.42353,-0.581207,-1.839005,3.157551,17.168,16.58195,-5.365379,28.08769,-11.19559
97,97.png,-10.77521,10.50959,-4.297073,-16.32512,-22.55453,0.826865,-6.630484,-2.602576,13.61912,-6.581432,6.015376,-0.611527,24.35352,-9.897083
98,98.png,17.80186,21.50078,-126.8614,-24.77779,-86.53957,7.99472,-6.678071,-3.532058,-18.98718,11.31918,-26.72304,7.766611,24.69233,-21.92508
99,99.png,-12.68818,10.15194,-32.94785,-7.102166,-108.0669,8.324438,10.29796,0.231294,10.4916,13.81925,-28.63054,-13.03814,19.54026,39.80762
100,100.png,-1.731731,-13.82595,-115.3367,-29.8577,-16.22644,-14.41627,-10.61182,-2.8516,8.362494,16.64101,-11.9967,-2.388535,0.05073,-13.30642
101,101.png,-2.924587,37.9866,-89.60137,-0.227867,-128.6406,-7.235182,-5.948946,-4.944025,12.61558,10.05131,-28.03622,20.35667,3.379426,-35.76007
102,102.png,18.99275,6.86829,-140.0958,4.411642,-46.01725,29.61428,-8.233677,7.848532,-8.363707,-3.792751,-7.245681,-14.63034,13.51481,-24.1916
103,103.png,4.405128,35.17596,-179.4574,-21.88749,-9.789078,21.15295,-10.81172,-2.216276,8.773884,0.701769,-3.64785,19.37643,2.250667,37.82002
104,104.png,0.156853,27.97095,-66.27081,0.045412,-115.1063,-11.34313,1.08646,-6.379075,17.04783,11.12878,-3.070661,29.41056,24.17767,-31.73528
105,105.png,-7.13106,15.92461,-152.0161,-17.74242,-1.201439,3.146391,2.294319,-7.052727,-12.72951,19.18881,-20.98552,-23.79241,2.411939,10.89653
106,106.png,5.172939,4.06258,-42.3564,-10.1285,-50.03136,10.2801,-11.77207,6.444876,-6.376707,14.84765,21.10605,22.92019,8.873697,5.431019
107,107.png,-17.61494,23.77644,-41.33976,-15.82298,-18.66363,7.27466,-10.53798,-0.658546,-10.74002,1.014507,10.36721,28.04757,10.004,-13.66372
108,108.png,15.56013,36.03146,-35.4389,4.67439,-0.251953,5.695086,9.400134,-6.986957,-6.051863,13.9331,22.7065,5.774434,27.23219,-28.62748
109,109.png,8.371262,31.94218,-80.1403,9.919477,-58.36288,23.16327,6.898012,6.522867,-16.69194,-14.53171,19.02766,16.99751,24.52239,-9.270435
110,110.png,8.781586,6.346928,-174.4582,-28.86443,-156.6692,-14.70378,8.442744,-5.246358,5.196619,-8.004282,-2.359024,11.32423,18.77651,-27.99271
111,111.png,-13.88604,-14.20987,-130.141,-12.11942,-10.45847,17.82836,-2.352983,9.851489,-2.112982,-16.29506,1.475275,-23.22625,14.88229,-1.046444
112,112.png,9.0844,-27.44839,-80.44338,14.60098,-53.68749,0.382874,9.273643,8.840647,18.3191,-1.802771,-11.10295,-18.04153,4.374368,-9.722027
113,113.png,-5.38932,38.91743,-9.026474,10.3631,-161.1155,22.15461,4.536057,9.743999,-5.830286,0.4443,2.638352,26.86739,12.11434,39.93621
114,114.png,14.78403,31.24375,-154.8654,7.060553,-116.7496,-11.04743,-8.999706,-3.591379,18.28288,16.42445,-15.04671,17.85672,11.15824,10.98083
115,115.png,3.81336,31.50714,-55.23795,-25.2003,-177.3783,14.11371,-5.778513,-3.652934,-19.72805,-15.65369,-12.84748,21.37819,13.12139,27.72359
116,116.png,-6.341249,23.55311,-102.3811,13.80265,-28.65702,5.923127,-1.213169,-1.223535,8.488855,-17.88932,21.93034,-27.44138,22.83088,34.95528
117,117.png,-10.86276,-6.893898,-23.96084,-3.765841,-25.53661,29.78716,-3.226406,9.053902,-13.71009,-15.61602,1.686941,-8.399445,10.55683,-6.68655
118,118.png,13.89146,33.19267,-139.6612,-3.507975,-95.32813,-13.95022,-7.095088,-6.751167,-2.517708,11.56911,10.00258,-7.283089,20.04344,17.1728
119,119.png,11.64509,0.607304,-52.67215,-14.98742,-92.71344,10.38348,-7.736212,-5.113237,14.62456,-4.709213,-9.344913,-10.3661,21.47222,38.50646
120,120.png,-18.24419,19.53859,-156.8787,-29.26161,-37.90749,3.108625,-10.13633,-8.07184,18.19119,9.221263,12.26163,21.86686,17.05897,17.3643
121,121.png,-9.978664,-34.16569,-83.25717,1.643231,-86.74005,26.53329,5.040744,7.166782,19.73858,-16.73286,22.68776,2.192642,8.728088,9.429375
122,122.png,-4.246094,-1.490322,-33.13237,11.51621,-42.54963,27.26417,-3.10965,-0.842256,-18.94898,3.73317,-17.08638,16.47066,8.028676,-31.61198
123,123.png,3.785889,38.73687,-121.1423,8.366552,-146.8275,-2.413946,2.407164,-1.977781,-5.661219,3.076002,-15.18471,-28.92671,20.68783,38.8598
124,124.png,-9.902384,-37.64456,-45.95968,-18.12383,-166.1652,-12.74731,11.10002,8.448374,-12.6472,-12.51464,19.06466,-17.73805,28.47445,-35.20866
125,125.png,11.18269,-21.36417,-150.8656,9.204159,-178.5184,-13.45849,7.752728,-6.575487,11.82895,-0.2124,3.609013,-20.68871,8.445169,26.03096
126,126.png,14.23396,7.486626,-163.0771,-23.60419,-139.331,21.88734,4.338818,-8.61614,-11.0371,13.22005,0.328764,-24.05908,3.578185,19.31914
127,127.png,19.53663,-9.538101,-126.357,0.921132,-0.051346,12.93321,4.191215,-2.183591,-11.53522,2.085983,-16.90521,16.4257,23.47327,38.93564
128,128.png,8.366828,-0.17178,-113.7218,-27.54668,-66.01631,1.626609,9.066956,8.052404,9.382767,16.97969,21.75038,-2.516023,0.918235,-29.55232
129,129.png,-8.4573,-12.02996,-62.62817,14.29116,-70.74175,-3.674955,-7.41827,6.811028,6.097492,-6.134804,3.870938,-25.65228,10.34758,-30.9404
130,130.png,6.226505,29.18391,-94.11562,-1.164805,-66.65434,-3.476755,10.62898,1.002001,-6.497681,9.26208,-19.88271,9.189125,12.11137,39.44612
131,131.png,17.01949,2.167992,-59.19308,-11.12017,-72.00803,24.0133,-6.484558,8.524683,14.50894,6.833238,11.66597,14.02357,4.536649,0.159706
132,132.png,-19.39376,-18.3052,-10.64745,2.581194,-67.97169,0.069946,-8.276691,-7.754665,3.378599,6.604114,-8.293537,7.21154,21.73759,-22.55915
133,133.png,17.49712,-17.06754,-92.36016,-29.68076,-44.06872,14.86674,-0.788609,-0.18931,-12.51663,-13.46046,13.99358,-11.68049,8.515998,7.799068
134,134.png,-3.925055,22.1272,-126.5252,11.18101,-69.23866,26.6322,11.84828,3.45978,-4.853828,15.69826,-21.19572,-29.22401,14.31057,4.792477
135,135.png,11.79936,31.31643,-146.894,7.836222,-24.29485,-8.213813,-9.887051,4.487116,0.749271,-6.43339,9.385269,-5.158077,5.966152,-0.202976
136,136.png,-4.052961,-39.37542,-11.24384,-3.201333,-52.96213,-2.452291,-2.017019,0.044369,0.274851,8.666015,9.997493,-7.899967,9.87513,20.61392
137,137.png,4.015396,18.98105,-161.9825,-13.11629,-72.15707,8.181745,-0.392757,6.757385,17.39226,-9.349386,-27.41663,-29.8902,26.28053,-21.0424
138,138.png,-17.69467,2.514072,-98.0211,5.405356,-48.22282,6.960884,-10.26451,0.33423,-6.766623,-11.10147,-6.529115,-27.34874,5.603646,-33.15555
139,139.png,11.28926,17.74643,-107.5755,-11.02487,-12.19057,5.366912,7.280714,-5.435373,0.187967,11.26621,-22.8773,-22.94899,12.64666,2.112965
140,140.png,-9.319098,21.62222,-75.34234,14.69437,-141.319,13.68229,-2.409781,4.629457,-6.158211,15.75513,-4.986137,-10.10077,14.81963,24.71164
141,141.png,1.755226,-33.74252,-173.4583,-4.130403,-95.90192,26.48823,-3.366884,-5.25915,-13.28871,-2.190626,-23.91869,24.36171,17.36415,1.52599
142,142.png,-4.852678,34.43188,-179.0205,1.61245,-55.89688,-7.893064,-9.596794,-0.900699,-2.679461,-16.59613,18.05056,-28.74434,4.124773,36.43773
143,143.png,0.928299,6.856552,-154.8319,6.652954,-85.63494,-11.87097,3.956826,-3.461123,-18.51617,-14.94296,-8.808206,19.56412,28.58604,0.162586
144,144.png,-14.53041,-5.206284,-25.556,0.355487,-127.6433,1.085553,-5.223074,3.213629,-12.07712,6.646762,-6.095978,-12.87366,7.60542,-35.87114
145,145.png,5.303688,-5.698227,-74.53632,-29.66703,-146.8761,-11.66078,4.368854,-3.342582,7.07097,10.5587,-23.01403,-5.737206,18.90142,-27.76226
146,146.png,-5.634138,36.03265,-21.09216,-5.165451,-49.48243,1.313729,-11.22219,6.677258,-18.49201,-9.670288,-3.361798,-18.92788,27.51358,-2.849335
147,147.png,12.5112,-20.3161,-127.7268,9.74537,-175.9788,0.800906,6.549705,-2.857395,16.70784,3.175423,-16.70642,-10.3728,9.576811,-17.48833
148,148.png,-9.449045,-13.20787,-16.49881,-12.78056,-123.1992,-2.750504,1.766062,-9.403431,3.220098,-10.26439,4.847885,-18.15114,1.902702,-28.37516
149,149.png,-13.97144,32.40619,-151.151,-4.177626,-168.9588,9.408111,6.722011,3.497217,1.920759,14.90899,-27.07203,2.766048,25.51795,-39.21005
150,150.png,7.856231,-17.05353,-30.17548,-14.81866,-159.8828,7.012678,3.792574,-8.643219,-16.01286,-7.594234,3.770682,-7.069405,27.19157,2.406765
151,151.png,0.918648,-32.80768,-154.1995,7.853199,-159.0965,8.698864,-4.131016,-0.200385,-11.2783,-19.15993,-5.855216,19.9325,29.34163,7.921967
152,152.png,-16.41276,-17.99699,-140.779,-18.95393,-30.74906,-9.034579,2.552052,-0.178939,-18.17094,16.98336,-28.51299,1.188057,20.92411,-24.86665
153,153.png,1.970146,7.076012,-114.0808,0.414077,-173.3145,7.676042,5.605333,9.624235,-6.840714,-13.38117,-14.66243,18.72424,29.24792,22.41908
154,154.png,17.98506,-32.92053,-94.17254,8.664745,-178.7984,15.75788,-6.141629,-2.537755,-10.8413,-5.207264,-27.91891,23.4917,5.0773,-32.81033
155,155.png,-10.84534,35.98164,-80.63461,-4.332931,-92.91115,3.152126,2.773205,-1.843175,-3.231766,-12.7828,29.21906,16.03758,3.098663,-39.98222
156,156.png,7.684144,38.52777,-58.77956,5.12697,-138.6365,17.96188,2.363644,-2.910601,-9.273689,14.61893,-7.303509,-27.03128,14.25462,-24.38561
157,157.png,-18.51752,-6.098656,-140.8,-22.33753,-53.30159,3.639359,5.333144,6.481096,-6.166752,5.720676,-24.21925,-5.083034,24.92618,-24.1058
158,158.png,-5.95701,4.557663,-26.00016,-15.4086,-15.9311,14.23915,7.90428,-4.015354,-17.67085,-19.74919,-28.5015,13.12112,2.853059,-19.85655
159,159.png,8.412848,39.78187,-178.2233,-2.612556,-145.0421,7.627617,0.714716,-5.521648,16.72054,-9.611729,-23.6904,-2.046894,23.6091,-35.85799
160,160.png,-4.462154,9.735836,-47.23154,-25.30033,-127.4992,-12.10432,9.006592,-8.663351,15.11713,-4.991199,19.6324,-7.756373,6.164367,17.5019
161,161.png,-3.433191,38.62753,-23.60269,-6.098404,-50.86091,-10.63252,7.628474,8.699707,3.009346,5.745387,2.092813,26.54065,17.12276,-26.75481
162,162.png,16.94282,-21.81496,-152.8946,-9.86783,-30.13608,-0.879524,0.226185,-6.7878,-3.544453,-18.31719,26.89768,-19.69474,26.1376,-6.289268
163,163.png,4.821594,-30.84192,-88.30913,-25.18878,-149.3566,4.533587,-9.780876,-9.387114,-8.381636,-14.68552,1.959969,29.36774,3.677902,2.966553
164,164.png,5.621509,2.528976,-69.47817,14.0337,-151.1788,13.95148,10.41655,3.579573,-9.087494,10.69161,-2.426208,-17.33502,6.737616,12.21577
165,165.png,-7.468245,-21.6681,-94.70025,4.15312,-145.72,3.913412,-9.373657,7.750022,-19.7182,16.99718,29.17746,-22.5498,6.207086,-18.43126
166,166.png,-4.217651,21.81259,-85.54851,7.179306,-159.9782,16.62123,-3.541365,-5.288288,-15.27346,14.09241,-19.07748,-26.49224,1.368073,0.709568
167,167.png,10.46837,-19.20735,-9.442902,11.42523,-112.5963,10.5253,-10.80035,3.941984,-0.939386,-16.41595,-26.10019,14.18014,27.86415,-31.92583
168,168.png,16.85194,-27.04045,-68.85223,-3.955876,-115.736,-13.90321,-1.587345,6.999565,-19.02683,19.29332,27.87819,24.31359,27.63105,-20.13904
169,169.png,12.19704,30.25429,-32.69553,-8.380743,-12.41451,4.368299,-8.723648,4.042969,-1.038334,-7.01956,-19.27392,-5.284771,2.290667,34.84495
170,170.png,-14.16891,-23.65875,-30.0893,-0.67778,-86.63103,1.689174,0.941824,0.46908,6.18544,-5.125973,-8.254292,9.354358,2.316388,14.77964
171,171.png,0.42322,-8.546043,-16.15832,-9.61625,-123.2706,-2.0981,-4.922626,8.161327,-3.37199,5.973678,5.650517,5.847384,15.90999,18.24664
172,172.png,8.339281,-33.54132,-138.1855,-27.65063,-87.08932,-7.236244,0.912651,9.581173,-16.66351,8.108677,3.790844,-3.31015,5.425097,-28.29173
173,173.png,-14.21819,2.042061,-77.34763,3.305874,-158.9185,26.07133,-0.841654,-3.223501,9.418659,-4.330919,5.54292,-22.04211,23.72954,-16.6214
174,174.png,1.276905,-28.08402,-79.56613,-9.656216,-151.0216,24.72846,-2.143757,-6.796269,-0.91469,-12.96275,-28.40335,27.96596,13.28751,14.74458
175,175.png,2.007874,-8.13147,-85.03125,-0.871715,-93.12459,9.078617,4.941589,9.256481,-4.818438,-5.532658,-20.82715,26.89543,12.72114,31.7995
176,176.png,12.39779,28.9199,-56.6214,-15.67245,-105.4865,3.445554,-8.783335,0.948967,13.98907,-2.156488,-6.957138,-5.392567,0.252868,30.7935
177,177.png,19.58682,3.699364,-81.05901,-23.14268,-126.295,12.31728,11.86454,9.68431,1.306002,6.697235,-21.05111,0.186649,9.227323,6.59203
178,178.png,14.52042,34.48056,-105.6327,-21.18391,-141.9842,16.7784,4.169448,-0.014481,-12.65639,10.90692,13.82879,-25.12037,26.46156,-31.91814
179,179.png,8.687706,-32.90096,-90.08316,4.713781,-82.40058,-1.577864,3.733225,-7.232941,17.44089,10.8614,-9.417998,-27.19637,12.81595,13.68328
180,180.png,-14.46683,-10.11524,-112.5756,-20.18023,-46.38033,-10.13768,-5.581985,6.133285,-19.35528,-4.901445,-26.97652,-26.09874,3.618042,-2.161011
181,181.png,-13.74279,-31.65405,-113.375,-21.46645,-127.3007,17.43828,-2.722454,7.812191,-5.082624,19.89687,2.697848,22.78104,28.88076,2.287334
182,182.png,-16.28405,-5.095543,-54.09673,-2.36287,-138.6996,22.79673,-3.658783,-2.2008,17.8047,-19.88657,9.579162,-23.78935,9.28032,-25.3694
183,183.png,8.522558,-31.61301,-117.2062,9.040957,-162.0523,28.48302,-4.308172,0.592323,2.168419,-19.55943,24.06691,8.336799,27.75566,-20.21114
184,184.png,-18.31676,9.068645,-123.1244,-12.67119,-172.2516,-7.381952,7.559025,-6.618326,-12.7872,-11.63964,-9.193585,27.84342,21.09135,30.31465
185,185.png,-0.059813,-18.99002,-85.85572,-28.15395,-104.5516,21.79146,-1.269913,-5.531713,-13.4763,-12.61466,27.62814,-16.06763,28.66828,-4.332043
186,186.png,-10.62384,31.27719,-107.4202,14.00199,-138.1749,8.834762,-7.523995,-7.656118,-15.07057,-13.22268,-18.02972,25.27326,21.10778,-16.11312
187,187.png,-0.628584,38.57927,-68.98145,-9.532763,-100.2426,-1.832995,5.608386,-1.079024,-19.35171,8.000383,4.906386,11.55627,24.86657,17.11264
188,188.png,-15.10886,-10.33813,-101.2527,-4.251456,-11.46653,7.172773,-9.781397,3.7029,-9.378908,10.46101,-24.25491,6.192009,20.9478,-0.846954
189,189.png,2.258175,-16.05732,-112.1339,3.999515,-121.4426,29.44727,-8.195724,0.088791,2.497995,-8.489206,-26.1759,-10.91666,24.50188,-10.88077
190,190.png,-3.971436,-25.32142,-134.7481,2.409807,-98.83948,23.6171,-3.1343,9.19408,14.65293,-16.79417,27.41392,22.80733,0.791942,-38.15163
191,191.png,14.30859,-5.278145,-27.48398,-8.754568,-130.4391,23.86679,7.182168,7.941547,7.269582,14.91879,-15.93243,-16.57515,22.45684,-21.08877
192,192.png,6.977348,-4.563957,-134.5305,13.13514,-120.7124,-11.86163,0.530504,-9.018021,11.97741,-9.988459,-0.328957,-8.561687,6.647891,-34.50616
193,193.png,15.64841,36.07414,-105.9245,8.984095,-134.2784,14.17214,10.35402,-7.992399,4.682447,-19.8916,-0.255673,5.034675,5.559178,-37.74426
194,194.png,9.606323,35.87806,-135.1859,-0.860889,-154.2169,20.4378,0.969753,-2.718493,-1.420658,-19.35574,5.58799,-9.931915,1.856954,-0.225796
195,195.png,-13.21186,-34.68196,-98.28529,13.70043,-139.1012,-11.52883,11.39407,-6.028488,-5.983141,4.034597,12.99082,24.87376,12.21453,15.95099
196,196.png,8.692627,29.20937,-86.46583,-22.72437,-43.99394,13.69546,-8.121677,8.501372,6.273693,-13.40768,12.5673,-1.597326,22.15066,2.860703
197,197.png,2.671955,24.11575,-36.66954,-22.92116,-23.73783,17.31021,-6.294666,7.868597,9.683905,-17.58459,1.113293,-8.488987,17.82098,-36.47865
198,198.png,19.68506,9.917255,-6.387329,-0.569275,-174.6408,29.63296,5.771701,0.664869,16.94114,-16.73304,-13.0871,-3.428261,26.11512,-10.28805
199,199.png,-9.816734,31.73522,-135.2151,-9.257542,-60.15522,-11.85449,0.26329,-0.691051,-1.354706,-8.77743,-5.258084,7.833774,23.50621,12.49746
200,200.png,2.480738,5.615219,-2.129913,-27.53829,-106.0233,0.652639,6.120686,-9.022087,-10.21548,-17.70587,8.924873,23.64806,2.134051,-11.0441
201,201.png,9.787731,5.645042,-34.71446,-8.603323,-162.2596,0.943133,-8.892956,9.111724,0.742891,-14.23327,22.99002,8.315848,24.22195,-30.23373
202,202.png,18.68164,25.59379,-64.13255,-24.42682,-25.70412,2.888014,-2.373987,-3.006402,15.07376,10.64212,-5.707237,18.1888,5.894473,-29.9902
203,203.png,-0.891836,-16.10066,-41.36458,-2.996504,-0.102913,11.49796,11.3288,6.160469,9.392761,6.025195,-24.62701,-2.351543,20.82915,-10.14254
204,204.png,3.447296,-13.2567,-81.25925,-24.56976,-100.4391,7.544377,-2.980381,1.776175,15.06403,-5.919207,-11.8724,29.33998,20.81757,30.02771
205,205.png,3.003967,26.60888,-107.056,-23.57545,-14.6913,4.433884,9.851093,-5.580118,7.428326,-3.322237,-14.45072,6.010384,29.05855,-4.93317
206,206.png,-5.465868,9.638008,-8.431793,-14.40653,-175.7547,26.4347,-2.65312,1.543575,-11.62976,19.99559,-20.59663,25.7426,6.120196,-17.56188
207,207.png,-19.95934,-22.58739,-51.54788,-26.61096,-12.91553,22.78622,-0.021942,-7.634991,9.488668,-1.566437,-1.275505,-20.93127,14.27899,19.24149
208,208.png,-13.16016,18.76462,-179.0595,-8.72162,-58.2557,16.37998,9.160166,6.188873,11.59748,5.223426,-17.99955,-19.03395,29.58925,-1.904873
209,209.png,-6.389378,0.873123,-17.96085,-23.16626,-49.31332,9.00977,-10.54102,-2.897281,-0.661123,-17.17617,6.27261,1.79752,6.547255,-20.88236
210,210.png,18.52776,27.66878,-111.8594,2.114211,-30.49807,24.94521,-0.498072,-6.91869,-15.80315,6.724075,3.230292,-3.645026,29.97741,27.91718
211,211.png,-10.06964,-28.76641,-30.28766,4.440089,-34.35831,24.24367,8.340045,-0.477072,-11.88749,10.98192,21.58155,9.682673,24.7952,19.33326
212,212.png,6.508536,-19.60876,-177.8269,-4.059651,-63.29589,1.004256,4.816228,-1.410164,18.92544,19.17074,-14.85171,-8.28278,28.17673,-6.314682
213,213.png,19.08865,-6.704811,-84.32774,-17.34126,-40.4525,2.939453,0.820852,3.494248,-9.962704,13.54806,-18.30322,9.37007,7.114713,25.53721
214,214.png,-11.24261,-21.61898,-58.61953,-27.79675,-173.216,-3.50656,-5.206377,6.085178,-5.175484,12.31728,-4.903926,-20.02197,23.46604,30.26215
215,215.png,-1.460278,-35.97762,-97.76434,-18.95677,-4.492783,-9.412647,-6.907914,-7.220676,-17.01816,-18.07745,6.744079,3.346756,27.62851,32.51707
216,216.png,3.280905,3.54052,-64.5888,13.5685,-65.85607,7.360888,7.742386,5.051624,-10.71938,-17.78531,5.517529,12.04461,8.286532,-38.25284
217,217.png,10.51947,-22.36738,-41.09065,-2.516931,-98.39957,-8.735744,-10.14678,4.029295,12.05962,2.298248,-18.90675,-5.82225,0.29191,19.87977
218,218.png,-5.447027,21.3606,-104.8109,8.851925,-155.4305,27.57974,6.713702,-1.318473,-17.20593,-15.11459,-17.37589,28.24425,10.08977,-25.70368
219,219.png,19.69709,8.370766,-131.5174,-20.90038,-96.0836,-2.468336,1.603811,-1.073226,17.40682,2.230122,-0.428213,-21.428,14.98159,9.894413
220,220.png,6.350407,-3.484711,-166.8328,-19.13964,-17.85573,-5.560309,-5.137983,6.706119,-9.920118,8.790936,-7.082366,21.10776,17.03081,-4.025131
221,221.png,-0.880821,24.5765,-160.3946,-28.37541,-179.8313,25.04634,-11.18011,4.671614,19.23366,10.82121,27.5446,22.80331,12.73957,-31.54382
222,222.png,4.645718,38.25583,-46.19131,1.780136,-28.65726,-8.361254,1.924841,-7.208498,-11.09811,-16.25622,-26.60086,9.669963,3.065854,37.00658
223,223.png,16.91071,1.79707,-144.3464,-14.59001,-107.5277,10.67897,0.41095,4.657204,-10.36998,-2.64757,16.95642,23.17903,10.15034,27.44533
224,224.png,-4.636009,-39.32793,-51.31684,13.66041,-76.26995,-1.956426,-2.097328,3.531766,7.745351,-18.85786,-1.714371,8.91775,8.026451,-3.010098
225,225.png,13.50757,-30.78126,-178.0596,9.744055,-44.88579,20.19454,11.66405,1.197924,-15.88316,-14.75837,-6.715618,28.97894,15.93936,29.99493
226,226.png,-10.20443,-30.20847,-166.4828,-8.616108,-43.44868,18.1238,-7.88689,8.911379,7.325162,-7.079975,11.15179,21.79103,15.07996,0.152317
227,227.png,17.09279,-10.17398,-172.8365,4.263787,-7.096329,-11.15768,-5.469545,1.022988,-2.215054,-12.00442,-6.52589,-26.13722,8.522364,-12.32916
228,228.png,12.51641,28.10219,-37.11146,2.27347,-105.9073,22.24068,-4.425508,7.337942,-18.88407,-19.97977,-22.41309,-26.29467,8.628729,38.30661
229,229.png,16.82892,-5.393711,-97.59637,-1.712379,-88.54935,1.692264,-2.770973,-4.730407,-12.83774,-8.707865,15.27582,-24.38326,24.3347,-2.497192
230,230.png,3.723967,26.47515,-74.69547,-13.52551,-76.79423,17.8635,7.14034,-0.635318,16.7785,15.46196,-16.37752,-8.601505,4.385033,14.8397
231,231.png,18.12648,26.69808,-134.3709,0.426126,-164.0061,8.395926,2.812183,6.494865,-14.51881,-11.86099,1.811903,-7.741096,26.58368,34.95138
232,232.png,-19.99038,-20.99446,-74.48672,12.64936,-145.4093,2.278638,-6.3395,-4.055596,-0.199673,14.65475,-3.092977,-16.54752,14.82092,13.70201
233,233.png,-19.93114,24.36299,-175.8284,-0.726211,-64.93783,-1.14921,5.275629,5.173202,-8.137243,2.596313,19.50097,-17.55294,3.593069,24.79111
234,234.png,13.72917,21.21239,-65.99423,-13.48967,-53.38774,7.111206,2.855379,9.358274,-2.751152,14.6347,-3.498763,25.82376,28.0181,-31.64519
235,235.png,-15.81973,39.93695,-20.22424,13.59516,-109.5506,9.911694,7.716614,7.010017,8.938522,-15.85956,-8.566907,23.94582,26.80797,31.30856
236,236.png,5.382757,-31.23264,-63.81075,-24.85863,-136.0549,-12.71591,-10.48448,-2.688521,15.59996,17.10163,2.895687,-14.60545,6.562936,13.72422
237,237.png,-2.54347,2.774559,-107.5001,-29.14747,-147.7035,2.093512,6.564193,-0.965146,-6.382463,7.428192,-6.206478,-7.458669,18.72243,21.76533
238,238.png,-13.3049,-1.250938,-147.4625,-27.9392,-103.1895,-6.353229,8.648898,-5.950087,1.264545,14.71466,15.71316,4.902317,6.287066,-34.13013
239,239.png,-4.656523,25.19764,-18.23866,-2.394552,-38.0571,13.97216,-2.940035,6.01974,3.414677,11.27229,29.34752,25.94662,16.37019,-14.22994
240,240.png,3.748568,-31.4353,-52.79899,-27.53137,-113.9994,22.69084,7.03668,-3.776394,0.049208,6.425652,-4.845318,16.56791,22.64626,-28.78537
241,241.png,9.646239,-14.05286,-174.6752,-22.54923,-57.07331,-0.647722,-6.406269,5.450994,14.53377,1.303312,21.63251,-9.497692,7.680092,29.78614
242,242.png,-0.08774,1.588139,-97.43413,-17.99504,-126.0391,0.662848,2.169643,-1.201297,-2.386057,13.00571,4.170616,23.92384,3.5601,8.362041
243,243.png,-3.953808,27.77353,-26.91181,-15.30832,-91.35109,18.34529,10.8506,6.970287,-9.179155,-2.156237,26.04574,-23.86699,22.91338,-36.31829
244,244.png,2.232687,-8.39743,-2.017212,11.38662,-123.4172,26.60079,6.536951,5.173151,10.78208,15.79516,-8.942153,-1.779266,3.021208,-20.65887
245,245.png,-11.09776,2.011742,-103.7872,-21.7905,-51.2296,19.35244,-11.21469,4.248888,18.55518,-2.79105,-3.506237,27.89815,14.92891,-22.2681
246,246.png,19.59349,-34.73021,-41.81936,13.66717,-50.4615,0.21714,4.072254,1.834827,11.60198,3.005411,-15.51495,-4.413288,7.150408,-7.324501
247,247.png,-16.60101,29.40773,-162.1714,-1.159023,-42.51559,21.74976,9.788837,7.191849,5.387992,10.61498,-8.096734,-20.19822,11.36786,2.374912
248,248.png,-6.797001,8.579735,-28.53317,11.46397,-153.3552,22.07431,-1.459566,0.979138,-7.591618,-5.471762,-29.62472,23.69001,17.15405,22.22705
249,249.png,-16.06979,-36.29596,-13.26305,0.281447,-113.2054,-12.45184,-5.761452,-6.060507,-2.434166,-14.16951,-29.7079,-25.84271,16.62098,-9.531914
250,250.png,13.75466,-36.43138,-135.0827,-7.450006,-134.1178,-5.968391,-0.947275,-2.026094,-10.24986,11.97298,2.241558,20.36052,14.4317,-6.909431
251,251.png,-0.642778,3.375668,-157.3464,-11.90803,-14.88851,-6.672272,-2.17322,-9.091959,-11.5728,-7.248203,12.82719,18.29196,11.84966,21.29627
252,252.png,10.44611,-4.384598,-36.00323,-26.63647,-139.3152,28.87459,-7.64405,3.185493,-1.442059,15.60465,-24.9871,-20.86943,10.3694,9.427132
253,253.png,-6.441381,-17.24706,-21.46194,-12.32825,-73.7711,24.63461,-6.050468,-4.933852,15.35019,14.6165,18.09755,22.32531,29.58,33.62918
254,254.png,-0.09309,20.12576,-145.444,5.666968,-93.93608,9.040835,2.81851,2.701545,-13.4717,-4.886721,15.51369,12.52801,26.51003,38.65244
255,255.png,8.931812,-20.82067,-24.05946,-0.247228,-112.4504,29.19973,11.75437,-2.030095,-17.34665,7.292857,-18.15087,-13.05293,23.87313,24.62279
256,256.png,2.685043,-38.05312,-30.86826,-14.45605,-91.91371,6.318779,-5.72653,-2.68423,1.912401,-14.23907,-29.73792,-25.50151,28.08845,13.23182
257,257.png,14.74039,-15.88694,-94.72248,-9.358984,-134.6336,11.07409,-8.119532,-9.942402,3.074873,-5.837915,-8.137138,4.407681,18.78977,-17.17659
258,258.png,-14.32125,25.63199,-160.6933,8.525682,-65.2724,-0.365318,11.29031,-1.667775,5.230379,-14.54364,21.9883,-29.89459,25.72688,-20.55827
259,259.png,2.498371,-30.71507,-52.64394,-23.32091,-106.0032,-2.978079,7.507593,-5.461981,15.3989,-18.20658,-3.305229,12.02325,9.627148,-17.49409
260,260.png,15.54012,-2.319492,-126.1191,-18.69105,-137.0476,-11.84789,-10.42076,4.80546,-3.559458,15.56706,21.10443,12.22715,13.4496,-29.56307
261,261.png,13.43945,2.905861,-99.61362,-18.06682,-146.4038,25.96658,-8.518669,-9.786354,-0.126131,5.136046,15.47111,-21.3161,16.41378,33.07385
262,262.png,13.73636,-30.70042,-0.25264,0.082803,-141.5366,24.02578,6.450468,-9.633327,-0.588209,-2.171452,-22.95095,3.060697,16.60544,-37.22813
263,263.png,8.357916,-39.81995,-163.1418,-16.12688,-106.3295,-13.64975,-11.2332,-2.851409,19.09626,-18.00704,28.3197,-1.87162,11.34819,11.17221
264,264.png,-13.02702,-39.74107,-147.6379,-25.63073,-139.3044,27.78431,1.204887,3.186008,-17.73843,-8.007734,-24.52251,-21.06959,0.186757,-19.05033
265,265.png,-11.36015,-30.49618,-130.1152,-9.187975,-21.2128,15.38524,-6.792149,4.759698,5.600719,-9.49435,23.29375,-8.608228,7.743021,-19.81001
266,266.png,-18.7779,26.31115,-129.313,13.34677,-79.02229,19.15134,7.269762,-9.03475,-7.853172,14.39213,-25.8737,-19.80864,21.53202,33.89647
267,267.png,18.3878,-4.585339,-35.08924,12.16339,-94.66383,28.88572,0.335791,-2.363523,-15.79631,-18.27291,-22.53119,13.14603,3.929465,15.35687
268,268.png,6.230449,4.967686,-167.8288,-6.646797,-63.30106,-0.914758,11.34059,-5.896929,-14.31204,-9.312298,-5.958378,10.15782,4.275777,-38.77616
269,269.png,-4.249142,14.79624,-25.7338,-16.2518,-92.36868,24.70141,2.094238,4.028192,-7.231371,8.033419,-19.67612,2.968323,22.97922,-29.22693
270,270.png,-7.111141,-15.14655,-164.8802,-7.858003,-80.27647,17.24396,-11.41405,-0.319491,-15.31077,7.51316,3.077499,17.0296,0.751698,-27.13208
271,271.png,4.146864,-16.72893,-10.93764,11.5417,-145.6002,-3.658239,-3.245901,7.488403,19.50454,-11.25914,28.07229,-27.00004,12.65521,-34.09665
272,272.png,-0.09734,31.22456,-102.9808,-4.888196,-121.5117,28.01871,5.265228,-7.295681,9.47718,-14.58489,19.81997,-25.40816,22.8891,37.31377
273,273.png,15.77091,-25.631,-22.97647,-0.12531,-80.04971,28.96504,-6.272129,0.320331,6.15241,-7.772673,19.90562,-7.258613,4.584499,33.98309
274,274.png,-17.35001,22.01015,-151.5676,-17.25255,-65.12865,-12.11853,4.582943,4.90041,19.71957,11.77688,-4.895885,24.47025,2.840563,39.49127
275,275.png,-12.59893,29.25859,-137.502,8.257742,-134.525,15.55793,1.57502,-8.053123,12.28173,-11.34894,1.730064,23.38857,12.60185,-30.15593
276,276.png,8.652029,-32.03056,-48.44222,-13.97379,-63.54789,-4.105355,-10.21696,-5.38538,-13.53802,-0.981005,-14.10373,-16.37665,21.18522,-16.8257
277,277.png,5.12988,37.54369,-2.21804,-16.07629,-150.6156,22.07645,3.737969,5.405827,-13.60823,-6.110018,4.9851,6.885077,19.27895,3.415047
278,278.png,-4.599865,-18.18807,-75.46894,-15.7605,-6.996895,20.48198,4.746142,-4.245506,-11.19163,-16.21877,6.425755,14.51935,25.73206,6.979259
279,279.png,2.207968,-16.29198,-130.569,-9.877378,-78.19818,-13.85078,-1.42893,-7.148891,18.30886,13.66177,0.276171,19.40158,8.457854,-39.54136
280,280.png,11.09256,-11.50461,-17.36684,-12.99008,-35.822,24.42733,-1.478252,5.785465,14.70382,-13.83974,-16.02676,1.569553,29.51577,23.28001
281,281.png,4.09807,19.49055,-163.5475,-5.159813,-72.20059,3.783255,-1.424702,-3.058363,-16.83977,-12.28134,5.138451,-27.91771,13.14562,-9.667736
282,282.png,-18.98559,-35.49808,-62.25491,-14.40986,-126.5745,14.272,-10.79088,7.56752,7.607063,8.38789,3.39061,6.820481,21.43148,-34.4727
283,283.png,-7.558443,-28.07053,-79.34119,5.590584,-7.112038,-3.896287,-0.152929,-5.219989,-5.239227,9.726372,8.576345,-18.21834,23.72058,-0.290009
284,284.png,-0.127962,-18.8858,-107.9976,1.063858,-36.63883,4.846059,-5.10532,1.26237,-12.60788,13.18694,17.67595,-14.05778,10.22353,8.157593
285,285.png,-17.21318,37.17822,-115.8872,-1.776113,-53.86121,29.31951,-3.973925,-9.001297,17.7478,18.3978,25.27954,-10.05804,7.240741,-15.80509
286,286.png,19.91148,15.82104,-60.16333,-29.35458,-122.9383,9.659901,-9.252979,5.324709,-13.69257,-0.65296,26.72801,29.90884,18.51977,23.55516
287,287.png,16.71854,20.30198,-77.84643,-24.81197,-82.87248,-0.688128,3.112326,-4.230801,-15.92483,13.0728,-29.24615,-2.91919,7.845009,-23.17369
288,288.png,10.95705,30.11252,-164.0502,1.218192,-87.32014,13.1038,6.159175,-3.766355,-15.0753,-8.169668,-14.43781,-0.144779,14.22917,9.398483
289,289.png,-12.68761,-1.369194,-65.84248,-5.407751,-135.9176,7.698958,-5.06617,0.560194,8.712196,-18.22087,-18.47675,13.75945,3.195691,7.739319
290,290.png,-5.903408,17.97428,-25.67866,6.599482,-134.5307,16.84675,-3.022844,-2.364536,-11.91829,-5.886518,2.211395,25.42686,18.43107,-33.59951
291,291.png,-7.443312,-15.17585,-174.5478,8.569281,-76.29852,23.45904,3.36577,1.923608,6.40779,14.77029,14.83073,25.05493,13.94441,7.544559
292,292.png,11.33458,-37.64932,-57.63656,6.760071,-118.1472,21.98133,-8.642218,0.669757,-3.969528,8.204941,-9.452946,27.36504,29.15687,0.07336
293,293.png,17.08952,13.7933,-179.8763,-15.37831,-61.07131,23.32173,-6.138774,3.67959,5.333179,-0.073088,-19.61662,17.27032,8.132231,0.164696
294,294.png,-6.273783,3.632389,-16.43555,-22.10917,-130.6767,-2.918266,1.52051,3.656063,10.77634,-7.629253,-16.54865,9.746382,17.82176,-23.32276
295,295.png,12.25544,-9.455963,-5.904594,-29.74845,-34.06563,29.22892,-11.92738,6.399679,7.500476,-15.85923,-2.525006,-1.596018,14.05174,-10.95716
296,296.png,6.822734,0.532414,-2.595802,-17.34341,-171.1387,8.563118,-0.276934,6.713564,-10.81783,-1.578568,-23.3964,3.047523,16.10292,-20.44256
297,297.png,-6.987617,16.5199,-139.3893,4.007303,-132.83,-11.41871,7.118427,3.252578,-3.460796,14.94491,-23.1986,8.280235,21.409,30.92835
298,298.png,13.60398,-11.0288,-52.03233,3.013357,-165.668,19.8195,-2.198738,-2.348465,-3.771536,-5.559923,-29.09343,4.813016,11.16025,37.78552
299,299.png,-5.491592,-38.06741,-170.7301,5.545437,-174.6229,0.722125,9.894352,9.440369,-6.044886,-17.31087,4.05667,-12.13207,24.97655,-21.8436
300,300.png,-6.19446,-16.66424,-151.6993,-26.83533,-70.07253,26.53353,1.111155,5.537348,-1.363298,9.006071,13.10068,-16.74622,23.6669,-35.34607
301,301.png,-5.889853,36.02852,-83.00771,8.230925,-78.18111,7.016181,10.79692,-9.38656,18.19599,-17.37414,22.61548,-26.74776,20.48771,-6.790367
302,302.png,-15.50522,22.45471,-175.6366,-9.727899,-130.4927,4.722323,7.198627,4.943871,-1.197893,7.140155,5.781322,26.42176,12.32972,7.469307
303,303.png,-12.38699,8.022141,-104.198,-9.313047,-108.6048,-7.368943,-0.660076,-6.366732,0.190533,16.19798,16.84811,-7.428406,14.45445,-20.84683
304,304.png,-9.009388,37.23655,-161.0415,14.1781,-106.2168,25.48391,-3.316662,0.111674,-11.42841,4.566233,22.77943,18.51959,1.70169,13.78432
305,305.png,19.36634,-0.193668,-125.91,-20.87733,-78.39843,10.44898,1.115065,3.115654,6.329941,-2.887791,-20.60548,2.168552,21.50841,18.93475
306,306.png,15.17517,-38.83289,-6.841072,-27.1367,-124.284,2.600722,-10.35971,-2.970925,2.670481,-9.313314,-4.723853,21.35844,16.99492,-32.57061
307,307.png,2.405413,-13.37154,-23.16682,-14.25556,-110.3341,-1.324974,-10.90237,7.793755,-11.85246,-14.14115,21.04382,9.310634,21.59905,-24.01307
308,308.png,4.221794,5.475735,-148.1047,10.1297,-71.54984,-9.06049,-4.011192,1.834718,-7.405569,7.322879,-6.550373,6.63139,6.98154,0.354332
309,309.png,-12.16839,-27.68802,-160.7726,7.847508,-55.899,8.677171,1.156286,4.806917,-12.91579,7.948116,2.148911,-23.15693,6.361277,21.50742
310,310.png,7.884631,-34.00089,-111.1297,-2.237573,-39.24963,5.932058,9.183017,-8.071039,3.606327,-1.285784,-26.16149,7.299675,14.30586,31.12861
311,311.png,17.80033,-3.168465,-40.19761,1.375601,-133.3188,19.01493,-0.513363,-7.9438,6.199669,-4.199774,-15.28469,-16.25821,17.71644,39.18297
312,312.png,-8.611572,11.20472,-107.5145,12.20324,-106.2006,2.905668,-4.0396,-0.375341,-11.43459,-2.662136,21.31858,-9.398257,20.09418,8.254398
313,313.png,-12.67205,1.059948,-118.2507,-12.76487,-111.2478,6.520798,0.059397,3.03245,-2.077868,2.967394,28.06567,29.51882,19.50883,-30.05654
314,314.png,17.9489,3.581985,-149.8618,12.21706,-173.8459,0.900427,-10.93337,-3.813361,-7.028645,18.11879,-19.24569,-17.21998,26.9486,-25.72185
315,315.png,7.070374,35.50471,-131.9577,-4.871572,-8.36422,-6.924716,3.680079,4.409248,4.436338,-2.636711,7.767591,-3.188213,26.43621,-23.52744
316,316.png,2.85516,13.61188,-50.5334,-28.61075,-3.560966,15.78544,-0.281406,6.677706,-3.2948,-18.39862,-2.109128,-14.78648,27.4288,20.67058
317,317.png,-2.200907,-39.6404,-83.22419,-16.88753,-85.6741,9.491301,7.032669,5.776379,7.341613,11.86766,26.97019,29.61681,29.00066,10.28526
318,318.png,16.80093,-29.08257,-18.31486,-23.98553,-159.7874,-6.292771,-9.421329,-4.537321,-2.589109,-6.59609,-6.985333,-24.81094,23.35957,-24.21188
319,319.png,-12.2422,22.61728,-164.9092,-15.37214,-68.49159,-12.11921,-10.76939,0.277595,4.147108,10.12689,-6.533013,-2.445062,7.780221,-31.37325
320,320.png,-12.74257,9.853577,-66.50089,9.423253,-68.6889,6.152578,-5.26041,-1.177326,-3.222687,-13.67263,5.435912,-3.725964,0.977379,-20.49915
321,321.png,-0.949429,17.85732,-24.19224,-25.68801,-48.38105,13.66917,-4.682472,3.264839,1.288918,-8.600872,-16.80388,10.65354,25.72849,4.546894
322,322.png,10.1592,-7.867619,-86.24803,-21.7891,-123.8882,16.38488,6.221256,7.994661,-16.74564,-11.6092,-21.54528,-6.529316,20.73154,4.250244
323,323.png,-13.35104,-6.705002,-96.20216,-23.54973,-69.85969,6.8374,10.12368,-0.990695,-13.99119,5.88903,2.672456,26.78164,10.19164,8.543392
324,324.png,5.608615,-33.81962,-84.52403,4.140314,-120.2633,12.22771,-7.830173,-5.17791,-2.429283,19.59477,-0.962215,-25.89795,12.9098,-11.15341
325,325.png,15.74845,32.34922,-176.7015,-22.84859,-97.2598,5.467516,-10.8916,-1.678852,1.997396,5.718894,-8.705051,-27.37046,20.21501,34.04948
326,326.png,11.39778,4.252487,-9.030891,-7.465809,-60.33125,3.668403,2.591553,6.23843,-17.62993,15.07669,-26.28113,26.29695,20.33987,31.79427
327,327.png,-17.45806,31.64709,-90.11983,-2.339433,-148.4318,26.61043,0.560928,-0.640017,-13.77885,9.72197,-8.282565,14.81463,26.61633,20.85162
328,328.png,-4.856474,-23.53248,-107.0649,-15.59696,-82.63831,-1.001978,11.43877,6.679003,17.98794,-17.37215,15.81716,-0.008329,20.56955,-8.087841
329,329.png,10.71131,-35.77175,-64.29811,-17.48062,-177.2892,13.63742,-1.40551,-1.109649,4.341343,11.11369,18.06277,-20.78509,25.24734,1.331173
330,330.png,-7.568453,-38.05767,-84.57367,-28.13769,-54.73423,14.11784,7.12108,1.339382,-1.725185,-19.53297,23.77226,29.41665,28.82973,-9.968151
331,331.png,-12.91091,-9.172417,-97.28792,-27.13102,-179.4256,29.25486,-9.255838,1.806003,11.39747,-2.913111,2.366512,20.71315,26.55984,-29.07852
332,332.png,-19.77122,37.73338,-55.81881,-24.09426,-38.42617,-6.566191,10.30557,3.772845,16.9108,1.299112,-18.21468,6.304726,25.16982,12.77427
333,333.png,3.694689,7.350372,-110.02,-8.789576,-65.99958,1.522968,11.74048,2.825744,-14.19887,-1.51437,16.50422,10.48169,7.086968,2.641979
334,334.png,8.02277,31.20506,-32.57472,12.64608,-141.0275,-3.859326,7.580309,-4.183415,-13.48512,-2.185747,-12.66729,7.635633,18.04138,-4.246506
335,335.png,-7.805635,39.33402,-167.3018,-29.63691,-30.66608,23.78351,3.681736,-9.875,12.01155,6.019749,-17.05215,-16.07793,1.708739,38.23222
336,336.png,2.090761,-1.621727,-168.0098,-18.22722,-93.92957,-11.53851,8.657092,-4.722835,-5.391953,14.25334,2.072442,-10.43192,21.23594,5.168175
337,337.png,-19.53067,37.47519,-162.728,-16.22129,-53.38221,-11.0318,-5.943623,-6.616184,7.224087,3.946402,-26.15604,21.66596,15.14333,-5.814537
338,338.png,6.418561,-15.16419,-104.4486,0.762437,-129.6658,15.3663,0.786783,-3.372296,7.044258,5.680837,-5.966087,-26.11927,4.483734,4.884266
339,339.png,12.99384,-2.582241,-94.79587,-13.16558,-66.26555,-7.276977,9.001928,-7.435781,8.380264,-13.1078,-24.08406,-6.949429,8.937037,-1.621586
340,340.png,-16.36131,39.40167,-167.1769,-27.88586,-109.602,10.3008,-2.655554,2.647619,-10.69099,-11.15895,-27.79566,-13.67144,7.813559,-10.43037
341,341.png,-19.22251,13.2317,-51.74435,-5.465397,-43.50979,1.616293,-0.875683,-1.273714,-0.437433,-18.64191,16.22234,-2.733739,29.65008,-1.862091
342,342.png,-0.882223,5.471855,-50.34168,-16.41349,-42.24094,3.782021,4.786834,-6.56992,4.091299,-10.30125,-3.10068,-4.278399,25.75959,24.0722
343,343.png,-8.080379,27.95998,-137.6104,9.837601,-120.1072,22.3739,-0.086853,4.956911,5.135707,4.019859,-4.168499,13.92244,23.89756,36.55109
344,344.png,18.78452,30.80075,-151.7738,-1.915585,-158.7559,26.75555,6.725844,-6.366987,10.00196,9.95253,-0.464556,23.998,14.53354,-1.663147
345,345.png,-13.53422,-28.70714,-158.5608,11.77087,-64.7262,28.68737,-5.369125,2.521284,-19.83569,9.650779,-16.81807,17.83234,0.086052,5.560154
346,346.png,12.71716,13.155,-122.2941,-21.17072,-64.75977,12.56068,8.11705,-5.249267,-6.020252,12.92154,-7.392959,14.68592,27.90466,26.84315
347,347.png,15.35932,31.99164,-103.0241,-6.153303,-178.0118,-11.29574,1.279016,-4.60051,-11.36812,-10.11529,-2.306152,4.86895,3.145759,-18.62229
348,348.png,-1.79262,-30.4898,-49.25624,-6.64383,-126.3374,-11.89903,2.121056,0.047311,1.048634,15.43776,-1.797764,-26.17476,26.79181,31.4394
349,349.png,-9.116276,-16.76348,-57.52509,-0.72804,-0.728058,18.59042,-1.177896,-5.716743,17.4204,13.75547,-24.67968,-23.39946,5.150092,-14.7723
350,350.png,15.1337,-19.14843,-146.5241,7.560281,-86.13246,16.27593,-7.00938,-3.190798,9.537373,12.32621,-1.880411,28.03815,7.462796,-19.08044
351,351.png,-14.54472,11.34909,-167.4632,11.44643,-173.068,-11.69915,11.96091,-4.605533,-5.34436,14.02809,-1.943031,-20.07771,4.565048,-20.67888
352,352.png,-7.797987,7.468639,-57.25283,-20.00821,-1.307953,6.393629,-4.548313,9.120326,2.448112,-2.328165,-26.27921,-16.77607,28.80927,-21.16282
353,353.png,-7.325127,3.104778,-77.97127,-24.41412,-52.44481,10.64849,4.488355,-3.471752,-10.37347,-0.124275,-29.93405,28.81948,6.219453,-39.08125
354,354.png,-14.22819,32.75496,-92.55749,-26.03357,-75.76164,2.183896,-10.59055,0.448727,-9.129545,-2.986124,15.16569,20.02414,9.72607,2.497059
355,355.png,-2.096855,39.09692,-115.9641,-10.20134,-48.1404,0.527439,7.608337,-7.080684,-13.58395,-3.348839,-6.967854,12.10834,18.49358,-25.18891
356,356.png,-2.442005,-28.5867,-15.80742,-1.757734,-154.2875,-8.482618,10.13935,-8.973248,-12.91295,13.68009,-17.6834,-19.69076,29.53825,30.17583
357,357.png,-14.49944,32.1997,-57.1482,-18.43328,-35.84378,16.08447,-11.80627,-0.860358,8.42791,-9.592236,-9.375934,29.95507,22.03217,-30.24725
358,358.png,-16.08226,-22.22094,-66.52177,-0.36084,-125.7216,26.83307,2.838894,-0.289239,11.97402,-19.56848,23.44059,-4.076596,25.37458,-16.826
359,359.png,1.55896,-17.79864,-176.5496,-13.30192,-141.0658,7.591814,10.96585,-3.126865,2.701529,10.45202,-27.15578,8.464736,19.62298,27.97005
360,360.png,8.240952,33.01395,-88.44274,0.672346,-171.152,23.00752,-2.384375,-2.951249,6.964168,-12.96814,-21.74775,-4.111588,15.16661,-4.151093
361,361.png,8.635573,20.07096,-15.60949,-23.31206,-70.12613,-13.81636,8.032448,-9.273205,12.31567,11.98092,-7.267166,-21.99389,13.74598,21.70771
362,362.png,5.859136,36.73637,-35.09759,1.1358,-136.8521,1.522427,-2.981388,1.391726,-5.051701,-17.04775,-21.02551,-12.8069,21.29144,4.792446
363,363.png,-16.66451,-11.88661,-154.1878,-8.073217,-57.35445,-8.929603,11.99132,5.959947,17.09915,3.416492,8.789626,3.296703,12.13492,-17.95479
364,364.png,-1.318481,38.78931,-82.17249,-9.929161,-45.60009,17.59758,3.464189,7.272894,17.98426,-3.11116,-11.88396,-22.00157,18.57614,17.55399
365,365.png,-11.09967,14.40929,-75.05427,1.673046,-13.97871,28.00261,-11.00471,-4.694496,-16.79845,4.962513,-21.42192,11.01168,4.59128,-10.88832
366,366.png,4.596388,29.37687,-101.0895,-28.39445,-106.897,0.597901,9.795679,5.188463,7.819185,14.36765,-3.788956,19.53223,27.34385,-9.647488
367,367.png,-2.003881,2.547745,-113.9945,-11.09337,-135.3638,-14.29513,-5.079685,-2.060939,-19.61035,8.382254,10.75223,23.52482,4.808943,-27.37888
368,368.png,11.88486,28.11401,-84.22502,-12.4416,-53.27728,-13.92783,1.301935,9.381264,18.42009,1.391008,-11.14115,4.647828,17.61545,-7.953564
369,369.png,-13.21708,-17.11176,-41.81483,-2.645564,-140.8732,11.38398,-8.478725,-8.367176,-6.534155,-0.945585,4.079608,-17.60683,23.98354,-16.73172
370,370.png,-9.889166,-0.561768,-81.5211,-24.80334,-93.86851,10.58804,10.67654,7.630453,-5.479843,5.688224,-7.352468,21.14888,28.75644,22.22894
371,371.png,-6.21319,14.98883,-56.9161,-16.35003,-128.5906,8.448742,-5.748581,-2.746095,0.72448,1.658142,-2.212741,-25.94691,10.8107,38.87501
372,372.png,3.221781,-9.537025,-157.4024,-12.23068,-130.3225,17.70085,0.259745,4.532294,17.25876,-10.83047,11.32467,-2.91221,28.80256,-8.253513
373,373.png,16.09553,-17.88034,-33.87804,6.442374,-141.7676,0.135263,0.477537,3.676527,0.498745,3.882992,10.47631,8.290156,6.412521,3.845085
374,374.png,3.170979,20.64294,-123.4209,-25.86216,-169.0685,21.8153,-9.833456,-7.832575,3.200323,-9.349443,10.56233,17.5525,9.842379,-9.319061
375,375.png,-11.67323,-28.14053,-153.8955,9.059331,-19.13799,20.16644,4.85939,-9.034765,7.731714,-6.429937,19.24149,27.02444,27.25274,-26.57923
376,376.png,14.87224,1.583923,-147.9225,12.01449,-94.99519,17.72595,8.033744,9.324667,-5.581467,-4.129208,29.75469,-3.84765,13.49548,-24.1074
377,377.png,-14.11332,-8.827301,-148.2602,2.14474,-13.04726,23.24768,5.276885,-5.899675,19.69448,-5.770176,0.711147,23.59125,12.91772,-11.20927
378,378.png,14.87545,9.892811,-73.49178,-21.32749,-98.03447,16.37204,6.378032,3.93482,-3.612364,-17.4007,6.310597,-28.80618,22.81474,-19.1296
379,379.png,6.483926,33.35812,-51.2049,-5.860696,-69.55433,15.84673,-7.307679,-8.771029,0.739306,11.22236,-24.90561,-18.56938,8.761634,-6.65419
380,380.png,5.107589,-24.29608,-16.05002,-11.106,-78.35631,16.7622,-9.176073,9.130175,12.97021,14.18219,13.19446,-9.80812,9.126265,29.21809
381,381.png,17.26893,-14.6063,-56.89431,7.948064,-5.69841,26.73163,8.676435,-6.875555,17.78111,-15.86013,-15.59539,-21.39598,24.67629,-14.51498
382,382.png,-10.13111,-25.76027,-86.18825,8.846079,-10.26692,23.02018,4.899221,-3.707238,-15.69622,-13.43195,-7.834385,9.923343,28.58735,-34.10949
383,383.png,16.20702,-16.03508,-12.43797,-24.52695,-2.041763,-10.16932,4.989881,-8.575857,-7.928684,-8.882715,-29.37118,10.42773,15.36849,-21.16172
384,384.png,8.715363,30.66772,-129.0304,-24.22127,-157.8768,27.1288,-9.336737,-1.420575,16.71757,2.044622,6.791764,-0.412298,6.660923,-26.89413
385,385.png,-3.15592,10.90036,-97.56485,11.88169,-4.679443,25.8338,-1.973352,-1.914648,0.304882,-18.87403,9.303787,-17.72283,21.25658,-36.56404
386,386.png,11.05906,25.16747,-60.20045,-24.21855,-38.60062,0.203949,11.85759,2.400207,0.891716,11.37862,14.86417,-29.18515,25.15292,15.16765
387,387.png,9.061427,-35.5302,-30.80281,-2.259288,-137.4178,4.007541,-0.944077,-6.972857,18.86785,-8.558132,-16.59308,8.472304,25.99619,-25.72466
388,388.png,-12.08053,1.233002,-102.9537,10.73375,-54.5526,22.22717,-9.133614,-2.885767,18.73123,9.097342,-11.50971,19.15072,25.79008,12.77758
389,389.png,-13.72529,39.80218,-160.9023,-7.515544,-18.14294,-9.152672,3.63589,-2.156996,14.96998,-4.891642,21.33222,6.83365,26.04698,-23.87226
390,390.png,-14.21093,30.85442,-85.75378,6.392618,-88.52675,3.992456,-6.937752,-9.380726,9.507584,0.971825,-22.77426,2.897827,11.66823,18.47822
391,391.png,-6.490334,-16.55455,-47.02679,-7.445946,-132.8317,-12.57505,10.18982,-8.618107,-19.31982,-15.07098,3.554896,-7.413437,5.055653,12.33887
392,392.png,-15.68371,32.45332,-95.50426,-15.7369,-28.03591,-8.632811,9.517502,-0.763579,0.998747,9.638329,-24.03653,-12.3027,27.02463,-35.65649
393,393.png,-7.777851,38.49686,-169.1527,12.74942,-66.40186,22.88389,11.55848,9.695473,4.425734,13.09099,-11.38085,-20.38548,3.909159,32.63401
394,394.png,-3.607895,-8.390278,-130.4766,-4.616086,-123.0798,17.51822,-5.804859,-0.571834,-1.077606,-2.227928,8.890277,-20.22497,27.16429,-33.65245
395,395.png,-11.32845,31.82052,-93.16774,2.248724,-99.3988,8.062371,-1.518286,-3.113619,-14.59764,-11.6186,8.952627,26.25059,0.582265,-4.991573
396,396.png,13.12947,37.28376,-116.6732,-20.80753,-148.821,12.51181,5.746281,9.694199,-0.04711,-4.805878,-8.798587,20.96659,24.88948,-3.640121
397,397.png,8.387136,26.58718,-53.32863,8.677603,-16.27672,22.03205,11.88744,6.204674,-2.995003,-15.20821,-26.87637,-23.855,10.26383,11.14669
398,398.png,-13.46847,-9.771744,-121.0229,-29.98261,-77.80092,3.459249,-5.348806,-4.874516,8.539791,-17.67683,2.240607,-5.760101,5.029961,39.94332
399,399.png,-3.638393,-34.69436,-57.64536,-5.180509,-165.4823,-7.510886,-6.559425,-0.282826,12.86919,17.6858,11.79165,18.44498,1.507308,21.43173
400,400.png,-5.945141,-9.126793,-66.44339,-25.32309,-92.83607,29.94711,-3.440367,4.56495,-0.522297,-8.110859,17.55933,-1.357773,28.1529,-1.260876
401,401.png,3.612444,-14.56571,-6.606369,10.4172,-58.52514,14.24552,-1.067108,-3.107661,-9.639399,5.971866,-29.11835,6.768433,4.717659,-36.83212
402,402.png,9.536575,4.127182,-36.09529,-17.80024,-72.00333,-11.09641,9.330362,2.586703,18.07824,12.87663,-14.78979,18.9547,19.11457,7.71685
403,403.png,-6.22732,-19.99009,-170.4851,-3.06748,-160.9059,24.78587,4.528366,7.8971,-9.308149,15.46924,-20.2335,-16.67348,5.486988,-8.833309
404,404.png,-19.92951,-31.99123,-80.96021,9.488994,-18.34612,-2.187262,-11.08079,-2.723755,9.181351,6.942439,-22.47044,-19.78294,12.83502,9.380001
405,405.png,-12.17924,13.87523,-35.28841,-17.73491,-32.51992,18.00302,0.575258,-6.061253,-0.684641,-2.60804,-2.390975,0.22669,20.52708,37.50862
406,406.png,10.21294,-28.88964,-139.2433,-6.524033,-14.76702,-3.99017,2.204798,-7.486631,6.924905,-13.99097,-15.273,-15.38595,15.21676,35.83536
407,407.png,-19.85024,0.155598,-57.96684,8.807127,-123.0841,-1.964295,-3.2981,2.255987,-7.301319,-8.991959,9.426069,-15.18812,6.536171,14.55209
408,408.png,-1.222565,22.20493,-64.05897,-1.359588,-171.802,-10.96373,-7.241337,7.976057,17.02682,3.275717,-16.26894,-27.33308,18.24891,-37.70049
409,409.png,-8.828356,-16.5378,-170.2726,4.50539,-130.815,10.17554,3.837796,-0.124387,-13.34845,-14.42761,-27.74385,-11.83548,27.52464,36.83682
410,410.png,14.41216,19.40518,-105.5303,4.604369,-8.440872,3.185701,2.928862,1.243996,10.34847,-17.07289,8.553428,-3.49136,2.17309,1.636902
411,411.png,10.27893,18.47761,-40.50604,9.463018,-120.8582,-10.33679,-9.694252,-2.579836,-11.89076,-3.241074,-3.024577,23.85089,4.612191,27.32648
412,412.png,-8.243464,36.11557,-113.8283,-5.252639,-8.976433,-13.16835,9.571406,0.532061,5.567756,10.56657,17.01932,7.485626,7.847151,32.96745
413,413.png,-6.36554,22.2585,-23.74596,5.198065,-104.7865,14.50133,8.196319,1.864699,1.331261,6.48838,22.06,-6.674327,26.815,-23.94058
414,414.png,18.63322,16.29053,-56.38362,4.732417,-177.0088,-5.647073,-11.39008,-9.779436,5.225772,-13.13104,-28.579,-21.6206,21.64379,-28.72634
415,415.png,-5.028599,11.65293,-168.0206,7.526598,-35.66021,0.18085,10.70549,-7.231746,-3.777296,10.9186,-9.419887,-17.18514,21.61348,-18.02137
416,416.png,11.09137,-0.16317,-30.2468,-2.111172,-135.6388,28.16888,-8.269897,-8.003929,-17.48283,-18.69752,22.76138,24.18753,4.316708,-25.67821
417,417.png,-15.04097,-10.46461,-48.13517,-13.62592,-72.61012,29.97478,2.220144,-0.484358,14.7622,9.501796,-2.951585,-26.48794,14.14298,14.52862
418,418.png,11.80752,28.94724,-85.6979,-26.50162,-106.001,28.80867,-10.67169,-7.282471,-11.92245,17.52905,-0.512606,-8.684159,6.617625,-34.10534
419,419.png,-3.702385,11.90981,-133.8593,-25.55335,-69.65046,10.55136,0.672442,0.153336,-16.38332,13.73766,-11.03332,-1.947838,27.37733,6.837078
420,420.png,11.63091,2.494034,-4.803642,-24.55561,-7.648094,-8.259137,-6.983877,-6.380217,13.15821,17.66351,11.57287,-13.49405,22.13855,25.1316
421,421.png,-4.499704,6.358017,-172.2146,-26.23216,-63.88179,22.40518,-8.79645,-7.802141,1.82337,18.02179,-15.20676,4.715069,0.706415,-21.5844
422,422.png,3.562277,37.59216,-11.05435,2.497343,-64.84174,-12.67174,-5.683197,-6.505663,16.06966,-13.36468,15.43441,25.70934,15.59313,-4.899792
423,423.png,-10.46529,20.81151,-165.3608,-4.615432,-179.8197,-2.487391,-8.624825,5.470659,-10.42313,14.65125,-22.29559,15.54389,23.3929,19.96627
424,424.png,9.257759,-21.73848,-134.1761,-16.57331,-87.7135,8.695189,5.11142,-5.646238,-0.410845,2.364389,13.58049,-17.40378,20.91997,15.36556
425,425.png,17.64568,14.17863,-119.3453,1.63467,-33.87789,17.54653,7.363014,-7.018094,1.191042,-7.498028,14.51471,21.57769,6.316019,-18.29506
426,426.png,-3.763601,37.11871,-125.0951,-10.09014,-54.67282,7.094419,2.528776,-2.815386,-8.864376,1.43873,-22.42418,12.76847,27.95829,-19.14105
427,427.png,-8.351973,4.365143,-156.068,8.773434,-99.83046,19.15723,7.744429,8.0639,-8.10046,-11.35395,-16.52433,-7.422855,20.21277,-24.87174
428,428.png,14.08215,-21.70669,-75.74489,-14.20173,-150.6853,1.60875,0.241812,0.459858,2.184265,-8.135588,-16.05883,-13.46824,20.58812,-12.57323
429,429.png,1.391447,-6.007236,-138.2095,-9.116983,-78.74419,-12.72388,4.40447,1.846868,17.01828,5.61367,3.08091,-17.13298,11.87295,28.59272
430,430.png,-15.57289,-35.33486,-73.97128,6.884376,-140.0711,-12.65132,10.76436,3.420412,-19.04936,-5.419605,-15.8976,8.460322,18.93618,-21.89788
431,431.png,0.914858,8.373741,-29.05949,-12.98752,-33.93555,19.4659,11.64884,4.143777,8.06129,6.919121,-27.00201,-15.24058,10.60788,-3.605122
432,432.png,1.327904,-33.91578,-5.234688,7.620234,-68.23056,13.45397,-4.265034,5.80235,11.11941,-3.736866,23.84939,4.069888,16.85538,27.94277
433,433.png,-10.08695,-2.337784,-35.6286,-17.13552,-101.3025,-11.29695,1.290668,-5.96664,6.738209,-13.5807,21.71908,-28.34621,10.7017,33.56377
434,434.png,10.46323,31.24811,-37.76984,3.839756,-134.679,-6.634791,2.315599,-6.319387,-17.76486,4.409782,-5.165279,18.32696,27.54173,36.97816
435,435.png,3.894356,-36.94645,-97.89721,-13.89404,-164.9541,-9.531239,7.222575,-3.841166,-8.447487,1.920107,-25.25952,1.385576,16.93632,-35.6609
436,436.png,-19.87882,-27.76645,-44.95125,-8.657172,-129.7807,-0.85503,-3.702568,-7.595925,-17.61942,16.13874,20.51501,-28.35329,8.985441,-2.395092
437,437.png,13.8092,23.65412,-150.0164,-11.29427,-44.45833,-14.97808,11.95722,9.42121,14.45052,-4.900562,20.25543,21.54427,12.12647,34.16624
438,438.png,-3.337887,36.84418,-120.019,-1.477879,-115.545,6.146227,2.452465,-0.227023,-15.17116,15.64054,14.67962,29.93983,18.52686,-4.448933
439,439.png,-13.36814,-28.76208,-81.11572,-27.7948,-127.7983,-5.839446,-7.504963,-8.952213,1.909649,-9.554464,1.625937,26.48275,8.706223,5.569263
440,440.png,-6.097982,0.112404,-26.49377,-4.669456,-131.0383,25.45896,1.90447,-4.535626,-1.172436,-10.45607,10.46692,19.29523,18.85644,-34.33281
441,441.png,12.17798,24.47175,-95.88358,-3.583972,-112.7487,5.213226,-10.44022,-5.773724,-14.82568,-14.61549,5.446869,-17.71636,20.32457,29.52508
442,442.png,-16.02788,-9.878887,-81.23431,-20.92527,-57.12955,7.528568,8.491699,1.623911,1.432484,-12.47763,-9.389794,-13.69056,21.86479,21.25695
443,443.png,10.07429,-20.22823,-140.7821,-15.18786,-22.49052,21.06927,0.842032,-9.008791,0.810597,-5.810005,-13.1247,24.81159,27.26829,-27.48633
444,444.png,-19.22941,9.350113,-135.6488,-10.53303,-176.0387,21.41928,-5.240036,3.793857,-19.60762,-0.651924,11.43996,22.5349,28.75158,9.119724
445,445.png,-0.263603,-19.61126,-101.6234,-23.77475,-60.26276,2.621693,-1.865957,0.714818,9.395804,12.26632,0.566408,18.94483,11.25573,-11.38106
446,446.png,-0.59746,-20.12348,-31.43599,3.364201,-43.28324,7.159764,-3.820419,-4.301487,-14.96557,5.927166,16.06231,18.96553,29.42403,-0.859741
447,447.png,-10.30285,-25.11435,-102.7774,8.63796,-99.21885,-3.987477,3.827962,-6.278894,6.896276,19.65527,-6.226162,10.71163,23.46004,15.56322
448,448.png,4.670218,39.50524,-33.41872,11.64565,-50.23233,-14.29431,-6.839836,0.268298,14.77174,-16.19323,1.845356,18.90554,19.22567,33.69991
449,449.png,-4.652651,8.857323,-21.83475,-9.546035,-107.4994,28.35394,-6.348873,3.901582,7.470546,-19.94244,18.69013,13.87346,0.721936,19.06583
450,450.png,3.335388,11.02175,-50.4027,-2.389509,-142.7509,28.08874,-2.611374,1.43257,-11.71817,-7.790697,27.67463,-22.2795,10.29314,29.80865
451,451.png,15.60304,25.16678,-8.783188,-25.87315,-111.7885,19.83999,5.771064,-3.891998,-2.458889,-0.46274,-9.661728,13.36942,8.935874,35.34859
452,452.png,-19.03097,-36.0045,-56.46418,-23.10886,-86.47587,23.50433,-10.88141,1.067863,9.505409,3.51898,-4.198869,-1.843246,20.96592,34.41377
453,453.png,11.36415,5.91621,-154.3043,-13.91582,-112.7385,-3.809647,-1.683275,5.948427,-14.74628,-4.595377,-4.806629,25.08473,22.67158,5.379433
454,454.png,9.466118,-27.7766,-157.4438,7.387279,-118.6701,20.76887,-4.497044,-2.736574,-13.75503,-18.38531,7.147826,-1.118471,12.91935,-15.40671
455,455.png,11.9248,14.89642,-29.25578,-9.013241,-26.48248,-12.19526,8.185573,6.074378,-8.328074,14.64269,14.4816,22.83662,2.794679,29.06132
456,456.png,7.403969,-6.842617,-59.16544,-5.55236,-127.1527,11.13846,-1.227243,-6.637158,-19.68904,-9.130766,2.246529,-10.65249,18.81803,-3.771709
457,457.png,-6.262339,12.0605,-92.01628,-27.54903,-53.91241,24.40978,-0.592251,6.05083,8.935542,-15.31814,-9.058044,9.323279,6.88375,-19.2203
458,458.png,-13.58276,14.07574,-117.2642,-1.919065,-3.036713,12.0861,-2.960039,-7.028019,-10.23794,-0.043146,-12.03992,-16.2928,26.86705,5.495487
459,459.png,-8.002565,-20.41646,-83.52185,-15.78285,-146.0814,3.848267,-8.689777,5.256664,13.5683,1.316269,2.044518,-13.33598,20.00983,-7.192112
460,460.png,-4.385164,15.8769,-159.0884,-23.69336,-141.8514,11.52702,-11.55711,6.593885,-13.08777,-7.37067,13.33528,-11.51865,20.893,-5.296551
461,461.png,-5.206301,-32.01999,-153.1642,-21.24414,-147.1231,25.59788,5.185841,0.518461,-10.66152,-18.58011,-29.76708,-13.88753,11.3026,-16.51976
462,462.png,14.32634,-28.01767,-102.452,-20.7156,-50.99702,10.10326,2.542309,3.43955,13.70245,-2.122662,24.0466,27.31456,19.6693,24.65768
463,463.png,2.159578,-1.266018,-98.40781,-27.72768,-138.5051,9.411516,-10.96393,9.429798,-1.073683,0.130245,-7.757752,-25.12638,25.10228,-30.27396
464,464.png,19.23315,0.93676,-54.08424,2.489935,-70.70806,-4.015185,5.097996,-3.840195,-19.69572,-15.43476,5.479843,-22.31546,11.4184,35.45021
465,465.png,-15.45731,10.49499,-29.83232,7.474998,-121.9665,12.82557,-2.295374,1.550461,4.630564,-13.50527,4.259187,17.92102,8.881819,-32.20337
466,466.png,-19.26874,-16.73954,-55.61091,-24.19476,-145.9899,-0.050684,-7.254253,2.172247,-5.232265,-18.16243,28.12575,5.969621,23.36721,15.63439
467,467.png,8.17451,-34.04997,-148.5607,-20.32733,-3.891479,1.026052,2.500776,4.528203,-12.01312,4.149277,-25.69479,21.31089,4.458303,32.57349
468,468.png,-5.302999,18.08523,-102.7243,-24.1049,-93.4238,-3.853775,0.34652,4.152589,14.93069,-13.15298,-5.44556,28.50989,24.09961,-4.409241
469,469.png,2.092999,-39.08398,-98.38151,-24.89116,-3.242981,15.71666,2.957733,5.631521,-0.491446,3.86978,-16.72458,-27.5629,23.30491,10.38261
470,470.png,3.196146,-14.62983,-85.67236,13.63675,-157.2706,-12.40486,9.249164,-5.144172,-8.258287,-8.096087,7.391579,25.08425,11.46248,-9.757198
471,471.png,4.559858,18.73243,-95.77558,-19.47392,-78.71384,23.01394,10.65191,8.834429,6.058269,13.37285,10.25402,-29.48603,9.371912,-30.79503
472,472.png,-3.243477,39.42781,-74.14513,-28.50804,-52.51886,-6.911214,11.47048,-2.86255,4.963367,-18.56163,6.80446,19.11296,23.20673,-22.29488
473,473.png,-8.768389,-22.22083,-156.6733,-3.54132,-177.7695,-7.395589,9.071829,5.118141,2.229183,18.30429,-3.825614,15.50925,16.62568,-17.84095
474,474.png,18.47773,-14.64063,-102.2843,1.569787,-174.2718,10.78628,10.92321,-0.845586,-0.023634,17.27339,-6.634343,-2.080567,25.30621,16.73159
475,475.png,7.747444,34.74021,-56.99268,-2.011104,-81.06714,-0.092623,7.084003,7.939949,15.51863,13.48561,-21.93657,-5.445289,22.72672,38.16751
476,476.png,5.405602,6.868137,-44.01922,-13.76542,-16.81475,28.5687,6.979709,-7.453125,18.71055,-11.71591,-8.154705,-8.712998,21.97783,-8.557781
477,477.png,4.68438,6.251453,-27.13033,-7.818628,-60.45923,25.00259,-0.06719,-3.152694,4.37361,0.001528,-27.17619,-14.11497,0.200529,22.39266
478,478.png,-7.852171,-17.87941,-116.1144,4.759583,-27.29343,-8.841519,6.335706,-4.605788,1.995537,-12.00576,23.71441,-17.87378,15.7779,27.25924
479,479.png,-4.668657,7.175259,-104.3556,12.25981,-91.72913,20.09279,-3.937143,2.405654,-12.98323,15.44212,14.89021,7.783534,10.51974,-8.698029
480,480.png,-11.0448,2.427898,-30.46213,-21.82554,-30.21717,-7.799057,10.50414,9.635284,-13.25072,2.847155,21.22495,6.501763,20.31592,11.30728
481,481.png,-0.048391,27.75597,-54.90911,-29.21568,-121.086,5.683203,1.522085,7.650167,-3.327463,0.011818,20.02472,-18.96375,20.25043,-15.0457
482,482.png,5.037345,9.939693,-121.7794,-29.27505,-142.9393,-6.135208,8.495504,-1.336194,-9.624817,-13.23828,-27.18455,-2.73484,19.19812,-9.819855
483,483.png,15.9948,17.99435,-168.4807,-29.13467,-28.37378,3.827994,-2.731726,-6.810337,-18.1403,-2.742928,11.73451,-12.95625,11.53622,-28.72376
484,484.png,16.45827,26.08999,-80.94187,-4.737205,-114.7578,-12.79959,4.04752,-7.110136,-11.31539,19.00772,-19.17834,-11.19652,19.06121,34.03395
485,485.png,4.398659,-23.38572,-40.68547,-0.348782,-131.3581,-9.519196,-2.995861,5.38388,5.505947,14.0947,24.64692,15.18991,11.03663,-14.97667
486,486.png,14.27473,-30.46934,-52.89046,6.559956,-173.3856,17.69558,0.785732,5.986835,-17.67506,5.886392,-20.7225,-14.09962,22.01848,5.940308
487,487.png,2.298319,-24.67286,-9.803047,-4.172776,-78.51797,-7.900214,-5.497231,2.067908,-11.53555,12.7145,-26.96151,29.14877,5.57996,5.56456
488,488.png,10.07099,-33.14851,-120.3626,-7.789825,-5.228867,-12.40647,-5.376133,-0.537602,12.2049,-3.184788,18.71388,3.964252,10.89405,-11.77854
489,489.png,-9.023106,-4.53978,-166.5969,-22.74744,-16.6583,-0.215168,-9.497904,3.378541,17.22696,19.47216,-26.21231,14.81203,8.077142,25.2438
490,490.png,4.057915,22.76723,-157.6546,-8.502168,-92.94662,21.26591,-6.525189,5.847588,-9.28931,16.88379,-13.68636,-2.419871,9.797628,-0.125107
491,491.png,14.52482,-34.61642,-83.02448,-16.97203,-57.76406,-1.305968,-10.5272,-6.364067,-18.13402,-14.57817,-11.25631,-16.54718,1.582489,-32.1321
492,492.png,-0.752619,-14.36612,-111.2598,11.52773,-96.93398,-8.282349,-9.19445,-8.787401,-3.471205,-7.309902,-3.370667,15.08173,15.42484,36.51371
493,493.png,-17.90424,19.44115,-166.7724,6.674278,-21.17017,29.47088,-11.00679,-0.158564,-7.284634,-17.3745,27.87096,-16.21889,18.68151,6.666409
494,494.png,8.641415,-2.71933,-171.2967,-22.81164,-63.96267,28.79499,-1.706907,8.448896,7.522697,2.60524,-23.0286,18.52654,29.4211,20.31676
495,495.png,-19.58525,-15.86704,-21.03841,5.033575,-42.63367,24.92667,-6.40424,-0.012712,-8.749855,-13.05262,26.76915,-21.40979,6.008653,0.751167
496,496.png,12.8595,-38.49148,-163.694,-13.93778,-126.8354,4.651454,8.005234,4.524879,-8.390657,-5.374134,-26.3057,-13.94456,8.78267,23.62748
497,497.png,-8.074739,-37.31165,-174.1716,-18.84676,-119.1265,-3.079542,-1.393904,-2.660836,-18.17245,-11.92324,-22.74978,26.03771,0.086167,-21.40219
498,498.png,0.125816,25.18197,-8.790649,-7.146418,-97.99499,22.55534,3.02964,4.31179,-9.260653,4.900248,21.27671,8.972933,7.870164,22.84213
499,499.png,12.54686,14.29451,-23.25298,-29.06122,-101.9116,9.369062,6.104487,6.200552,11.28523,9.828577,-1.685511,20.01986,16.07955,23.31277
500,500.png,2.364256,38.38957,-114.7077,1.084367,-10.61385,4.616901,-8.616074,1.218843,-3.895876,9.741335,2.526123,-4.024283,3.655758,27.57704
501,501.png,6.051559,-3.271824,-37.46714,-24.13292,-88.75843,17.66248,-5.399435,-6.298618,13.00976,6.332096,-11.35726,-15.51104,27.05917,-21.59004
502,502.png,-2.754601,35.05406,-92.97926,2.674524,-87.21324,23.6806,-2.648136,-8.15699,-6.496885,4.927122,11.88266,1.88895,5.309057,2.062775
503,503.png,-7.417248,23.17872,-41.67276,-26.67443,-177.271,-14.32106,-2.101011,-0.129591,-17.06923,-17.99766,-6.832778,9.156231,9.609616,-12.57462
504,504.png,-19.2839,35.68185,-7.720016,6.115439,-115.1693,23.23392,-6.901185,-1.827287,11.13703,-9.438761,29.13584,22.89707,14.14537,17.45557
505,505.png,-13.2109,17.42533,-46.56318,-15.4906,-146.6681,-8.980302,-0.079906,-7.896793,-19.54499,-12.29258,16.44878,8.356976,13.57279,6.914352
506,506.png,-13.48346,-34.28746,-71.02789,-23.52358,-25.58615,7.127863,2.461491,-8.425074,-16.55654,4.89991,8.018438,19.19736,10.07804,25.51033
507,507.png,7.531547,-23.85738,-174.9504,-7.806231,-18.86272,4.89524,3.013338,-3.474034,2.890017,-0.68013,5.612358,-5.705456,17.55206,-17.17398
508,508.png,-5.405577,14.19285,-61.51059,5.184965,-113.0934,-0.842209,-1.24119,4.079763,19.24677,17.0706,-22.01574,6.587888,19.84904,-33.06828
509,509.png,-17.47549,-32.6256,-86.86161,-13.88799,-122.2688,-3.876847,8.174841,0.166737,5.083751,19.35961,-12.00943,6.441475,12.94233,25.06961
510,510.png,3.461487,36.69006,-96.69622,4.810459,-46.87856,26.55771,-7.010839,4.665914,2.699335,6.113872,2.682671,21.13035,2.547272,-19.29279
511,511.png,-0.834263,35.48579,-71.55819,0.392233,-146.3689,22.85491,-7.632139,7.771354,1.71707,16.25887,26.61179,16.93067,0.945089,-7.971951
512,512.png,-7.524746,23.80843,-46.62216,5.118526,-42.56602,9.701801,-1.840384,-9.016211,8.889003,8.325934,-22.60618,15.11168,21.9932,31.21108
513,513.png,0.532969,-27.60796,-140.9867,-26.14337,-106.8827,18.04119,-3.794594,1.669458,-15.07958,5.796294,-5.885063,3.360497,19.46314,15.0265
514,514.png,-13.30923,9.563271,-92.78483,-7.528767,-124.831,23.48946,-0.276093,9.739473,19.64363,-13.815,-11.66987,12.8463,10.70007,-33.8847
515,515.png,-5.377419,10.10528,-112.2163,-0.363496,-3.478485,22.1787,-6.474558,0.125366,15.33763,-1.430828,-4.342113,-0.794003,23.09009,22.97823
516,516.png,-17.92074,-22.46127,-167.583,-1.781725,-111.3679,1.383187,11.32609,7.572197,11.09083,6.632618,28.62264,-24.57381,12.11224,24.65254
517,517.png,-7.320129,36.61423,-178.9425,-4.371892,-2.735336,0.624166,-0.101831,-5.929646,6.969676,6.269187,-10.05674,6.365336,24.00893,10.68773
518,518.png,4.321091,-36.39808,-81.27914,3.6993,-135.0017,16.02395,2.450516,-3.18039,-6.251848,7.264923,-28.80492,12.23117,7.979187,-23.5649
519,519.png,6.142372,-10.81606,-129.7964,-6.169422,-84.94278,-9.951471,-8.772789,5.526862,8.644323,0.043327,29.54112,5.20871,19.63791,-16.01733
520,520.png,16.89813,23.5756,-20.60915,2.734724,-131.427,19.67501,-0.169724,-9.109537,3.69273,-18.30687,18.16878,-18.15368,16.12344,-7.303356
521,521.png,9.041061,11.78641,-163.5894,-10.47108,-19.29399,17.93275,7.651379,1.521889,-1.053036,9.616537,2.84537,26.36735,28.08818,2.829739
522,522.png,-10.94921,3.956779,-61.25091,6.178556,-20.34263,13.28478,-5.56764,8.024147,15.5753,-4.094656,-13.53848,-22.88583,16.57914,-35.56224
523,523.png,-18.51875,26.99298,-40.16814,-16.53937,-15.59095,-1.564265,-3.965897,-8.315508,-10.09729,-8.686674,-4.683598,-10.57494,17.13943,39.03222
524,524.png,-16.25427,32.79485,-60.76369,3.063493,-44.659,-14.60567,6.103217,-7.697256,18.10634,-9.773628,-11.97384,-12.96317,16.75331,-27.46036
525,525.png,2.190302,-26.36217,-25.23586,-19.67076,-82.65915,3.87437,-9.572044,6.357403,19.29116,-0.647413,-18.69485,-9.188465,17.9802,-33.77872
526,526.png,11.79155,-37.41716,-3.408272,-11.15798,-102.9872,28.56927,-4.40691,-2.939025,-12.41867,19.71956,9.762488,25.94725,15.83017,38.2991
527,527.png,0.567066,-38.36024,-90.42577,-29.95593,-49.33578,18.07695,-1.64505,-6.984611,-13.89,14.8468,0.625538,-0.160564,26.60988,-39.40485
528,528.png,2.830856,-25.69127,-95.68292,-3.363103,-18.22941,-1.604499,-11.52882,1.234332,0.67815,5.187267,-26.23973,17.75998,7.376461,-21.9563
529,529.png,16.37424,11.87298,-72.50053,-18.59589,-175.3307,16.16232,7.257587,8.509647,18.05401,1.012285,14.97983,-24.51468,29.24688,9.6744
530,530.png,-10.47072,39.95963,-121.0659,-28.11491,-39.50141,-9.00633,-7.627685,-7.036614,0.747078,-9.341734,-15.43151,16.19662,17.26115,16.09276
531,531.png,-15.10495,-33.93057,-150.0116,-25.25718,-96.9179,10.86778,3.21029,-0.604731,-10.38562,8.805938,-28.40419,0.828306,2.475368,-33.05962
532,532.png,-0.739777,-39.91708,-77.6894,-26.29963,-132.3252,19.18533,-3.170761,9.231359,-17.93618,12.31947,10.02002,2.17775,1.59403,13.64774
533,533.png,-1.318895,-36.89019,-74.74989,-4.041133,-115.636,-4.541504,-2.260777,2.321781,-5.984528,-7.940809,-20.47932,-19.8056,15.06085,38.31715
534,534.png,2.653162,32.03206,-109.147,-27.09534,-75.97558,25.88487,4.065979,-9.764387,0.623095,2.91115,17.86757,-25.25253,0.29524,29.14525
535,535.png,18.91419,-28.53464,-82.01317,13.08006,-0.01133,24.54343,10.0132,4.186227,1.874989,15.59181,-4.28156,-21.51946,18.70821,-27.6364
536,536.png,2.131254,25.03863,-113.0452,-16.8688,-118.1739,19.98238,6.105591,2.420488,1.317509,-19.63554,20.30083,18.19558,29.99065,31.26767
537,537.png,2.114323,-18.788,-129.7463,9.440156,-93.91859,2.345987,-2.005121,3.632538,10.70483,3.63147,10.52696,13.24686,11.38861,20.78272
538,538.png,-6.517841,22.10847,-112.8222,9.413629,-122.7245,18.22673,-2.641867,-9.726707,1.054079,10.74925,26.29579,19.05412,26.89108,-12.60638
539,539.png,1.248377,9.719749,-0.497559,-20.21834,-141.846,-14.155,7.473389,9.940817,-8.88666,-8.377913,-17.65297,0.104052,9.311148,-0.794483
540,540.png,13.74368,-10.58978,-151.9878,-17.79588,-31.86539,-14.51706,-8.614031,0.71539,-12.80323,16.80311,-11.83492,-27.41394,1.216142,32.85524
541,541.png,8.385763,-13.62924,-143.2028,-9.838305,-51.32403,-2.36638,11.03839,0.089627,9.742117,9.394183,-2.149899,12.65787,25.23885,-30.70123
542,542.png,-4.178846,-33.29883,-67.43739,1.050023,-95.64555,10.8921,-11.07403,6.557085,-15.03184,4.225037,29.14787,-15.07901,15.35256,-29.64028
543,543.png,13.14108,-35.30528,-174.4195,11.39952,-153.8184,-2.425045,1.020977,9.779944,-12.74973,-11.70702,-29.29317,-19.7108,2.796721,17.70443
544,544.png,-1.637699,-11.96606,-3.462456,-8.845587,-106.8877,2.533888,-8.704845,1.280383,-6.290567,-10.12033,19.15036,20.82262,27.47699,20.55182
545,545.png,-19.17451,-35.39544,-166.4962,-23.87594,-91.4701,16.17673,-8.748878,7.277294,-1.307533,17.46006,12.73367,-1.567329,5.144381,1.247002
546,546.png,-7.385399,-4.539944,-14.56306,-7.104973,-83.90695,1.04819,-7.529117,5.178873,13.7405,18.11434,-7.580227,-28.71304,21.65756,27.9647
547,547.png,18.47712,26.56486,-75.62415,-19.38023,-57.79071,24.72301,-7.678444,4.74229,18.98922,17.38331,-20.74463,-28.6161,29.37173,4.944836
548,548.png,4.026144,29.62462,-108.3063,-10.94735,-158.918,-7.637299,9.892822,3.4939,-7.428543,-0.237186,14.84198,-18.38714,11.69302,-28.23219
549,549.png,11.67576,35.77579,-98.83924,-23.3422,-114.3213,-5.342433,1.952066,-4.052087,2.553989,7.22794,27.68781,-8.403256,16.18523,-14.53575
550,550.png,2.015707,-39.56277,-38.91764,12.19357,-50.40283,27.61512,11.47148,-4.052395,-4.921339,-14.69457,-19.5058,-18.96277,8.934372,-31.65118
551,551.png,3.571512,-0.440022,-65.61044,-21.55543,-60.90778,-6.986063,5.252022,-0.295686,19.46099,11.54491,25.13902,-14.86254,16.8601,-10.44021
552,552.png,-2.442295,7.065624,-120.8176,8.668865,-144.3937,-5.791365,6.91827,1.350473,2.962477,-13.69244,-26.92326,1.340708,10.95896,11.91435
553,553.png,-17.12261,24.5927,-166.5335,-3.092554,-118.3788,19.92603,7.327122,-8.531788,-3.122318,12.98117,-0.028643,-0.716497,25.46172,-34.45922
554,554.png,-2.152349,-26.47377,-2.786278,9.707508,-70.79501,12.04357,8.360306,0.431947,-18.27156,-12.31371,24.95864,-5.303074,27.81849,8.430447
555,555.png,-1.595499,-14.51369,-133.7883,-9.815034,-95.46092,-13.698,2.000257,-4.49299,15.49303,11.34905,-12.61647,28.38809,29.52467,-28.8213
556,556.png,-7.110331,37.84269,-78.93367,-18.70508,-36.22879,-1.825416,2.814157,4.809771,3.913891,1.33672,-4.555031,-29.83197,2.506996,39.16483
557,557.png,4.671623,-28.52182,-168.015,-0.258246,-92.42065,24.94399,1.529734,9.01202,-3.323915,4.598616,-10.62119,7.541162,27.76131,-37.07119
558,558.png,0.208151,30.80554,-114.4329,4.149901,-107.0712,-8.503401,-7.982601,0.304562,-15.96159,5.069904,-25.94985,2.877255,27.25981,-3.480297
559,559.png,13.58446,8.435272,-134.9949,-10.54475,-108.8118,-7.393834,-2.43832,-1.320902,-0.160645,12.17075,-24.89404,-28.82459,23.91632,33.41605
560,560.png,-18.54026,18.73505,-143.4189,11.95017,-159.2764,6.092299,2.32593,0.49131,14.58942,18.86289,17.21047,5.795391,4.588312,-6.061073
561,561.png,-17.67722,18.62056,-86.20718,7.083326,-86.37531,2.494245,-1.445295,1.661586,12.197,-9.172953,23.94731,-11.57521,23.48023,34.92913
562,562.png,-10.88814,18.23619,-78.3836,-2.530116,-75.4696,25.41784,11.38394,0.313664,7.283439,6.904273,-17.93034,21.11831,17.04829,-33.39909
563,563.png,-8.619335,26.02102,-98.7044,-17.11721,-3.975739,-12.67024,-9.84514,2.085732,6.156473,5.360727,22.73251,-9.81952,3.405569,4.244904
564,564.png,-14.53562,-21.56845,-104.2424,-24.43208,-62.06589,25.80273,6.884685,-3.008848,13.37318,7.333097,20.79502,-8.392657,7.769392,-6.947628
565,565.png,4.19182,3.847069,-89.14801,-15.75807,-131.9991,10.64274,-9.811905,-8.465319,-19.37344,3.065775,-27.71243,12.95511,18.9807,-4.798485
566,566.png,-6.454966,14.52803,-96.13542,-11.77848,-46.03675,2.204556,-0.690744,6.827309,-8.278482,-3.481133,22.01099,-28.28434,24.70232,18.78882
567,567.png,-1.33547,30.35936,-56.45649,7.299882,-112.0879,-10.56237,8.762062,2.205235,-14.18818,-6.247293,-28.03571,-23.76745,2.188271,13.58211
568,568.png,5.818824,-32.3396,-2.705322,-14.05233,-59.05487,-6.491341,1.492563,2.616651,9.875808,-3.354252,-1.407162,-26.39894,23.03036,-4.576725
569,569.png,-12.06361,13.86604,-149.224,-18.46899,-174.9058,-10.23333,-5.01148,1.231889,16.99026,-1.500147,8.719181,-14.90324,26.10905,-24.33274
570,570.png,10.36019,38.54198,-39.80663,-25.04857,-138.6384,22.12319,-0.589432,-7.478121,-4.012415,11.66865,8.635855,-24.65207,24.99248,24.3746
571,571.png,8.088527,-4.532276,-54.95727,-11.26265,-9.712341,26.34548,-9.88163,-5.707302,15.25039,15.58636,-4.788648,-25.24574,26.48981,-33.56215
572,572.png,-1.229523,20.15012,-178.3827,-18.0441,-100.5532,-14.92135,6.819831,-6.065161,8.539572,9.384232,-21.77385,-20.9827,21.50793,-33.26578
573,573.png,-19.90132,-19.34323,-124.9224,-19.60542,-65.47739,28.46815,-3.455267,6.759533,15.54214,-10.36069,5.774792,14.01367,21.20266,37.99559
574,574.png,3.942148,-6.959969,-114.2759,-10.77824,-72.26556,-14.74324,8.635569,-2.869553,13.78442,-1.1882,-24.65966,19.05054,24.86265,-37.96661
575,575.png,17.92352,-25.14526,-137.364,-24.63318,-153.5188,-10.67239,2.260084,7.812521,-5.471266,-4.861919,-27.66152,-15.30334,17.7886,-18.24306
576,576.png,5.322189,12.37336,-39.19079,-6.738213,-118.7428,9.515339,-11.88162,-9.340155,5.602827,17.71058,26.74841,28.79683,29.41546,-6.141476
577,577.png,10.5778,-4.370419,-38.34128,-1.225391,-84.54624,-13.09079,-9.822002,-0.577589,14.21931,17.11291,19.12275,-16.87077,29.97449,30.80394
578,578.png,19.89718,-6.225067,-178.2784,-22.26854,-156.1957,-12.35814,-6.624764,-0.027057,5.766448,-6.108582,19.09855,3.249232,18.43681,-5.025562
579,579.png,18.98415,-36.09849,-142.4699,-5.69632,-9.979988,2.60768,8.591955,6.839354,-18.29579,-14.29995,15.19964,29.88961,18.35636,23.49247
580,580.png,-11.51946,26.97338,-76.94566,4.397146,-163.1393,20.15705,8.720718,2.378684,7.319884,-19.26816,-11.11346,-24.22005,6.044919,14.82598
581,581.png,-0.43434,32.33337,-166.27,13.49637,-177.5834,6.779743,0.497065,7.332119,-5.685112,7.843236,-7.506535,17.44671,4.727908,13.65947
582,582.png,15.31531,-10.40699,-138.1967,-11.70529,-68.01435,-13.72532,11.65952,5.694981,19.45098,13.49931,-5.969384,-15.51581,6.448767,21.23121
583,583.png,-3.089087,-39.48473,-14.013,0.695371,-159.5785,8.343348,10.30536,7.465329,4.759323,4.352568,5.504955,-24.96842,24.77729,-36.02957
584,584.png,1.385109,1.348263,-135.5074,-29.49068,-17.42921,22.77891,5.373956,-9.379568,4.446695,1.773346,3.123704,17.45616,28.57031,30.82073
585,585.png,-10.66836,-15.84175,-55.33168,11.12525,-106.8463,-7.139137,-0.648964,1.961988,6.725383,-11.93161,17.0312,-23.07421,5.509193,32.07829
586,586.png,17.56724,-22.76466,-118.071,0.336996,-63.82832,2.16806,-2.710468,9.928478,-5.613897,-19.99435,-0.301727,16.06256,15.28256,10.49965
587,587.png,-13.27792,-27.86381,-108.7698,-14.90621,-0.131279,15.91344,-8.944763,9.927282,8.488789,-2.288788,26.42238,-8.883494,13.31565,-13.39643
588,588.png,0.649941,-5.94133,-147.2666,13.33682,-81.33961,15.40906,6.505488,-8.870872,-14.13582,17.16297,22.41499,-4.781495,29.40745,-2.678284
589,589.png,-9.626953,21.11225,-5.26078,-16.92088,-116.875,9.390863,-7.473053,9.018677,4.474222,11.73678,14.05623,-13.22728,22.93538,38.59115
590,590.png,-17.36031,-14.03542,-123.2655,-16.79612,-131.2371,-10.43766,-9.525261,-8.995708,14.18908,-5.228283,-7.672001,-10.28068,19.96562,5.27187
591,591.png,9.949622,-29.51714,-30.38358,-4.368765,-117.773,29.14381,-8.488443,-8.407043,-7.918861,-3.782261,-3.507354,-27.3186,26.71578,21.68055
592,592.png,7.214293,-4.39777,-58.99103,-22.63305,-127.024,22.686,1.480301,7.625015,13.25571,10.19487,-8.69928,-19.88836,12.92864,-16.87025
593,593.png,10.88338,-2.378193,-61.32605,-23.17043,-34.88773,11.71619,10.81006,7.360599,11.0449,15.95649,-0.928906,6.640874,13.83383,26.84833
594,594.png,-6.2125,22.07108,-6.371643,13.00847,-51.05965,-1.076044,1.759836,7.734392,-6.188156,18.57279,25.76353,21.95821,26.88294,-12.03013
595,595.png,-1.640055,-9.88356,-64.16772,3.694708,-49.66437,4.2669,4.271407,-8.835167,17.44283,17.18615,-29.93652,-1.843153,12.37242,-36.02367
596,596.png,-14.97841,-37.94865,-98.49882,-29.25462,-71.19957,13.05938,4.689545,5.53021,-18.17625,19.48086,20.49163,22.65051,27.20271,4.611305
597,597.png,1.576416,-8.286194,-178.6401,-26.72058,-40.41412,-14.68394,-8.675392,0.104417,-18.30746,9.942783,-28.52464,-18.71497,20.63428,24.36855
598,598.png,15.65387,-8.26054,-124.7188,8.675951,-23.7444,7.096266,-7.514817,-5.729728,3.170927,17.53384,0.116983,24.01686,29.84945,-28.9187
599,599.png,-10.25567,-24.79887,-87.07518,-13.90323,-62.95319,23.54786,-9.875931,1.895288,-16.14986,11.48509,-0.912319,7.06588,26.23866,0.179344
600,600.png,3.466776,6.992031,-149.1092,7.5688,-68.26712,-12.09639,-5.122732,9.377689,-19.72961,18.99931,-18.59503,7.179584,10.43809,18.11443
601,601.png,3.529699,6.605812,-63.53321,3.904623,-127.6856,-8.191701,-11.17163,-6.566052,-6.727579,-17.32862,14.05214,-29.97808,3.614902,-10.29909
602,602.png,12.17481,-0.853668,-109.7302,-5.920793,-99.04099,13.77584,8.151325,2.218057,8.924437,-18.16425,9.869113,10.87956,14.96646,22.66941
603,603.png,-5.562498,1.067184,-52.95145,-11.42694,-14.05605,25.04478,4.154348,8.951466,-17.27969,3.485395,-9.265026,23.23952,5.026649,35.09489
604,604.png,-12.45259,-4.411808,-50.26321,-29.15245,-62.36581,10.81057,0.653442,-8.73061,16.62725,-19.57138,-4.897983,-11.4215,29.23215,-3.183876
605,605.png,-15.70861,35.46407,-45.27574,-23.27767,-116.0965,19.62269,-5.055134,9.201469,-10.48479,10.45233,-20.08297,15.02535,14.86395,16.39544
606,606.png,-16.58154,1.315762,-32.7304,1.708361,-49.2182,12.72117,-3.53479,0.040688,-15.10411,-17.84453,27.34454,-21.46211,3.778753,-22.67036
607,607.png,-5.588148,-31.45988,-167.0274,-10.6026,-115.1073,18.95536,1.876146,-1.749524,13.74507,5.716614,12.837,5.534939,26.07509,-14.96019
608,608.png,-10.33926,-32.13358,-56.86372,14.65665,-137.0351,-10.92026,-5.659769,4.893991,-3.395388,-7.365902,17.3488,-11.09617,24.22787,-28.72266
609,609.png,16.92461,26.79825,-19.65266,-19.6961,-47.86063,8.826666,-5.867212,9.314291,-0.616495,-11.48014,19.88968,-27.27527,21.46659,-19.13021
610,610.png,-19.07659,-7.683083,-66.21169,-2.767706,-92.30839,6.971967,10.135,-6.16323,14.4044,-5.442303,0.204817,-23.54099,4.748501,-21.38726
611,611.png,-12.05295,-1.828228,-13.62369,-9.481071,-103.8429,14.98029,10.64588,8.976458,10.49586,-4.413635,-23.14609,12.23846,18.04778,-4.921394
612,612.png,-2.842043,8.418404,-84.3811,-28.10234,-66.20596,19.04288,-0.12443,2.554333,-5.394012,11.20556,16.75544,-12.12801,4.006752,-14.46321
613,613.png,15.51244,-24.37453,-89.20106,-7.15169,-100.2011,-8.446232,0.965752,1.510583,15.65274,-1.201952,-5.220669,-3.731544,14.83796,9.649769
614,614.png,-13.74956,27.91386,-168.0547,-16.23555,-92.03353,14.92619,9.127472,-0.088891,6.802959,12.49743,-21.58123,-4.594112,17.17107,-15.17252
615,615.png,-17.48341,16.0846,-31.78304,13.37998,-94.6109,4.750196,2.283615,9.336489,-10.8694,-9.74902,-11.03077,-18.59757,5.771624,30.0638
616,616.png,12.08596,-22.46432,-15.22053,4.820018,-123.7481,23.46114,6.917158,0.37867,-4.489576,1.046665,-27.91333,18.90274,2.996453,-16.03741
617,617.png,-2.635147,-8.991734,-152.0095,-24.90916,-71.40368,24.18534,6.071611,8.833359,-12.0813,15.06478,15.69051,-26.81797,20.4062,-33.35588
618,618.png,-13.58873,31.25487,-88.32825,0.844464,-65.38874,-10.63469,6.345436,-2.857398,4.634474,-9.451693,23.79699,-17.40487,25.31014,-17.83022
619,619.png,12.16296,-33.15868,-35.84507,-3.980418,-123.7316,1.35643,11.93479,-2.296444,-12.7775,4.541367,-6.525167,-16.84886,4.688587,7.387661
620,620.png,10.91628,14.84594,-128.5645,-28.86213,-7.614532,-6.611842,-5.621145,3.832221,16.87591,2.631704,-8.177758,-26.42712,6.588886,-14.96189
621,621.png,-5.328482,-28.40529,-119.0929,-15.78393,-132.7033,29.75536,6.511877,8.617805,10.82664,-14.78559,23.16296,14.02354,17.71859,-3.286118
622,622.png,-14.86097,32.8819,-169.414,1.533395,-58.52055,22.21999,-10.8656,9.958639,-13.98081,16.67519,22.97685,26.77641,18.26534,3.059925
623,623.png,-8.6635,14.23564,-111.8608,-6.36464,-3.557426,26.38561,-3.522694,9.332388,10.70682,16.90445,-13.76886,28.51313,10.17796,-17.64963
624,624.png,-2.933409,-14.79993,-38.93753,-23.88127,-153.4821,1.881118,11.97568,-5.840733,3.955744,-13.12527,27.08759,25.78278,15.57402,36.87698
625,625.png,-18.20462,36.757,-8.926392,-14.00169,-40.23587,18.39635,1.297443,8.804893,-14.08488,1.266773,8.666817,-12.64163,29.31139,32.95643
626,626.png,7.249302,5.53326,-62.19041,-17.27059,-169.1849,-2.603471,1.776127,-3.438648,7.42752,12.74969,-28.54855,-0.739407,11.7421,14.7777
627,627.png,4.29104,23.82248,-21.36633,-22.50453,-26.11204,-0.308836,6.359619,-0.653692,3.644497,0.490105,12.9566,9.514632,3.35515,28.36205
628,628.png,-0.635159,-15.55138,-154.7193,5.807227,-120.7112,17.1871,4.99102,-0.909952,-3.227165,-19.05041,28.08934,19.42434,18.74807,-19.9867
629,629.png,1.183012,10.47516,-152.3361,12.81767,-102.9684,17.71343,-0.218144,-8.177177,6.060161,-5.826523,13.44471,-23.56317,24.63511,15.42663
630,630.png,8.726115,-10.4478,-146.3141,13.19921,-100.5429,12.6607,-2.971083,-8.259953,-1.607239,-6.701,8.555423,-3.267835,2.895634,22.89525
631,631.png,19.19527,-25.37428,-53.28342,-24.35316,-29.34867,0.464075,5.997344,7.776027,-7.067812,-6.423843,24.0646,13.30649,17.76561,-23.20205
632,632.png,12.23928,-4.529079,-162.3931,8.146618,-25.19631,-14.02933,8.98942,5.221066,12.93082,-17.97775,-11.703,2.035042,7.818716,6.633896
633,633.png,-18.9072,-38.74303,-155.8236,8.114124,-107.316,0.090357,5.750066,-8.021572,2.467812,-8.425467,-3.783234,-1.941923,9.532354,2.559151
634,634.png,5.726008,33.18699,-94.64712,-23.75943,-33.6713,12.66222,9.487352,-8.354609,2.404119,-16.63355,-25.78186,-21.39717,24.01085,-5.234303
635,635.png,18.71041,32.02156,-41.80455,-23.10329,-150.1597,20.38016,7.980614,-2.109738,-5.688545,14.41319,16.8933,29.28949,15.38483,2.927128
636,636.png,4.404556,17.13141,-77.01009,13.70808,-108.13,19.06657,-0.950817,9.999199,10.52839,-10.45624,13.65755,21.64791,7.933879,28.08285
637,637.png,17.73296,36.69198,-120.3602,8.651323,-61.49385,19.3802,0.343428,-8.867872,4.196941,-3.197096,5.568484,3.041492,15.53402,26.98089
638,638.png,-15.73262,39.61093,-49.74627,-17.14124,-33.74835,3.508602,-2.85084,-8.706112,16.94429,6.059875,-4.307817,25.6291,4.144153,-26.23779
639,639.png,-2.614906,21.10262,-85.30232,14.84232,-101.0605,-0.877888,3.624275,-9.923239,-3.051899,9.691204,-26.57769,-27.7626,11.42241,13.18939
640,640.png,-8.563368,23.02007,-43.99072,7.38309,-45.60979,9.125539,1.699909,-7.610281,-14.32137,-9.864628,-19.0054,-7.613894,25.80926,-3.126568
641,641.png,-6.520517,13.05207,-8.29908,-17.07747,-63.86437,-3.88234,-11.52066,-3.627864,7.240667,11.60058,-3.162028,-17.3357,2.093672,-7.699848
642,642.png,-3.708303,-28.88293,-74.46307,-1.96432,-7.604538,4.1038,-3.160175,-5.933064,16.1385,8.686337,-27.19522,10.81188,8.804743,-12.101
643,643.png,-19.20154,15.48536,-138.8295,14.55061,-74.98089,-6.823667,5.363254,-8.651392,2.259596,8.604631,-14.9837,15.3977,2.722968,-35.60677
644,644.png,5.398154,19.1856,-71.09728,7.132925,-99.05103,-3.982504,-1.101233,7.238365,18.54576,15.05993,-14.99128,9.033079,17.83939,-26.08266
645,645.png,-15.8562,-23.54824,-163.6994,-17.39531,-142.3233,7.235439,11.63285,7.052391,-4.730995,-9.161789,-28.92565,-20.63098,29.55068,-2.614979
646,646.png,-19.56841,14.70204,-107.0056,-16.90757,-160.9179,22.52102,11.70293,-9.917538,-10.38103,16.31549,0.598715,17.66642,24.96028,35.66745
647,647.png,5.25476,21.19308,-123.4827,-26.13654,-21.27045,28.44198,-3.151241,-9.52796,-14.95638,14.93172,-18.19029,-22.47973,8.208982,0.99194
648,648.png,15.0567,39.45161,-104.3441,-11.03347,-27.60105,12.34855,3.624361,-7.682109,-5.385616,15.10089,7.725284,-19.60389,11.01419,-20.80667
649,649.png,11.11739,-24.1955,-65.42878,6.540178,-56.89112,-10.03659,-11.77799,5.862867,4.579002,-1.918552,-17.34321,-11.92051,12.8822,5.927338
650,650.png,-16.53149,-39.43551,-102.1471,-16.39969,-129.2493,6.363567,0.33721,6.955707,9.653244,-11.74348,26.59354,-23.03069,3.051564,-39.82284
651,651.png,10.05387,-21.04491,-47.00134,-22.77659,-137.6626,-5.797754,-9.898678,-4.434358,-19.03727,0.176355,15.97195,-1.759354,7.298713,28.38411
652,652.png,-0.002192,34.44919,-122.7218,-6.548435,-131.9804,17.68908,-4.208109,6.50763,11.70793,1.455744,-6.891529,-7.793172,29.15379,3.876976
653,653.png,7.552175,14.05437,-171.5771,-21.9429,-24.41203,16.10861,1.953545,-1.267854,-6.389006,12.12418,-8.028062,28.64784,15.03447,9.579159
654,654.png,1.817215,10.61939,-47.04516,-7.559425,-138.3524,12.28665,9.160946,-2.631511,9.306164,8.171687,6.772667,-29.6248,19.30511,29.32282
655,655.png,-9.854509,-18.12137,-78.69119,-6.016827,-148.0763,-7.704391,7.766536,6.971399,-15.77985,2.126534,-2.118649,2.781784,5.499187,-29.45514
656,656.png,-10.68325,-35.54553,-146.5587,8.728769,-106.9566,-14.00147,-7.245595,-3.382655,5.790085,10.90899,-22.79325,-15.31663,9.588177,29.82169
657,657.png,5.067844,22.38547,-119.1868,-27.11131,-24.63094,-2.656332,1.344696,1.848802,7.036771,-2.362711,8.554294,-6.680621,13.61232,-21.14429
658,658.png,-14.11115,5.824314,-148.9966,-11.10606,-157.301,-7.968793,-11.0764,-8.593693,7.655267,-3.700569,8.962532,18.97802,20.77819,-13.90028
659,659.png,-3.667162,-26.20975,-61.04934,2.677771,-37.56039,29.88345,9.063334,-3.248209,10.22638,2.391937,22.44809,15.79716,10.77081,4.930836
660,660.png,-16.455,38.19358,-72.20032,-22.99686,-120.2457,-14.82464,-6.141766,9.363655,16.78478,8.759403,-9.653453,-5.037472,0.724765,10.19926
661,661.png,-7.480124,-9.432999,-84.0434,-1.699821,-123.0051,-2.746084,-10.59626,-6.517612,16.08608,-18.05777,-4.558079,-28.97726,13.88489,-8.498711
662,662.png,19.66449,9.569153,-133.0388,-10.00724,-121.1366,24.17879,-10.48925,8.140148,10.97363,-3.06506,3.301188,9.260493,10.51085,36.35379
663,663.png,17.15003,-33.41653,-62.74359,-28.63818,-1.223557,-0.186473,6.78371,-2.067586,-4.22621,4.448374,-22.87886,-19.86243,13.19054,-22.25353
664,664.png,-13.78772,3.828663,-151.7493,14.46957,-144.0309,-1.009102,10.93469,0.423092,-15.65582,18.70084,18.90932,-4.911201,23.91343,-1.859058
665,665.png,16.10689,11.00685,-134.2721,14.38925,-179.1605,-0.354449,-8.123148,1.786818,-19.13334,1.862715,-11.33116,11.88537,6.32177,1.192699
666,666.png,-18.30656,-34.06516,-174.6621,-16.36331,-38.34261,26.86806,-1.590979,4.847696,15.9523,18.78694,2.718719,3.514684,2.810923,34.17458
667,667.png,15.57526,7.947659,-73.23174,5.778264,-171.1329,-12.20848,10.50994,9.068653,3.50733,12.80884,-9.480361,9.014281,20.75576,24.84768
668,668.png,-9.248917,12.37553,-123.7424,0.967374,-1.711617,12.07096,-4.530134,0.01254,-8.726442,16.79533,-28.2559,16.53441,19.9454,32.8831
669,669.png,0.891058,-38.29843,-22.90218,-1.493891,-136.2331,13.66396,-0.693651,-2.893676,12.00949,6.418914,-20.66468,17.6242,18.58535,25.41006
670,670.png,-9.374153,4.4762,-139.097,-20.39025,-100.3381,-10.04518,7.232955,9.335424,6.050056,-9.440582,27.19569,14.53714,26.29074,32.26259
671,671.png,-7.335518,-20.29578,-18.91063,-23.26879,-132.0247,-3.102442,-0.949999,-4.397511,4.696667,16.39704,2.985503,-6.449829,23.68315,18.63373
672,672.png,17.15052,34.90596,-25.63366,-22.08358,-167.9002,13.22934,-5.543217,-9.972252,-0.67911,-0.779898,0.348734,-0.953375,9.16579,-5.028538
673,673.png,15.41676,25.56311,-25.29485,-7.395922,-100.0933,23.60626,2.421263,6.913435,8.591189,-18.97367,5.304183,-17.49026,1.953167,10.56594
674,674.png,-8.968494,-27.01758,-147.5332,-18.80763,-142.9102,17.42703,9.71587,-7.613346,17.18856,0.265066,-8.586605,-0.003616,27.22811,23.56708
675,675.png,-6.290457,-25.02582,-88.87428,11.04459,-81.36044,16.18183,9.276263,1.624612,-16.9268,15.32466,25.03102,3.039562,20.02016,-0.60986
676,676.png,17.66526,-14.30088,-69.68549,-1.777132,-67.12162,-13.08953,8.886741,6.213377,-16.42058,9.918261,-20.51482,14.68215,24.55563,26.69995
677,677.png,-3.872288,-6.812233,-148.8323,-12.33861,-128.9208,-5.568897,-2.785484,-3.700799,6.223955,-15.44525,0.0819,2.502434,3.649925,-19.09158
678,678.png,-11.93852,-30.56542,-90.9082,5.931933,-159.4256,-13.41086,-11.33959,-0.05189,-4.637869,3.260429,-14.18915,19.31078,3.829114,-10.19739
679,679.png,6.479259,19.48242,-102.2651,-6.511233,-178.2226,20.1042,-11.69816,-8.303139,-19.08174,-17.8363,15.70839,21.99843,27.83371,25.67521
680,680.png,-2.616932,-1.938652,-24.88588,-6.481037,-120.8822,-7.073101,-5.17219,5.094259,-15.88261,11.87803,18.92486,20.81705,12.84866,22.06626
681,681.png,-3.092936,-24.94032,-153.857,-16.50513,-88.51064,0.575747,2.064718,9.73175,-13.95338,11.32936,-17.74271,28.65782,4.018353,-28.06407
682,682.png,11.68055,-31.25391,-76.41419,-29.05692,-176.8522,2.271122,-9.745445,-2.317768,-18.17663,-3.689396,18.88557,4.475696,14.89378,35.05803
683,683.png,-3.564842,-35.66374,-25.25394,1.07884,-54.74166,25.62981,9.653946,9.805372,10.13959,11.08606,-0.356123,6.550995,15.95117,38.63663
684,684.png,0.072453,-32.17703,-132.0755,-27.03218,-73.09559,-7.397541,-11.26798,-5.936122,-19.54342,2.726776,1.810022,-12.56352,5.308681,-36.6673
685,685.png,-1.817978,10.11063,-81.79102,3.917916,-166.6966,-3.541681,-7.107822,2.476877,6.281099,-11.97061,-19.25556,-16.96871,22.02957,-32.76119
686,686.png,12.49872,-0.969471,-38.38368,-29.88682,-100.4494,4.200065,-6.894407,5.602567,-9.65379,-9.543093,-12.25759,-26.1438,3.814688,-38.51115
687,687.png,11.14158,17.89168,-137.017,13.28633,-158.6813,-14.32931,7.024017,-4.45712,15.71548,12.42081,25.19878,2.412991,22.4209,-26.41809
688,688.png,17.39365,-6.716389,-163.0769,-4.490409,-167.1467,16.50104,-9.995907,-9.46751,18.89298,-0.374949,20.71727,15.92976,15.58397,17.5735
689,689.png,19.51139,-16.26606,-124.4702,-23.3873,-174.147,2.081554,4.678325,8.301739,-17.10005,-5.982426,-20.14903,27.81958,0.398272,28.99577
690,690.png,-18.28734,17.94205,-79.7384,-6.930222,-120.4386,-9.03863,-8.77457,-7.207338,11.8619,14.4664,-12.51749,-23.28403,28.024,-22.24773
691,691.png,8.967929,-37.98955,-47.35445,-16.24467,-127.9035,-12.98831,-8.168407,4.375417,14.02462,-6.079523,-11.14139,12.29502,23.2953,2.201248
692,692.png,9.073267,-22.49358,-105.0841,-1.124191,-94.09334,7.846817,-5.136551,-1.22016,-17.63011,13.91013,-12.4928,-27.03609,21.75591,34.60126
693,693.png,-11.46974,3.827606,-99.74564,-20.07001,-150.6293,-11.69813,-7.314474,-6.573257,13.20373,-7.429029,12.98884,-18.29347,26.72082,-0.680679
694,694.png,-3.050196,19.65568,-120.1387,-8.505058,-31.46197,29.90282,6.735103,2.01995,1.740505,-10.34607,-7.065665,16.88947,0.062445,6.307377
695,695.png,-5.853607,-29.83791,-68.05274,-12.55266,-69.98127,5.883848,4.449171,8.106401,-12.25678,16.3596,28.95654,-5.334302,19.00195,30.48734
696,696.png,13.9579,32.04565,-47.67973,10.7218,-19.66161,15.78169,-7.859734,7.53647,9.780416,-17.48632,-15.81945,-6.330739,1.412237,-4.814495
697,697.png,7.565159,-35.67584,-119.5477,-0.666462,-4.444145,20.11476,9.647924,4.251182,2.558701,10.39423,-11.12897,4.722615,22.38478,30.99106
698,698.png,-9.802677,-27.04105,-135.252,-23.06732,-46.03905,16.99645,-11.43752,-1.501909,18.37738,18.71317,3.702825,-4.712223,11.30616,-2.335278
699,699.png,0.150396,37.88348,-20.80506,-23.63054,-15.8934,12.66786,-2.57942,-3.404655,13.61945,-10.39332,-16.62056,-10.50828,25.55038,-25.96283
700,700.png,-5.468948,11.20641,-114.4477,-14.66558,-159.7903,-2.910391,-0.347027,4.786312,14.93466,7.766376,-20.04847,17.02563,4.394646,2.260689
701,701.png,9.398742,-36.33926,-170.6124,-12.73452,-149.2341,-4.213159,-2.918116,-7.972603,-18.48076,-18.55885,28.17762,-2.405846,7.127616,28.53852
702,702.png,-0.39612,-22.94349,-69.62653,-22.81584,-38.80878,-9.551511,-8.961473,-8.154884,11.69043,-2.890919,-2.162036,27.56782,3.600841,38.26773
703,703.png,-9.020279,21.95117,-1.128548,-19.09194,-36.45219,0.17696,-2.489305,-7.069752,-4.98596,-1.065199,7.215504,11.5942,13.66959,-27.69995
704,704.png,1.712944,9.992966,-82.85469,6.400912,-45.72549,23.63209,-10.0253,-6.155762,-13.93772,6.97372,-23.60094,27.6641,13.66742,-11.59512
705,705.png,8.105407,6.912941,-67.77205,-14.21826,-39.94312,-9.613213,0.77138,-7.524094,4.230759,6.31412,26.02012,13.6383,17.51114,0.35376
706,706.png,0.491159,38.75475,-161.909,-15.5868,-129.2228,5.044006,-11.07829,9.899996,8.251305,-8.694593,22.31806,0.32641,22.70469,19.1708
707,707.png,17.31621,26.78811,-10.7686,-28.67526,-59.47541,-3.402008,1.376474,-8.846224,18.13589,-5.626308,-28.12122,19.66526,5.54438,32.24598
708,708.png,12.02246,8.93087,-121.2202,-4.034213,-46.41806,-12.62785,6.333117,-3.690473,12.67185,-10.62035,-21.20839,19.66039,26.55229,6.57946
709,709.png,-5.250961,29.67386,-66.56895,-13.21206,-134.0264,9.898081,-7.835824,-8.093586,16.95437,19.13509,27.46232,25.48838,29.96111,-29.14734
710,710.png,-1.788351,-4.702049,-91.4581,-24.98779,-10.206,28.79175,-11.97128,-7.435329,19.91317,-15.07909,-29.10205,-10.85659,10.09201,-15.71674
711,711.png,4.904148,7.922646,-159.7599,1.109573,-77.96326,-1.787478,0.394388,-7.571251,-4.3902,-3.104589,29.16932,-20.40239,5.495081,0.011822
712,712.png,16.52693,7.378792,-116.0818,4.05715,-43.70134,5.966573,-9.638517,-2.881838,-1.692274,13.89152,-1.17366,-11.81067,18.76341,26.56119
713,713.png,-15.83973,-32.73324,-156.5664,7.21138,-159.6694,-1.953229,6.675355,0.527104,-5.260117,-0.190231,20.84522,-25.17525,29.06394,26.07207
714,714.png,8.685122,-20.90982,-87.0596,-6.910807,-69.81508,-1.946502,9.864792,9.567436,-19.36589,-12.65305,11.50674,27.35539,0.37802,-12.70738
715,715.png,10.69513,20.90603,-179.3792,5.738766,-153.6712,18.06448,-5.97035,3.428967,-19.54224,17.46419,-16.79922,-3.270889,17.34761,1.986118
716,716.png,-12.64304,-31.4893,-39.24665,-12.4683,-3.27607,22.80748,10.28828,9.18671,-1.400301,0.816137,18.50017,-21.5509,18.3454,30.89522
717,717.png,17.27123,17.80353,-105.209,-29.71521,-112.8291,0.006592,8.469126,5.176399,-13.08971,7.572598,29.81839,26.31982,10.5375,38.55482
718,718.png,-1.862076,-11.65266,-42.48534,13.47537,-130.0086,21.11518,1.079443,-5.049665,11.18586,19.90595,-25.6839,-25.62944,28.42717,22.70889
719,719.png,12.01865,-7.896065,-23.06531,-29.23759,-148.7033,8.475452,2.985664,7.477033,15.30894,2.450474,-27.44793,-25.77475,21.22606,-9.181179
720,720.png,5.311584,-26.97959,-62.23449,-27.65029,-122.0603,-1.612872,-8.424633,-6.9665,-13.02469,-3.16964,17.27571,-21.63956,19.78652,17.58925
721,721.png,-1.199343,-30.81055,-144.3032,-5.127401,-138.4857,27.35854,5.516744,8.106747,-10.93587,-16.77476,-15.60255,28.42213,3.842332,-30.58163
722,722.png,13.96002,21.48562,-100.5877,-7.285454,-98.28868,-4.016493,4.63104,2.317356,2.194469,-9.705608,16.69214,-21.32684,12.54234,21.36002
723,723.png,-1.681126,-8.424095,-83.24526,-20.84968,-50.50615,12.2182,-6.81393,-3.803429,0.171701,4.033596,-19.92336,-10.93766,24.43482,5.814758
724,724.png,-15.84292,6.919636,-50.03571,-4.922839,-160.5988,9.648774,-1.007198,9.092119,5.709205,-13.23765,25.58802,6.43493,19.9374,-39.46715
725,725.png,-0.483543,17.50828,-5.533958,-10.29591,-141.2874,-2.90566,-7.856567,-1.117319,-1.756018,-17.19591,-20.29532,-0.639027,8.589987,-11.66918
726,726.png,-19.52366,-26.65691,-137.906,-2.016538,-104.7608,-7.03878,-8.44491,2.623088,3.852861,10.1119,-6.418674,-5.463749,4.873113,-38.80234
727,727.png,18.11422,3.956455,-129.5316,-24.01539,-171.8336,-7.458771,0.194305,6.827397,-19.54182,6.628413,8.751167,3.355305,3.315557,0.311626
728,728.png,-19.97025,-15.98478,-74.27338,-9.046612,-2.942963,19.03067,8.460487,5.574059,-1.415518,12.63813,-2.230828,-7.458762,20.84602,-35.72395
729,729.png,-7.520216,25.49413,-164.8218,8.49038,-82.14191,6.539799,10.07908,5.757143,18.94275,-1.389248,-16.31264,-2.275997,13.034,-29.2445
730,730.png,-17.99752,-10.29895,-29.41175,-0.436538,-39.6158,17.10984,3.530013,2.940492,15.52841,-7.745335,-26.11895,-0.677008,14.0661,-6.200356
731,731.png,-11.34435,30.3296,-81.98647,-14.98668,-132.1544,5.463476,2.50425,4.453995,4.190313,-17.94658,10.48508,-5.042535,0.741009,10.67348
732,732.png,-6.177761,10.4487,-8.95369,-17.61888,-129.4843,-6.642891,2.901316,-7.079317,12.98143,-0.090626,-13.3351,13.65315,21.08083,-34.04412
733,733.png,18.96435,-6.617886,-127.249,14.02485,-86.44825,-9.169023,0.28063,1.215118,16.24067,0.852215,11.96897,-9.384652,18.25541,-32.84687
734,734.png,-4.082973,9.537319,-87.13513,8.549679,-19.78265,-13.95669,1.137625,7.352898,16.11998,-16.04263,28.64541,1.2558,15.68283,3.001274
735,735.png,-0.286572,-0.683247,-144.0029,12.94517,-19.18646,25.0161,-3.945381,-4.323231,-8.912289,12.24457,-8.91666,-3.390853,10.04743,33.70236
736,736.png,8.508511,-28.25215,-161.4305,-5.982682,-136.5811,12.92429,2.140894,7.982227,5.521335,-12.97476,-21.09871,21.06525,18.90628,-32.21852
737,737.png,-3.877584,1.022381,-93.17643,-3.464855,-176.9234,8.561116,-10.63457,0.968951,-11.90706,0.047348,-15.17163,-7.125739,28.52929,-22.56806
738,738.png,5.529685,-37.60796,-122.0527,12.89403,-152.3728,2.849541,-10.9659,0.550546,4.113276,6.860218,18.7159,-11.53646,19.8947,-31.5419
739,739.png,9.047427,-6.642967,-152.9274,-11.93195,-24.92721,12.28452,-10.04844,-1.772069,-10.04916,-2.055386,-24.53509,0.616304,23.42075,7.659325
740,740.png,-2.750198,-20.77158,-47.59662,-13.32829,-84.73074,9.074298,-9.73304,-2.917003,-4.087841,-0.247976,-28.05561,-16.54072,10.63076,39.02599
741,741.png,-4.938423,27.48016,-14.26768,-10.22375,-178.0863,0.362226,-2.90691,-2.385201,-17.61911,-2.479303,24.77989,25.17242,10.39907,39.00548
742,742.png,17.55588,7.506271,-13.44257,-29.43189,-40.92403,8.871384,-3.244923,-3.28159,15.62109,11.82064,27.21462,-0.315203,2.854325,-2.294746
743,743.png,-17.81482,13.70683,-76.34143,8.060964,-133.1653,5.271881,-0.337462,-6.062691,-18.42018,18.8419,28.68895,21.65096,7.09033,-4.790627
744,744.png,-18.15136,11.49146,-156.2916,-12.61568,-85.53725,3.934585,9.085472,7.048557,7.657695,-19.80174,-21.37577,-4.472061,6.279949,3.766197
745,745.png,5.76086,8.89978,-111.6583,7.60457,-60.44704,-10.6706,-1.239666,1.320425,-3.856533,-14.59421,-27.30298,16.58072,9.530548,12.075
746,746.png,-14.44022,-14.07788,-67.55786,2.905317,-16.45171,2.657231,4.137468,-9.178352,12.89621,-7.981461,8.457862,-25.21973,10.92328,1.02037
747,747.png,2.053221,-20.76329,-114.4214,-12.77659,-148.4974,-10.70538,-8.788986,-5.995358,-13.93134,10.95872,-6.152176,8.181688,28.59251,-35.04212
748,748.png,-11.31365,12.541,-24.53479,-28.38898,-138.6124,3.666445,-7.82333,-8.098465,0.92449,1.656492,-4.281281,-23.0955,0.026497,-9.901604
749,749.png,-1.345537,23.5965,-21.72731,-23.57728,-15.96075,-6.473729,8.995989,-9.265444,-10.52742,1.648905,7.649852,-20.8871,22.46715,-20.99757
750,750.png,-16.10586,-38.02262,-94.58906,6.778509,-13.37416,-12.21233,-2.484938,7.646181,8.403473,11.36905,2.468086,5.526656,8.915918,-21.3408
751,751.png,1.034882,-38.33502,-150.0332,-28.25886,-125.3246,9.326025,-7.119753,2.805994,3.77042,4.199583,-11.81483,8.376467,17.39133,31.19318
752,752.png,-12.38208,12.79813,-96.70577,-8.978243,-48.32028,15.62141,5.194896,4.664502,7.141403,-1.969931,9.074534,-2.392792,3.771132,-37.33122
753,753.png,-1.889503,26.55161,-151.4748,-24.41896,-29.29631,22.15026,-0.945919,3.253445,6.567077,-12.67355,6.767967,13.46701,15.43396,11.25645
754,754.png,-16.17619,30.29839,-100.1796,-25.33438,-31.72875,23.54996,5.109947,-7.307775,-13.51857,8.005295,1.293165,-20.23376,27.25198,-26.80855
755,755.png,-3.473875,37.63084,-57.98773,13.90131,-95.79813,1.168279,-8.597763,-7.415405,9.387121,0.734594,2.746922,-25.33676,17.10323,12.23215
756,756.png,11.02984,-26.2113,-81.85442,-25.09188,-80.47126,19.81034,1.532602,-9.195168,17.26347,-3.748667,21.95457,7.688791,13.63778,-26.17268
757,757.png,15.89117,37.00085,-139.1428,8.575277,-130.8355,0.365906,2.584318,-6.079464,-14.12953,-9.289902,-9.732539,-28.95477,21.91593,32.45694
758,758.png,-10.29272,22.56824,-70.28161,-3.621888,-82.2206,-13.28463,-7.845366,2.01933,-8.061455,-2.748383,-25.19028,15.74385,0.710321,-9.562679
759,759.png,-11.67189,-12.64019,-37.31181,-29.77464,-106.8344,11.33304,11.34613,-3.333529,-12.79116,19.99653,-17.95453,9.024832,28.37038,-9.243378
760,760.png,-18.37679,6.953625,-130.914,-27.9195,-31.99535,27.15451,-0.807625,0.37233,4.961082,-15.46324,-6.14144,29.84065,24.24756,-19.08147
761,761.png,-16.63682,-27.43999,-59.82702,-10.40865,-177.9726,12.77415,-2.083418,-0.774206,0.301849,-7.673189,26.57868,-23.63189,26.11926,-21.72161
762,762.png,-14.43637,-11.65762,-140.0308,5.067854,-123.7078,24.27467,8.184546,1.073188,-11.41161,7.541513,28.67221,-19.81261,26.27496,22.47156
763,763.png,-17.93849,-4.136166,-142.0209,-28.80584,-143.6782,28.9565,9.934063,-7.0275,13.30361,-12.56069,20.96944,21.5242,22.04902,34.36975
764,764.png,-18.61759,-38.24306,-133.4804,-28.66277,-107.4166,23.61944,-10.5975,-6.717277,0.29711,3.210686,-14.14867,20.99013,7.896397,-19.71396
765,765.png,-1.423161,36.73402,-159.3059,-25.55433,-7.814995,19.75956,-1.175793,4.46183,-17.61446,3.650867,-6.329437,29.72925,19.12546,-28.57444
766,766.png,9.453177,-4.520336,-95.5777,-2.262496,-118.4913,21.65643,11.07543,3.522388,19.07843,8.745522,-13.1347,-18.50857,10.35889,38.49452
767,767.png,1.727379,25.86216,-61.57854,-21.32469,-3.691772,14.8564,11.12898,-0.216545,-0.428078,-8.896235,6.225453,26.42763,27.647,-34.70794
768,768.png,-10.48405,-16.96507,-7.539604,-29.56114,-176.6917,-14.53861,-5.260221,-4.817635,2.118814,17.85753,-1.371849,-14.0049,0.196828,13.14003
769,769.png,-11.52331,35.95053,-66.539,-25.60907,-78.57839,-8.86397,-11.72055,-8.161657,11.2093,-16.31272,21.89748,-6.823623,25.93089,-11.0837
770,770.png,-5.69585,10.58112,-157.8647,-7.474302,-150.06,2.763731,11.28727,-4.656049,-14.63873,10.73378,-12.2459,-3.194843,15.82609,-31.25912
771,771.png,12.85735,0.917107,-127.4638,-7.146498,-169.2358,28.72897,0.432268,-7.101458,5.800185,6.835445,-24.01365,29.81752,25.75798,21.41614
772,772.png,13.10634,-38.627,-159.1207,-25.2264,-39.02185,10.01872,-10.17923,6.542234,-3.564941,-6.298534,-10.18056,-7.600246,12.35491,32.29008
773,773.png,5.991039,-23.53605,-102.7826,-7.076572,-69.57196,-13.19994,3.02582,4.044439,18.26502,-13.54957,21.98854,-25.8201,28.11457,-28.01568
774,774.png,-2.242811,21.38391,-29.27638,-13.44077,-31.17809,-14.03602,-5.025566,2.975042,2.303535,-5.228737,20.89459,-17.05358,10.3314,-34.22195
775,775.png,19.26966,22.36786,-66.17767,-23.75881,-101.8958,19.13161,0.221502,3.033278,-17.88966,-1.809414,6.500155,-23.20892,4.451527,13.03236
776,776.png,5.183696,33.20652,-92.22989,-26.23096,-171.4271,29.91465,11.56332,1.354202,-18.69657,-1.417553,22.82061,-13.16498,1.600399,14.27711
777,777.png,10.31507,21.95101,-105.3408,-13.74729,-93.68681,21.14761,-7.355381,-7.812191,14.01064,17.10146,7.907158,23.69807,1.469904,19.04161
778,778.png,0.425703,-19.71075,-140.6719,-24.80869,-12.93093,20.69817,0.788239,-7.226539,-16.85423,-12.08791,10.37868,8.948284,11.42393,-29.14109
779,779.png,-13.12363,5.327782,-50.71983,-12.83565,-109.0845,-5.700137,10.75505,9.218504,-1.384651,-17.35802,-22.03399,28.74049,21.24499,37.85115
780,780.png,-6.559275,35.61829,-61.87799,-17.77207,-125.0311,-9.844359,-1.449699,0.230946,5.853085,-15.62177,-28.87953,-12.94244,26.8095,11.81882
781,781.png,-10.04753,3.863255,-40.78578,-26.79778,-89.59444,-10.41306,2.04052,2.402898,17.364,16.73617,-3.934497,-16.10494,1.593708,-28.27473
782,782.png,-11.85846,-10.69151,-149.9348,-25.74026,-93.73828,-1.114925,8.581824,-3.881473,-13.71074,-9.957468,-1.652245,-21.01675,1.229632,-23.7794
783,783.png,13.66308,30.00525,-55.93541,0.742406,-41.7373,-2.150977,8.273575,3.922379,6.678032,18.77449,-14.70293,-26.36166,17.43663,-23.05283
784,784.png,-12.71978,10.62997,-3.660355,-21.22171,-115.6824,22.9031,-8.488523,8.957801,-19.77773,-5.93609,-14.1452,-4.291588,28.83882,-27.60426
785,785.png,-0.536821,-14.2546,-0.933327,-14.01794,-163.9186,18.97277,-11.76286,-6.567667,-7.074949,17.72075,-9.909435,-23.74561,7.728533,-1.956116
786,786.png,9.573398,14.29172,-167.6127,-2.70292,-72.66206,26.19017,-10.73263,-5.211353,-8.668688,4.889833,26.57544,22.37125,27.88177,0.117508
787,787.png,-7.530106,-23.89322,-162.0309,9.224919,-134.0956,23.55014,3.846842,8.052767,15.91907,8.932194,-22.60081,16.80539,5.542899,-10.64038
788,788.png,1.261665,37.09348,-71.72449,6.360448,-147.2661,-1.292891,-8.118685,-1.554671,5.783052,16.13615,-28.40512,-17.20011,2.573129,-1.406197
789,789.png,-11.52813,24.49525,-170.8907,-11.30542,-21.14628,12.27424,8.185055,-4.484629,0.211508,0.431339,4.797924,0.351408,14.10522,-3.938545
790,790.png,13.55236,19.50333,-70.05339,-29.07238,-83.86691,-10.90617,-4.084131,3.315985,5.680427,-12.31484,-11.00544,-16.59287,20.1231,-22.08408
791,791.png,3.104708,-8.36573,-113.6862,-17.96089,-175.1975,5.194382,7.719137,9.259787,-7.2099,-15.21965,-7.2925,-8.152396,17.41987,-17.5499
792,792.png,15.98493,-11.22369,-161.4044,-1.228052,-29.96597,-4.68843,-10.14978,-8.569942,-18.69257,-4.723537,-22.63229,15.28181,18.38714,-7.514709
793,793.png,-9.758036,18.30916,-142.4414,0.933181,-172.1496,23.96259,-6.726974,2.941,-10.07232,1.732256,-15.85898,-5.272433,1.753596,-9.605099
794,794.png,-4.236935,16.9044,-178.0294,6.963017,-44.45264,24.16823,-5.492579,8.271275,15.58249,-4.583532,12.13395,29.16276,27.3958,-4.693333
795,795.png,5.048532,-24.95769,-55.36299,-23.00376,-144.7344,-8.422703,-0.629364,-0.003553,16.98187,9.807686,21.05446,16.90018,14.31343,29.17815
796,796.png,-6.329109,-4.335579,-148.0333,-27.52337,-77.23499,-3.918603,4.034866,-0.429407,-18.73363,-0.109512,-20.37234,-10.82423,6.40372,0.567135
797,797.png,-12.64572,13.72934,-64.39072,-12.55463,-136.3868,12.08415,4.664145,3.259763,4.01141,10.85454,-0.564291,25.93743,14.94049,-16.21132
798,798.png,-5.710728,34.00174,-83.00137,-26.86594,-75.21473,19.17796,-0.488266,-0.591611,18.61767,13.77452,17.01995,12.03143,7.608034,-13.23003
799,799.png,-9.549463,-21.22083,-149.3993,-14.11559,-119.2076,2.395673,-9.504456,-3.515977,19.87687,-19.32329,-5.29766,-0.841194,1.842302,21.6785
800,800.png,-18.91754,11.90088,-20.85059,10.30772,-107.2482,12.19609,-2.803284,-2.809111,7.770814,-6.660898,16.16686,-1.356199,27.24135,4.086262
801,801.png,-6.548912,35.45439,-165.7103,-29.1537,-152.3436,27.14053,8.164035,-0.607723,-16.69391,19.97655,3.858265,-9.522282,14.14909,-18.72018
802,802.png,6.594371,-10.39353,-28.87422,-24.07728,-25.9381,13.11349,-9.220364,7.367456,-11.54514,2.779863,-8.205517,12.86287,13.50261,-34.89739
803,803.png,-18.30243,-15.66738,-104.7943,10.20513,-17.18256,-9.578859,-1.795341,-8.117779,0.072382,7.622695,-16.64974,28.97013,16.55392,4.314541
804,804.png,18.61357,10.11664,-117.6292,10.37533,-64.6309,-6.260263,-3.926706,-7.446644,16.10366,6.473932,3.375739,5.038078,23.30557,13.00665
805,805.png,10.76,-19.45776,-57.09168,-17.54958,-108.2254,12.60992,3.580418,9.996538,11.3352,-3.026001,14.44675,-27.61141,15.49689,7.998241
806,806.png,-13.39231,22.26625,-45.41489,0.165838,-120.8976,-0.516664,-3.318508,-2.085313,4.164669,-2.770126,-21.16879,29.81224,17.68742,-23.87426
807,807.png,18.30392,-21.6296,-115.4812,13.86274,-10.36129,24.43363,-0.643852,4.803486,7.046169,0.240337,-13.7668,0.921511,7.615108,18.28862
808,808.png,3.175505,11.72898,-68.57999,-7.195063,-32.15593,-9.32539,6.176739,-6.300292,3.362597,-7.007177,-17.02928,8.616056,29.73168,-0.62801
809,809.png,-11.5146,29.20513,-81.28401,3.926478,-168.2371,13.17224,10.91835,7.773014,9.125018,-7.858007,-19.10354,5.978032,20.9261,-29.36308
810,810.png,-0.736425,-32.11758,-27.83964,-6.254851,-145.974,12.44009,3.583059,-7.958522,-17.35041,-15.31596,17.81611,4.586559,15.69384,16.69919
811,811.png,7.089686,-39.74789,-172.2049,-15.64053,-96.54971,14.30742,-6.78554,-2.694825,-0.147669,-15.67353,29.13458,11.3317,15.09287,21.87798
812,812.png,-0.400732,4.392105,-72.52604,-6.91622,-114.3498,21.00621,11.04335,-3.218569,-11.45174,-4.012634,-19.4297,-11.50253,5.56111,-24.8875
813,813.png,19.06999,21.07752,-77.40575,6.319324,-178.5637,25.78268,6.053615,-5.819025,-11.38813,-10.33751,10.1715,29.14658,22.16908,35.5061
814,814.png,6.623706,17.96297,-157.7806,8.965298,-54.33991,18.52857,-8.184647,8.887377,-7.364119,-5.400068,-26.51539,18.5555,8.364409,-15.51277
815,815.png,-9.783638,33.95775,-112.3819,-20.66438,-102.806,17.03536,6.875707,-6.954674,1.723482,-6.588963,-2.439125,-18.69224,17.34226,2.820221
816,816.png,-9.145401,12.28142,-116.1614,-10.11747,-27.53803,1.346972,6.399324,5.696898,11.49647,-1.92169,16.92847,-17.07553,23.59562,-27.83968
817,817.png,0.050222,32.79385,-78.50885,13.24883,-27.75555,4.048214,11.06277,-8.315403,-5.493343,14.21595,28.20851,-16.12227,6.711595,-0.976654
818,818.png,16.71236,9.904102,-142.9306,-13.41283,-26.48117,7.042268,-7.998098,0.992521,18.63367,-11.91619,-4.96734,0.402056,29.53717,-12.85391
819,819.png,-11.6271,-19.30957,-171.9399,-12.7469,-150.8788,-6.371157,2.940002,-7.462118,17.28342,-8.551863,-0.547947,-16.51534,9.241299,-16.74611
820,820.png,-10.16598,-28.85237,-174.1791,-26.23723,-142.7602,19.25733,-2.505304,-2.344848,-17.88689,-2.374737,-28.58768,-8.672035,25.30599,12.78564
821,821.png,11.29378,-18.19764,-39.73487,2.256122,-44.83028,8.786615,-2.341711,-7.027481,8.56998,-5.106075,-19.32047,15.83909,27.48304,-3.245827
822,822.png,9.832821,20.83281,-63.82377,7.818288,-114.4384,21.05688,8.055224,5.411911,-16.13653,-15.30199,19.08162,28.37714,14.80782,-19.06634
823,823.png,1.404827,17.79243,-76.73782,12.0918,-25.61982,0.017772,-11.88497,6.06148,-18.66618,-12.61425,25.35971,1.685989,9.188445,12.77566
824,824.png,9.380249,-39.85519,-132.039,7.966753,-167.5353,-5.902741,9.733997,-7.577103,19.77341,7.665157,-10.13998,2.903964,16.0938,2.89555
825,825.png,0.898411,28.86189,-106.4601,-7.289589,-23.15833,15.08615,-11.83923,1.120196,16.353,-4.406998,-14.93004,28.36352,15.81744,7.995602
826,826.png,-0.321672,9.958939,-49.26433,2.9646,-146.217,10.36198,11.76102,-3.73499,1.135189,11.6492,-2.52372,6.485821,27.5795,-9.928299
827,827.png,-6.425297,-17.19858,-138.4876,-16.57254,-27.97974,16.34685,1.85726,-6.52697,9.467316,-0.884058,24.59119,16.24911,17.97542,-14.22941
828,828.png,18.43795,-12.02732,-29.50707,13.71065,-115.1982,-4.927929,8.468914,3.615987,-17.16215,-10.89108,-20.42462,-28.49648,7.274161,-28.32082
829,829.png,3.319357,-11.85314,-14.6931,12.12269,-5.560753,20.49006,9.903093,-0.184804,1.03863,18.70531,26.40431,-22.85778,4.467394,31.72105
830,830.png,-2.71373,-38.08438,-168.6024,-8.694717,-164.4242,14.77481,-11.12255,-8.365881,1.720984,10.74676,-24.71945,13.17944,29.08955,-37.61497
831,831.png,0.588005,-18.4041,-173.1836,-8.272966,-45.7474,1.433645,5.607287,1.063019,-17.99986,-5.762684,-0.728785,-14.50237,19.87111,25.70871
832,832.png,-8.619129,-1.536182,-152.6541,-3.173466,-73.62178,19.81812,11.83215,6.093449,15.0642,8.995285,-18.6507,-2.579109,15.17775,19.52412
833,833.png,0.593889,30.14995,-119.784,3.830551,-72.60292,26.49661,-4.613117,-4.718729,16.06983,-19.57122,1.144369,-29.85475,15.54618,-22.4486
834,834.png,5.393734,-33.6353,-143.7339,-23.69782,-28.25907,-13.25285,7.367671,1.051684,-13.90202,6.592273,-17.80864,23.43927,20.48862,0.877396
835,835.png,-8.756121,1.250404,-161.5965,12.06139,-157.1377,2.947248,-4.580971,-8.743809,18.04503,18.28648,7.466201,22.70483,6.420282,-38.20723
836,836.png,4.241522,6.693729,-153.3297,-27.53292,-153.0932,22.90513,-8.996078,-9.722931,13.20578,-15.5575,-14.51436,24.95926,19.0645,22.21195
837,837.png,1.061447,18.68652,-72.17883,8.14304,-128.1909,-5.642303,3.094182,-1.581055,-11.0715,-4.148247,24.19637,5.839752,0.847496,2.093033
838,838.png,19.24802,18.26327,-120.6155,-1.817135,-116.0641,20.07865,2.951382,9.114388,-8.142746,-19.88266,10.53261,17.72759,23.26638,34.71847
839,839.png,7.315716,30.34906,-19.15314,12.95153,-3.393723,-7.523755,3.85271,1.81424,-12.02613,7.150583,28.6098,0.549027,24.48436,36.14666
840,840.png,-0.621244,17.04384,-37.08994,-9.629628,-12.8745,24.0998,-0.035707,-9.01473,-1.494658,8.090897,18.49918,-14.46777,11.42591,32.90023
841,841.png,2.524015,9.216675,-178.1167,7.971185,-115.0838,13.78993,9.153628,-1.160954,-13.86499,1.641247,6.220983,-13.76382,25.09283,13.01353
842,842.png,-6.34906,16.55155,-171.1194,-5.046049,-76.74619,3.884159,3.853943,2.121686,2.440741,18.2352,4.321486,-26.30691,26.40706,-3.911842
843,843.png,13.84585,-18.06602,-62.24569,11.5415,-25.44314,-3.843996,4.633018,8.073611,6.51009,-5.16363,11.24811,-6.66261,13.93625,-6.609749
844,844.png,18.78074,11.79754,-13.69317,-11.0788,-112.0876,13.77894,1.120974,0.292691,-1.024935,-13.2478,24.17811,-0.261766,13.99343,-31.08224
845,845.png,-18.31881,18.10353,-85.95811,-7.720861,-150.3191,8.370197,-11.09692,2.810683,5.462274,-14.75546,-20.55978,16.52938,6.21378,8.523365
846,846.png,0.356949,-19.98938,-65.15855,-27.1135,-78.57121,-14.94477,9.698184,3.923473,-10.67784,-19.14772,24.51732,23.72754,18.14729,25.11275
847,847.png,-14.32022,7.56411,-14.33714,-3.813054,-166.5277,5.28335,6.295606,6.923906,-10.53572,-3.288977,-20.49167,-18.53535,15.19029,-38.38713
848,848.png,-3.052309,37.94991,-164.6703,-6.402174,-33.96349,28.346,-1.998747,1.734367,14.47241,4.201338,13.28655,5.606415,26.06769,-19.31664
849,849.png,-13.53779,3.11834,-66.26065,-1.573993,-130.3452,22.10442,10.10621,-4.020077,0.723803,2.564537,-15.80095,17.92249,4.119058,-3.635536
850,850.png,9.445009,12.00694,-37.50302,-6.65958,-88.97002,17.10372,-11.36923,5.379486,3.066828,-12.67239,17.64283,-28.09941,29.95774,-10.67187
851,851.png,-18.24903,-12.74878,-25.74086,-29.63316,-59.43031,-5.214261,6.801486,-5.942343,10.57319,-0.732843,14.3968,-5.530318,20.67822,-37.96188
852,852.png,-10.84964,-35.76711,-72.69959,-19.77152,-3.831009,-13.36401,-7.142822,0.243364,-17.82911,7.930288,-23.09181,15.4507,23.64824,-1.415688
853,853.png,3.294914,-2.700886,-17.94089,-14.48963,-10.13214,17.11787,0.995331,0.943209,13.13892,1.72014,-4.551919,-12.17752,29.64421,23.29864
854,854.png,-1.325138,36.74347,-123.9372,-3.570196,-125.2722,-0.548287,-4.040442,-5.947351,7.703327,1.520435,7.92459,0.456615,24.38402,-23.29449
855,855.png,3.695133,38.02575,-30.37484,-26.30497,-145.4923,28.51643,-6.846546,6.503949,4.481905,5.259847,25.46105,9.210526,19.70629,12.5959
856,856.png,-15.30152,2.56411,-112.6141,12.65481,-56.77853,-8.973516,4.236697,8.435099,-14.4195,17.10203,5.716399,-12.01197,28.34061,-32.94174
857,857.png,8.035851,-6.502861,-97.3198,-5.061574,-161.4383,22.55403,-11.6575,4.462807,6.931595,0.153997,3.834583,-10.34278,12.01098,0.960747
858,858.png,0.544203,-25.05027,-144.265,-29.5565,-8.625511,10.35717,10.89463,4.029593,-11.14427,-12.22597,-24.173,-2.151958,12.01061,26.66746
859,859.png,0.862759,-10.30677,-145.2565,-6.340467,-7.21405,-7.703828,10.79732,9.350963,3.227623,-18.58576,25.07358,-0.789553,26.99264,-25.54363
860,860.png,-1.365784,-6.950756,-74.3852,-8.363438,-120.7795,-9.94189,0.337221,6.026852,0.601742,-12.88313,21.06612,3.102104,7.857251,1.975578
861,861.png,-1.75782,22.83702,-172.6207,-29.38073,-150.6523,18.17895,-10.73705,7.605791,8.031988,19.06813,-2.526551,-5.479405,18.98641,27.8558
862,862.png,8.666029,-5.086494,-28.70339,-26.42685,-142.0597,-2.616539,-7.382489,8.848289,-14.3774,-14.6781,-28.56261,10.50609,10.95872,-13.97609
863,863.png,7.843757,-1.821075,-131.1768,-20.12117,-97.87427,-6.954511,10.78161,9.642696,-16.18113,-11.85363,0.762308,-9.850105,17.19994,26.61956
864,864.png,-13.08035,23.99303,-80.80038,-4.431523,-60.31014,-2.970923,-6.589794,8.265991,-13.97115,14.58937,-9.06464,-25.5513,9.522795,30.3443
865,865.png,3.361866,-31.0694,-58.18624,2.655722,-86.20428,-1.68159,9.67197,9.645662,16.02562,-12.8802,18.75149,-13.74195,10.81595,14.42242
866,866.png,13.91472,19.91078,-8.841484,-28.82319,-160.0711,-8.755657,6.016384,6.588554,19.34732,-1.297304,28.94928,-3.773964,17.84022,38.6291
867,867.png,18.71678,-13.42851,-177.6923,6.409029,-144.7587,20.61063,4.477123,-9.139135,-9.711264,-2.934725,19.81405,-29.17532,9.521564,-26.46951
868,868.png,-8.107784,11.86677,-44.69857,-1.134748,-162.9027,10.96143,-5.34441,0.718903,4.182804,-6.257813,-21.51893,-19.00105,17.54805,27.479
869,869.png,14.72375,37.65247,-138.3866,-29.21814,-24.81297,11.78047,10.94753,-0.375434,-18.01232,11.69476,-2.153545,-23.70302,21.00935,-1.64883
870,870.png,-2.510765,-8.848328,-2.591164,-7.418217,-68.99232,18.2183,1.022631,-7.641918,12.83526,0.679653,-8.367523,19.16209,25.56832,-21.15301
871,871.png,-19.83922,10.05376,-106.1605,-13.21737,-110.2056,-0.000038,7.303138,-7.346711,-10.22258,-6.107971,0.224894,-19.56541,29.96485,5.299076
872,872.png,10.96973,-2.520348,-10.2566,-13.72437,-1.651215,15.36573,3.187731,0.589243,-10.01298,-3.160517,-26.08402,17.52964,4.731281,27.61206
873,873.png,19.43791,-24.06251,-131.5849,-25.73727,-161.5395,13.28261,-3.39143,4.939353,14.18756,11.21184,18.89021,23.16901,25.09745,-5.183121
874,874.png,14.95301,12.82491,-95.72243,0.466552,-42.18422,16.84739,-8.601704,-2.32555,-3.08132,-1.461943,-5.034016,-10.17985,26.35179,-16.30424
875,875.png,2.942612,28.09559,-83.17192,-9.321937,-79.7915,19.10505,-10.82871,1.305405,2.31963,5.234785,-25.40039,-18.06205,25.74081,22.91773
876,876.png,-10.70961,13.90083,-65.82558,8.217461,-160.4715,5.006846,4.042139,7.370092,-19.83574,13.48833,5.564143,23.40089,23.35974,-0.132679
877,877.png,-1.640528,38.68362,-47.40395,-27.57546,-139.7882,7.128957,3.179031,-6.385782,-14.76879,-16.1416,-23.03091,5.928165,0.065331,6.713699
878,878.png,-19.56071,33.81461,-116.7666,4.227872,-38.17951,25.06573,-8.791449,-9.818823,19.17728,-10.1125,-26.63466,-5.866924,18.95074,-36.76052
879,879.png,-13.82024,13.01527,-16.24202,-0.080008,-4.089317,13.53392,8.910423,0.892159,13.89133,11.47237,-24.38247,4.506279,13.20281,4.192844
880,880.png,-16.57379,38.92814,-146.0395,4.444638,-178.5568,-7.77798,6.720485,-9.896357,11.05481,-3.281076,-20.04533,1.278408,16.23495,5.662991
881,881.png,-15.10946,-7.819649,-164.1089,-25.46979,-55.16156,26.86646,-3.701321,1.364127,-3.555672,3.591539,-25.06652,23.19173,18.7945,22.85785
882,882.png,-4.644463,-27.40131,-135.5132,-5.490277,-108.9067,8.443829,11.56737,2.06726,11.70201,16.39034,10.06825,-15.24575,22.97571,10.42215
883,883.png,-19.15586,-27.94499,-146.7098,-24.78557,-126.8089,-7.969018,1.035683,-3.165604,16.60849,2.323025,13.18459,-1.013935,28.28322,15.95585
884,884.png,12.28706,-7.444767,-36.77946,-17.63328,-50.53937,5.588323,11.71679,7.703598,0.885847,15.00301,28.61164,15.03528,16.49598,-18.34341
885,885.png,-1.193392,31.54808,-59.46117,-8.412518,-32.22058,-10.02201,-11.23587,-0.370282,-15.23318,16.44383,-10.24601,-2.900359,22.29541,19.46894
886,886.png,10.48702,35.40211,-97.68222,4.044683,-114.4613,8.849181,6.362964,2.049173,7.46653,12.20946,-19.24689,28.90464,9.978774,5.066875
887,887.png,-1.909515,6.235756,-110.2094,10.09475,-153.1681,-14.16829,-4.202364,2.022366,-17.09885,-16.69654,-17.014,3.885281,15.45584,-26.59115
888,888.png,17.15517,-32.80368,-167.96,-15.67791,-31.28031,29.06146,6.300029,-9.587305,1.908195,7.344165,4.130756,-22.67167,9.275402,-34.55163
889,889.png,7.29413,-17.65497,-149.8933,-8.202919,-80.95371,0.892107,8.35968,-3.683824,12.40934,5.809068,-15.93787,-27.24568,2.413927,25.76087
890,890.png,-2.81575,-34.9102,-54.26043,-21.18144,-170.9925,9.611534,-9.277046,-7.543413,-7.596542,1.73918,-29.84035,-11.52847,20.50621,-8.803486
891,891.png,2.848528,-34.95644,-156.1442,-13.96175,-152.887,16.08331,5.129748,-8.625689,-10.59387,2.225668,-27.88116,25.03608,9.903476,3.778671
892,892.png,-14.72643,3.788277,-55.41006,-26.43684,-148.5655,0.874147,-7.21217,-5.724318,17.21964,0.799473,-24.42767,-4.576589,7.901968,28.268
893,893.png,17.64866,8.240124,-158.5347,1.374784,-139.7412,11.29951,2.619797,-0.790144,-19.82301,19.40115,-24.40031,-1.419485,23.984,26.33735
894,894.png,-18.82284,33.46519,-166.7062,-7.783823,-11.71855,-4.660481,-0.689577,1.313339,14.44525,13.4355,-11.85634,-21.33706,1.634964,14.63112
895,895.png,3.117601,-22.85431,-101.0448,-20.40062,-104.9283,3.446798,-8.046221,5.339189,-3.952654,-12.91457,-21.8227,21.52159,14.31151,-22.00672
896,896.png,3.752558,14.92295,-144.575,-17.78883,-112.0386,23.04369,-11.94258,8.519697,14.67291,-7.037275,19.55914,-25.71239,8.015634,-26.81774
897,897.png,2.71055,-30.99396,-95.60701,8.361071,-111.4426,3.452115,-1.364933,1.348113,5.798826,19.26588,23.59975,15.28431,12.62075,18.10742
898,898.png,18.73542,21.08608,-110.297,-3.618359,-174.3337,-1.771364,-1.420536,7.386918,9.231133,-18.05229,-24.53534,-21.20651,17.39697,34.69714
899,899.png,0.984461,27.18617,-31.26671,-12.52972,-120.9009,17.81796,11.86221,-1.503839,9.717545,10.75373,6.904282,-0.571501,6.981092,-20.6958
900,900.png,-8.49972,2.582497,-2.558395,1.65168,-35.21632,-13.24718,-4.866865,-6.241625,-10.59608,-4.659674,4.206773,20.14964,10.3667,-8.88929
901,901.png,5.425415,26.78831,-145.3074,14.08597,-102.8308,-12.60841,-2.536644,-4.847859,-6.970636,-10.47632,17.62458,7.048641,21.66581,-7.737831
902,902.png,-0.14333,3.229691,-105.0153,-0.800964,-117.2331,20.06752,-5.764673,0.502821,-12.86535,-11.30038,4.844116,0.020559,2.590663,-15.44786
903,903.png,12.55125,-0.768925,-64.61613,1.854708,-6.19487,9.954025,-10.58557,-5.498207,2.263519,-3.951748,17.35501,-15.47299,15.55943,-14.48754
904,904.png,6.409278,2.786823,-6.80558,9.446545,-79.93042,1.303285,1.167015,2.07789,5.609459,-3.080027,13.76924,5.769943,6.580006,-13.74596
905,905.png,-8.533619,-4.388805,-97.88386,2.228795,-136.714,22.74916,9.87749,5.508857,13.2049,-11.20018,18.78953,-28.43255,7.071043,-26.64729
906,906.png,-10.73449,7.005505,-91.19649,3.992648,-68.21445,5.913948,6.419042,-5.130167,3.332865,8.208942,-6.08183,-18.67162,2.043639,36.68441
907,907.png,15.60621,-31.59164,-1.101593,2.693735,-161.8763,6.03335,-0.846556,-1.108588,-13.58178,16.08096,-13.47724,-26.89449,22.05135,-29.17456
908,908.png,-0.681326,38.70717,-71.39545,-13.96392,-164.6738,3.282557,-9.470381,-2.96884,15.01136,-3.983734,-1.630337,-8.310096,6.34061,28.97496
909,909.png,-3.037598,-16.58141,-112.2716,11.47279,-39.36629,22.78972,1.127222,-6.50045,-10.90665,-6.278008,16.93769,-18.00772,28.83844,1.77359
910,910.png,-15.4521,-38.94566,-22.55807,-20.5248,-86.81571,10.61073,0.984802,6.717095,12.50157,18.27187,-24.41802,-12.34169,28.73106,28.68303
911,911.png,15.51835,-14.29639,-88.94991,-2.424276,-99.5991,19.60574,-3.193619,3.354723,15.31438,11.40353,4.621785,-11.09376,28.95983,-11.70254
912,912.png,5.960102,-7.921375,-177.7713,-18.8301,-163.9865,-11.94773,9.404829,0.470625,3.666956,12.91873,-15.42402,-25.99069,5.77019,-7.436005
913,913.png,-3.372095,38.90034,-179.2982,5.849541,-122.1669,-14.68392,7.304149,-7.419586,13.41129,-11.58096,1.048168,-24.08643,21.97957,28.12129
914,914.png,5.792694,1.607307,-77.79718,-6.380845,-5.57505,27.18897,-4.765224,4.518523,-4.709909,0.288441,22.07934,3.782211,9.58936,39.99429
915,915.png,17.4371,-19.22646,-154.303,-25.53172,-25.75571,13.59827,-5.876074,2.038521,5.843505,4.366266,-10.52847,-13.36368,9.574591,-24.1079
916,916.png,-5.781277,16.83991,-149.2199,4.204784,-129.059,26.36643,-1.675251,-0.914921,15.23144,-9.945705,-4.099313,-11.52586,19.15595,-33.93554
917,917.png,12.82359,-18.764,-93.17495,14.03424,-160.8871,26.0477,-3.756811,1.349617,-1.309263,1.414654,-9.165942,24.16376,16.3552,-5.681911
918,918.png,1.850044,-7.067505,-108.4563,-6.856959,-4.85038,19.95861,-9.631422,5.46169,-6.206228,15.54118,-15.34385,23.91578,17.70959,-32.56264
919,919.png,-5.608284,-20.95424,-56.22348,-20.25633,-14.82613,11.12131,-2.980257,1.998225,-17.66634,-9.708721,3.378685,23.30944,16.67432,4.998497
920,920.png,-16.79047,-34.99593,-142.8695,-2.654082,-173.6991,-12.40899,-1.568563,7.525208,-7.181232,-17.9216,24.7062,6.321598,4.118643,-5.675064
921,921.png,3.437054,35.22239,-94.23739,10.47742,-78.77726,28.34313,-7.111614,-4.734794,-6.303093,11.14853,3.071506,20.73567,16.10963,-14.70159
922,922.png,3.480684,14.94416,-80.27134,0.643545,-131.5804,1.728474,11.1351,-9.695675,-18.75998,-8.350489,0.690476,-1.618298,22.10219,-22.61951
923,923.png,14.51745,-23.39198,-57.97638,-25.53567,-59.34699,15.89491,-9.256641,7.283781,-8.791458,-1.758968,10.08189,26.68661,22.16935,-28.74772
924,924.png,15.97309,3.589424,-168.5734,-14.72614,-179.138,2.144474,10.52169,1.463099,-17.60266,-10.95359,28.21329,-27.24473,28.68195,29.07043
925,925.png,0.571983,14.4527,-59.39364,-4.040757,-122.0554,-12.35965,4.413665,7.743025,2.644175,-10.66761,12.35166,14.99961,0.802617,-3.375629
926,926.png,-3.226164,-33.57316,-9.182381,-18.4142,-18.80167,-5.862749,3.843132,-7.315285,-7.492086,-19.27657,16.78803,5.072189,2.565951,34.29089
927,927.png,19.00914,14.85623,-55.69067,-9.574365,-155.6885,16.62929,3.075925,-8.353085,-5.766384,-17.94769,1.901339,9.632678,20.41391,-27.42061
928,928.png,12.78001,-23.06644,-100.5428,-1.598465,-93.69719,17.59975,4.314895,-3.488788,-0.469143,19.28416,7.022827,-3.850376,14.47727,-38.31398
929,929.png,6.125045,8.22123,-58.76514,-21.99979,-93.35893,-5.894426,2.194323,1.86366,4.609411,3.109257,18.0439,0.665091,5.905974,-29.08823
930,930.png,-17.94688,1.603741,-129.4136,1.376244,-72.02378,21.39766,-8.357716,-0.5802,19.9188,14.4252,21.88177,-20.96673,18.58058,-17.48306
931,931.png,7.818059,-25.90084,-104.2439,5.066937,-71.72868,26.7287,9.713203,2.991573,-16.50805,15.02049,-21.24129,16.25693,1.46837,23.22845
932,932.png,-2.397469,33.66743,-29.91624,-14.39457,-117.6731,18.61139,1.228447,-2.299219,17.20437,2.079184,-5.812207,12.57903,19.50806,16.60798
933,933.png,12.77821,-10.16695,-38.53627,-15.17437,-50.33601,22.20565,-11.44147,-1.581589,5.649232,-19.35115,-16.22691,23.56607,13.25595,-39.96117
934,934.png,9.033923,-12.98792,-176.8882,2.7103,-74.05567,-1.405054,-10.25889,-9.230145,8.655476,6.956872,-15.67717,-24.7099,22.1131,37.65437
935,935.png,18.81117,19.62959,-115.3152,-21.04184,-75.95976,17.807,-5.672581,-9.709885,12.59538,17.06741,17.36149,16.10234,9.987686,-29.94111
936,936.png,19.36959,34.19933,-18.34579,14.49819,-54.42052,-0.255884,6.710503,2.968704,-18.20305,3.451155,-24.23869,5.882796,15.7505,-18.18201
937,937.png,-7.686121,37.95004,-33.35937,13.32968,-28.72221,25.24344,-11.33584,7.773919,-13.84366,5.066704,-12.19438,12.53533,14.31441,-29.36916
938,938.png,16.2547,29.42378,-93.6169,-27.10523,-175.6876,-6.363996,0.513992,5.232215,-15.11938,19.49921,1.115574,22.57215,29.52972,12.28732
939,939.png,-17.31694,-33.03174,-84.86643,-6.550217,-142.4748,21.23219,-5.322672,-5.874743,14.42311,16.20499,-27.81268,8.700048,6.84974,-39.22136
940,940.png,-18.92388,4.285378,-123.7611,-10.09458,-63.93005,26.74022,6.118758,-5.893108,15.85023,2.401287,-16.75144,-0.567238,26.85538,-9.264015
941,941.png,2.399256,-4.189087,-138.5774,9.555759,-117.9603,-9.788661,5.926122,4.555814,-8.197887,2.415636,-2.935779,9.363348,12.91251,10.55271
942,942.png,-12.04413,-11.25223,-127.7138,-1.945019,-73.44164,-7.694661,5.391895,-1.070022,14.256,-15.93916,3.689549,1.481764,18.36172,-6.308197
943,943.png,-18.32372,-9.205269,-63.40951,-29.27762,-152.025,-13.83702,-10.62157,-0.39061,-16.77122,-11.7319,19.61065,13.06869,13.77499,-9.130322
944,944.png,-19.80533,-27.72255,-108.12,10.02984,-131.0723,10.4898,-3.112617,1.905333,-11.83174,3.576319,0.229887,-0.041603,21.50893,22.4194
945,945.png,13.49798,23.94742,-24.04886,6.032688,-101.2327,16.19949,-11.4932,4.132013,-9.580143,13.28985,-19.35519,-4.43549,3.877484,10.39624
946,946.png,7.767467,19.86388,-30.03188,-8.156403,-93.8284,27.18538,-0.651016,9.342039,-5.445765,15.05884,6.343636,12.32753,25.59248,-2.978073
947,947.png,8.267498,30.82973,-100.1447,-27.12813,-112.5194,-5.312403,-1.167534,2.24326,9.375091,-17.08472,1.807962,25.33997,11.87377,15.05077
948,948.png,13.20753,-25.73982,-27.14735,-27.43106,-102.2711,22.16756,3.92199,-1.183328,-16.31863,-3.370802,-10.13865,-0.943798,13.32106,1.890472
949,949.png,-4.55743,29.33343,-51.78526,5.321945,-67.28382,11.76565,3.221732,0.708589,12.93038,-11.67363,-14.85949,-11.69988,11.98457,-20.85746
950,950.png,-16.65964,33.49931,-175.9821,-5.661268,-107.9332,16.56893,4.924984,-6.537943,2.269218,12.50947,3.407825,-1.190783,12.66976,-25.85179
951,951.png,1.332205,-37.11963,-96.07736,-23.85488,-64.60176,7.087163,-9.46117,6.499943,9.548087,-5.246084,8.852748,20.95201,12.03083,-24.98181
952,952.png,12.22422,-21.60517,-140.0702,-7.249607,-63.85544,2.687632,-1.846775,-5.037398,12.30463,3.784006,8.695835,-16.85569,28.15999,25.12949
953,953.png,16.74635,20.08105,-162.4016,-10.69114,-130.6969,-5.925379,6.583362,-0.331722,-15.75365,1.580469,3.661111,19.9349,15.78278,21.08887
954,954.png,18.22545,-36.3784,-130.2251,-13.5123,-16.24146,-12.26149,2.405298,8.841739,6.394943,-17.82149,-22.12182,7.828987,23.33125,23.19916
955,955.png,0.013865,23.92166,-133.7975,3.506203,-32.4778,3.456353,-4.207216,9.897537,15.36913,-16.17993,-2.831451,18.23587,7.007897,-31.20038
956,956.png,-8.113567,12.8413,-50.36951,0.515776,-137.2079,-6.393253,-4.44883,5.4563,8.251581,17.55331,10.29982,-4.855754,27.02006,15.53014
957,957.png,-18.59745,-22.99802,-116.2351,4.018112,-171.3477,4.477014,4.542514,5.424988,-15.35442,-2.279356,-2.565491,15.48731,13.37947,-23.85023
958,958.png,8.195925,-6.300091,-4.346619,8.048765,-97.59818,22.262,-5.965614,5.807123,-11.78898,7.794799,3.672334,0.044735,2.225525,35.18174
959,959.png,2.243025,26.38214,-40.29309,-20.05947,-138.9368,7.258604,6.648839,0.775665,-1.73175,-1.161011,13.0165,15.10034,19.21674,-23.56846
960,960.png,-4.432489,-17.73077,-23.08168,14.17974,-152.8735,9.653343,9.893669,2.770576,-13.70967,-7.874105,-24.99098,10.51567,28.6137,12.11143
961,961.png,-2.599127,4.005905,-39.9996,11.91696,-137.3012,18.4212,-3.594145,8.443136,2.428629,-12.8912,13.84585,-15.21087,10.90897,-9.124073
962,962.png,-12.80087,16.04065,-76.62993,-19.98544,-26.22737,5.492691,-6.166584,4.499464,-18.55469,14.58136,-4.049088,-7.627956,1.516943,-0.244221
963,963.png,16.88134,-28.16398,-120.1105,5.381077,-22.1849,11.12372,8.221718,-5.909286,18.17637,11.17482,-1.087421,20.58687,6.098049,-20.22281
964,964.png,-18.80857,-11.33247,-3.771355,-7.200819,-155.5258,0.993935,-8.363667,-4.613618,-8.573029,-11.27692,-19.28817,21.39103,16.21227,3.759617
965,965.png,4.86232,32.66256,-94.08961,-13.75043,-75.78977,26.18493,2.170256,-0.107289,17.54906,-12.1068,29.54086,9.55809,7.394389,17.86699
966,966.png,6.145257,12.71411,-107.1527,5.807446,-35.24981,23.97705,11.85188,-9.954548,-10.89397,-10.19207,-0.44224,8.029639,4.894402,19.65617
967,967.png,2.338812,-5.590969,-30.69059,-27.8956,-171.3554,-4.995232,6.138341,9.111883,-8.613388,-6.605474,-4.910091,12.7899,28.41635,-4.80722
968,968.png,1.45912,36.49647,-27.83369,5.416928,-150.4363,10.24087,-7.309556,2.159509,-5.217096,-19.98437,-29.54626,-11.98404,5.903102,35.70022
969,969.png,-15.51206,7.344585,-70.71738,-22.88902,-140.4456,-4.339244,-1.312714,-6.929205,7.529339,0.798967,15.54082,26.21088,5.100052,4.152473
970,970.png,-8.325594,-32.29121,-113.2752,-4.308898,-142.8822,19.48109,3.255352,1.631542,11.10935,-4.200733,28.54457,-15.7279,16.27145,-31.58614
971,971.png,17.56549,-4.651913,-1.596474,-2.124094,-81.71368,-9.805323,11.68849,8.140829,6.12195,-0.553228,-2.520993,-15.84779,11.47163,18.91852
972,972.png,-1.041729,17.62581,-85.78072,-28.90838,-137.7268,6.525181,11.40504,-7.509172,1.962873,5.658988,28.03851,-1.243082,19.55416,-16.3424
973,973.png,-19.41655,24.97855,-79.4456,-18.62306,-129.3363,23.32561,-9.614199,9.886189,1.796104,14.29902,0.60953,-14.06974,25.42045,-0.970627
974,974.png,-13.25212,-33.41156,-123.8148,12.43723,-147.1258,14.71675,8.692532,-9.009354,-8.584959,13.11334,3.177448,16.11905,23.48459,-3.883835
975,975.png,8.001032,32.08652,-123.3086,-8.442584,-63.04778,26.17556,-1.877485,-9.494095,-17.26469,-13.81263,17.31067,-28.3585,27.14085,16.42818
976,976.png,-13.51974,-35.50331,-77.4253,-2.856031,-60.22931,-14.9447,4.894394,4.492123,-5.782225,-4.276697,12.1135,-25.55867,16.84074,-30.15263
977,977.png,19.91398,33.19356,-37.63464,1.813456,-14.97201,0.128986,0.724533,5.769844,19.59079,5.856632,-10.73956,19.47839,26.12321,31.5431
978,978.png,19.23517,-15.93891,-4.1847,-2.297768,-23.65779,29.61507,6.92736,4.086639,-9.538315,-16.81834,9.760207,-16.78954,26.52652,-0.216499
979,979.png,-9.753191,31.09782,-76.57677,14.08555,-126.951,2.219785,-0.029545,1.493668,-10.27074,9.134602,-29.28808,13.9027,8.630335,17.40387
980,980.png,-1.389019,-35.85854,-171.6845,2.007583,-4.882889,-1.034437,11.38342,-7.371974,8.279409,18.11905,17.20489,-17.16469,22.76821,-32.68432
981,981.png,-4.293316,-34.42519,-99.07609,-12.30913,-55.42084,20.37437,-1.684183,7.403073,3.81345,-1.573523,-29.40511,11.43111,22.37368,21.82319
982,982.png,12.96724,8.471848,-68.42874,-5.157077,-73.78052,-1.242196,2.702034,1.361674,12.77192,6.515398,-19.33791,-20.4224,14.53663,34.13932
983,983.png,-16.25363,-29.6609,-117.3768,-0.868604,-63.02449,24.98906,-11.17131,7.331371,-1.249063,-13.20235,-15.22628,-16.30858,5.841898,7.597126
984,984.png,15.32887,39.78949,-49.0469,-15.39428,-173.0365,2.481509,4.374275,-4.927219,-5.554731,14.84011,-15.22017,-18.1639,21.69934,-18.00993
985,985.png,12.38535,36.9223,-152.0159,2.431833,-84.83804,8.824526,-5.52743,9.974813,19.15339,12.62967,-12.54595,-1.502405,11.15635,3.797993
986,986.png,-19.56279,-19.79117,-66.43092,-9.551882,-163.068,10.59456,-5.862549,-5.801606,-3.626154,-16.73384,-0.194962,-5.71582,28.72978,13.3918
987,987.png,5.237431,7.456268,-33.82202,-29.28558,-160.2759,15.73406,9.855042,-9.164463,-10.92735,15.68016,-15.82981,-17.26883,18.91975,15.32253
988,988.png,-8.5159,14.65406,-134.8575,-25.51639,-89.37446,-8.301699,-4.307571,-6.33347,-12.75074,-8.427841,19.81438,-1.628197,13.993,-24.45301
989,989.png,13.98067,-38.64422,-177.867,6.253369,-160.8137,0.095921,-0.305233,-3.327433,14.17117,-8.623217,21.82923,0.020145,3.540426,-28.09074
990,990.png,-9.737461,36.71107,-143.7359,9.235937,-60.01147,20.39582,8.142749,8.628849,11.32453,-4.40872,-7.346531,-28.67266,24.91976,-18.78285
991,991.png,16.60327,12.06447,-168.1552,-27.73978,-104.9384,19.62858,7.270105,-3.40165,16.3416,8.954897,-25.14037,-20.20776,22.07951,-18.58155
992,992.png,-3.825434,24.57565,-114.5127,1.125914,-58.4483,-2.521797,-6.54041,-3.779012,4.5553,13.18868,-21.26611,21.49706,9.453973,-39.6394
993,993.png,-5.348179,-35.73978,-35.76853,-23.54944,-82.04544,7.502888,-11.2733,-3.374334,-8.872078,-3.579704,-6.218694,24.72481,10.28747,22.70806
994,994.png,5.229148,-4.163651,-172.8101,0.500627,-99.79999,-1.160732,1.428024,-1.343082,10.49849,8.964739,23.1155,-4.58947,4.879167,23.99757
995,995.png,-14.52528,1.5881,-136.9585,-4.841907,-138.1189,-6.072589,-11.60181,3.977656,-3.514526,5.973572,-23.48051,27.49063,27.06005,-37.32571
996,996.png,-4.566843,25.08349,-34.36301,-6.400254,-79.82201,28.70924,-9.397322,6.686251,-6.55472,14.86886,27.40537,-15.59887,10.89464,-23.47464
997,997.png,-16.0976,18.66626,-113.8458,-27.11501,-22.24615,24.23384,-10.24737,-4.248949,-3.798306,-7.952478,7.971339,-9.233219,14.23198,6.459888
998,998.png,1.16769,-15.47961,-148.5433,-6.194105,-17.44142,27.18823,-4.818962,7.419353,-6.933945,-5.934389,-7.569999,28.2448,21.37243,-26.15055
999,999.png,7.816896,36.452,-151.0522,-13.83234,-74.25765,5.333673,4.472511,1.841268,17.12481,11.3465,13.13742,29.58089,22.46556,-19.41816
1000,1000.png,-1.867025,7.924076,-152.6212,-24.75138,-29.52282,27.47173,5.084492,3.016431,-15.83199,18.87162,-15.78762,-8.578759,20.38623,21.20179
1001,1001.png,-18.91657,-33.17863,-15.59969,-9.705004,-20.06419,23.31549,-8.612934,-4.112042,5.934019,-18.22089,-5.028102,2.18127,1.825193,15.28519
1002,1002.png,8.574901,4.310947,-115.8171,-12.6324,-111.2041,17.38313,1.434433,-1.088873,17.98832,-8.35335,-6.004498,-17.84486,24.34713,-22.44206
1003,1003.png,-15.03912,35.86115,-77.7757,-16.05206,-47.55205,8.641459,-2.311537,-5.133228,3.492897,-13.89366,-21.15177,9.550402,27.94053,-37.10659
1004,1004.png,17.23963,30.77394,-57.23815,-5.953537,-54.38192,-12.79854,4.751194,4.87812,13.63429,17.38825,-1.765783,1.298929,7.550931,12.87331
1005,1005.png,-11.55934,6.758217,-98.5648,-8.063745,-19.15611,13.27243,3.377572,2.373353,-12.963,10.78764,-2.926414,-16.97099,6.048785,-3.749775
1006,1006.png,5.329193,-8.00489,-158.3837,-22.59789,-106.2172,0.243839,-11.86441,-2.568003,-18.91261,18.70256,-8.66258,21.71915,8.962342,16.78673
1007,1007.png,-2.371061,-3.6894,-11.07501,-23.81661,-31.59752,-5.88905,-9.307369,-9.573681,7.902255,-8.920366,3.667099,-13.28587,1.883934,-35.56696
1008,1008.png,3.246376,9.866482,-83.49995,-8.079,-147.4551,1.29078,-11.79111,-1.359538,16.83967,18.32594,29.06798,9.148048,23.87571,-34.74331
1009,1009.png,-14.84661,-3.293072,-43.03699,-8.459762,-175.4872,1.290785,8.257721,-0.74387,13.07423,-13.87968,7.96701,-5.506629,28.35932,26.97605
1010,1010.png,-3.851612,35.07124,-39.31703,2.118331,-139.8458,-10.23972,0.489376,-1.524586,6.00502,-3.405449,-24.33191,6.596249,15.82927,21.57934
1011,1011.png,13.17045,-8.056236,-39.29967,5.355983,-19.18713,-2.49319,-9.352589,9.693811,0.809471,-16.69874,-20.09007,29.87202,17.06182,-20.96798
1012,1012.png,6.293697,-30.64335,-42.47263,-20.03326,-62.02272,-2.126504,3.653626,-2.879244,-17.21266,-18.08462,-22.98154,-17.23806,2.874352,-17.54122
1013,1013.png,-1.735823,37.36476,-105.3749,6.064091,-65.28315,-3.379798,9.525447,-0.354599,0.637806,19.87573,-0.532183,25.62835,16.10797,-22.22606
1014,1014.png,5.374474,38.19721,-58.58668,-15.09402,-157.934,9.23543,-11.44361,9.868593,-6.494158,0.586966,17.89847,-3.645447,29.38053,-5.669342
1015,1015.png,9.500041,28.84491,-75.9127,10.3019,-94.23341,8.195108,8.432346,-9.413948,-16.92362,-14.13735,26.36484,5.856725,12.13082,38.60348
1016,1016.png,6.851596,36.85494,-171.3833,14.841,-122.0314,-9.123017,3.051884,2.674606,6.164497,0.205719,-14.32274,-21.14618,27.09706,23.05057
1017,1017.png,-5.9534,9.167274,-116.1612,-0.744927,-75.21171,24.27443,10.31779,-5.09315,18.87696,7.647323,-14.69038,17.09916,22.35155,38.04389
1018,1018.png,3.455965,-9.272839,-40.95603,2.486883,-18.81463,17.01273,4.320516,1.023463,7.009181,6.852908,-0.292307,3.659481,6.17392,26.52129
1019,1019.png,-1.510666,-23.11361,-85.93835,-12.35397,-145.1356,0.963277,-7.535723,7.219238,-9.716757,-11.93846,20.99009,-29.09325,7.876913,-30.52911
1020,1020.png,-15.07297,34.00403,-12.79221,-22.71604,-32.80042,29.12831,6.35436,8.468525,-10.28639,-5.231831,-10.23285,-23.80917,17.67484,27.11224
1021,1021.png,-12.5201,0.758472,-176.533,-4.59361,-133.6001,2.352677,-4.223497,-6.387014,14.86338,-12.49799,-10.12654,23.03576,29.08565,-21.26465
1022,1022.png,5.380702,-5.556427,-43.0871,-20.94673,-131.5036,9.100954,4.647857,2.302908,-4.082897,9.807582,19.68801,6.726791,25.2364,14.48061
1023,1023.png,16.9983,4.225086,-157.7661,-3.377947,-172.0931,-6.668243,-7.601681,5.157471,19.96536,6.289897,9.929201,-12.06467,27.45745,-13.03538
1024,1024.png,-5.242588,-5.176968,-175.3525,-26.06877,-19.37514,-9.715421,-2.494671,-3.549503,-8.138182,-9.679863,-13.00507,-25.79496,28.29852,11.56644
1025,1025.png,-10.42372,16.43393,-33.16912,-13.04313,-134.0388,6.457111,-10.06628,9.667681,-3.848074,3.464405,-8.901325,3.054382,15.16316,-8.350929
1026,1026.png,7.062721,36.43819,-166.174,-26.8727,-88.90217,28.97913,-2.108124,7.470734,-18.53534,-3.27161,13.01833,-6.9753,12.60256,4.776417
1027,1027.png,-10.35151,12.92023,-149.3014,-10.33733,-104.4445,4.262233,-6.916992,-4.274217,-7.842329,6.85152,-7.08926,29.47541,25.15608,33.34806
1028,1028.png,14.21572,-2.998501,-111.9409,-11.18929,-30.39428,-10.35374,-5.530096,-0.12577,0.063736,5.64496,28.8853,-6.05774,2.165537,-28.73344
1029,1029.png,-2.160961,24.07594,-123.5334,-0.80098,-115.4333,-7.810194,0.490315,-8.396145,-0.074604,16.55883,-27.31861,23.9923,17.78098,28.75087
1030,1030.png,11.18716,-35.91855,-166.8714,-10.56515,-15.2007,12.60348,7.710085,1.856175,8.218254,6.960892,21.09708,6.513824,2.180836,34.98009
1031,1031.png,16.95146,21.9327,-93.62222,11.98428,-166.6696,8.078104,0.019148,0.4589,13.87225,11.3105,20.02088,-11.94245,2.107562,19.81063
1032,1032.png,19.48737,-7.181114,-135.6703,-1.281261,-168.6067,-4.704813,-11.07121,-3.389627,10.63557,-18.57502,5.722943,19.18746,8.287971,-23.06255
1033,1033.png,2.987558,17.30836,-7.37545,-2.274733,-47.57688,-14.18422,-3.736944,-8.789413,4.96627,3.61161,-26.47526,24.8193,27.81729,-33.29813
1034,1034.png,-13.08643,-29.56133,-124.3559,-24.81648,-160.8645,17.99638,-7.936111,-2.046944,-0.559151,-19.81392,-11.38615,-22.64998,9.028224,-34.56437
1035,1035.png,2.890671,21.61542,-55.63016,10.42094,-157.119,18.67018,-4.740747,9.498636,14.48387,-7.638109,-29.97612,-6.407865,11.28685,17.48244
1036,1036.png,-11.68769,8.120228,-108.4546,-6.204275,-43.89648,3.511542,8.759482,-4.83667,-4.782793,-16.32389,23.27224,13.37451,16.4859,-4.827419
1037,1037.png,7.379131,32.13423,-50.59906,-2.588862,-164.4906,13.7663,-3.369818,-1.466204,-8.711327,-19.14349,-10.99876,1.777578,9.965188,26.03705
1038,1038.png,0.978735,-19.43882,-80.98377,-8.89546,-24.9783,-13.14391,-4.553659,-0.487246,-14.35636,-5.018055,-20.83464,-22.51009,6.26024,24.98331
1039,1039.png,-1.819145,13.74394,-163.3215,-18.81508,-118.7767,18.88778,2.986017,4.496643,6.882567,11.08035,-0.241196,14.01204,7.452003,-33.68124
1040,1040.png,2.909157,2.064053,-107.6291,-6.296485,-24.07798,3.386518,-3.50569,-1.063298,-16.30759,-8.336079,9.764571,-22.82563,19.57667,15.17733
1041,1041.png,-3.263561,34.76433,-129.8557,-23.97317,-23.37183,7.294073,-0.31098,1.511549,1.224201,-9.402006,25.69813,18.12849,7.064388,-34.94077
1042,1042.png,17.8239,0.175365,-149.3535,-27.71041,-1.109451,-2.478957,6.88443,-6.339756,0.744993,0.579292,-24.36284,25.41076,14.48494,-7.296814
1043,1043.png,11.98949,-27.81866,-153.6044,-15.85855,-117.7842,-6.890138,-8.125843,-2.805447,-4.729912,-12.73489,20.18619,-4.274451,1.570888,-38.89935
1044,1044.png,9.816618,19.56579,-148.4225,-10.77249,-19.73567,15.00994,6.323513,-2.739414,19.48923,-2.514174,21.67752,8.650195,3.547529,16.13701
1045,1045.png,-16.48476,27.15122,-9.967606,-29.84428,-1.466957,11.45018,-1.018265,-8.261131,18.38694,-0.77132,-25.26411,-24.71217,12.07932,-34.1171
1046,1046.png,-16.85685,-15.52201,-66.20038,-9.359938,-162.7713,17.45127,-2.656109,9.901154,15.80283,-11.79502,-19.00332,8.347248,23.67535,30.38194
1047,1047.png,16.67947,-34.91611,-31.01432,7.819684,-140.0444,-3.118965,6.520048,-2.817808,-13.89564,8.374243,-22.26183,2.148883,10.48914,35.6718
1048,1048.png,-3.70302,-15.4399,-135.6533,13.1992,-178.8318,-5.455702,-4.994335,8.654348,-16.5297,12.20645,-6.604969,0.105833,29.44876,-21.74958
1049,1049.png,0.965145,-15.9902,-112.558,3.288734,-80.60788,-13.61193,9.357345,7.144856,2.467402,-6.641586,-29.12655,27.68668,5.119314,13.53686
1050,1050.png,1.034992,20.07058,-119.3464,1.312048,-92.88924,-5.123082,1.833145,-9.652405,19.71736,-18.00585,1.835043,-1.25346,5.624968,-27.54845
1051,1051.png,-14.05117,-17.57059,-172.4843,7.850835,-85.09758,9.170723,9.14031,-6.177492,2.027018,11.30815,-10.29807,11.08282,12.18066,14.57013
1052,1052.png,-5.373957,39.19334,-80.58254,-0.42252,-122.0826,25.84709,5.126354,-4.275995,13.23792,-17.61744,27.64651,27.29493,14.9188,-27.67484
1053,1053.png,10.24612,29.83678,-105.0931,-3.419869,-178.9536,26.27281,8.472579,4.716957,4.606745,3.385609,-10.1758,-24.36485,22.24298,10.68194
1054,1054.png,16.65325,-8.939816,-137.603,10.30606,-54.27097,-8.800578,-4.558249,-2.943024,4.969337,18.04079,20.31312,-8.027827,15.65333,-3.498798
1055,1055.png,-19.45143,-9.897255,-1.63945,-15.73863,-162.678,3.536073,-8.783215,-4.690646,18.51576,0.242836,-21.29203,29.80359,7.283467,9.550167
1056,1056.png,1.226051,4.260086,-81.63304,-23.0354,-96.14585,26.16563,-5.160263,-4.435038,4.800575,19.97969,18.87159,-2.569797,1.952541,-17.69613
1057,1057.png,-11.1474,-20.2076,-170.7462,-8.536129,-177.1404,2.439291,-7.75807,7.740197,-14.70527,-15.83442,18.00501,-29.85096,26.83707,8.78738
1058,1058.png,8.164238,-8.855644,-159.1815,-15.39725,-172.5307,12.84543,9.992206,1.175138,11.56068,3.377134,-23.9508,22.41833,8.823272,-23.08424
1059,1059.png,-10.10327,9.067444,-76.95308,-19.77144,-158.4648,-8.160313,-11.39972,-6.106903,9.874271,-13.7348,-13.15857,20.96911,6.717521,-16.80413
1060,1060.png,-7.047661,19.86019,-18.58093,-13.19584,-4.10981,5.867358,8.879336,1.211413,-0.988358,3.557941,-24.27454,29.77995,5.884542,12.28294
1061,1061.png,-4.063948,39.88145,-96.77415,-8.967331,-41.53845,16.96277,11.15157,-2.961573,-7.522381,-5.539558,27.69694,13.39417,12.21654,-17.47724
1062,1062.png,19.43141,-27.04764,-42.28786,14.3078,-48.9267,-2.629461,-2.915939,-4.689802,-3.264196,-13.55119,3.635585,9.058147,24.30108,-35.2412
1063,1063.png,-7.573559,-39.31818,-67.76147,-8.950333,-160.28,5.823429,11.4044,-7.601757,18.94284,-13.65481,22.27983,-8.195603,26.68732,17.70454
1064,1064.png,17.52371,-0.041355,-168.6523,-12.45371,-158.5431,24.26676,-4.860977,6.066877,-1.582478,11.27176,-3.50766,10.49181,13.89078,39.09303
1065,1065.png,-17.49022,-17.83788,-92.61259,-18.32466,-97.9171,19.82731,-11.02124,4.042015,-19.10818,6.164512,9.00836,23.90018,0.240165,4.882092
1066,1066.png,-3.657768,30.5768,-108.591,13.31546,-98.02065,15.58691,-3.66922,-4.490551,-13.50045,-10.5431,-9.032611,2.920586,25.24073,-37.45497
1067,1067.png,5.630154,8.181194,-169.432,-25.33076,-146.9151,6.313989,6.829891,2.673983,13.85324,14.11,-0.927733,-15.89203,17.06136,12.37267
1068,1068.png,-9.904516,-14.65464,-31.80875,5.260335,-17.96101,-5.042819,5.969381,-2.116242,-10.43014,1.56048,-21.81812,12.99839,24.9067,-8.973995
1069,1069.png,-5.987871,-35.89487,-169.0085,8.549646,-77.20952,-2.998175,10.56198,1.527987,6.227745,0.520479,23.38614,-5.735081,22.49981,35.56782
1070,1070.png,-18.20744,18.19434,-16.35118,-4.543162,-155.2398,-4.631631,-0.748823,1.140121,2.661751,-2.764666,-14.70941,25.65989,26.29316,-38.67616
1071,1071.png,17.979,-16.66027,-61.42684,-20.65097,-13.17525,19.14919,3.714474,0.897003,-6.39558,-7.130688,-28.74088,22.27773,21.74466,12.47613
1072,1072.png,14.08755,-32.08648,-113.5425,-12.08635,-139.8627,26.94909,-3.06477,-3.831287,13.85905,12.36859,20.87535,-11.94347,28.58965,15.11214
1073,1073.png,15.65254,-5.088295,-144.2011,-14.13693,-15.3199,29.56962,-10.93155,4.167196,-0.853855,16.09914,23.984,-25.97892,3.026952,-27.70728
1074,1074.png,16.05906,28.80552,-100.7875,4.060089,-100.4292,27.63217,3.411641,3.654332,1.981333,-11.63206,15.32049,22.68431,7.146592,11.72601
1075,1075.png,7.205753,-32.43701,-11.59882,-13.7688,-32.20554,23.27592,5.43017,-0.689221,3.585197,-1.818392,27.17822,16.28889,25.09203,-9.336037
1076,1076.png,-14.97912,15.0129,-48.62556,8.980957,-178.6383,17.43044,11.53038,5.215182,-4.542902,8.259287,28.35983,-17.16308,15.72134,-20.34369
1077,1077.png,2.071611,-5.959229,-27.44396,-25.65061,-51.78992,10.79923,1.120895,-7.844027,-8.241035,-4.812019,-25.19246,19.00105,21.30515,24.52621
1078,1078.png,11.84513,3.940159,-62.95607,-3.739122,-111.1023,11.53828,-0.621576,-7.411869,9.017944,1.44684,3.430241,-24.24337,29.17953,-0.100685
1079,1079.png,-7.374857,4.631458,-143.7272,-7.15248,-78.00144,22.88427,-0.498674,6.227405,1.114662,-16.52814,-9.539777,-0.819115,11.1276,3.80901
1080,1080.png,7.658324,34.14047,-13.93631,-3.363441,-35.15349,13.07687,-10.30677,-6.126825,19.64236,0.757563,-12.02235,-14.17674,28.56509,-38.40181
1081,1081.png,-9.680889,-37.65156,-89.99628,-17.73876,-38.19028,-12.20053,-8.643124,-1.299418,14.60463,-1.324083,9.80888,25.57072,8.526844,17.12206
1082,1082.png,-6.223738,-21.39696,-99.15027,-11.30884,-21.0223,16.71004,0.151678,0.914358,-13.8878,-1.62278,9.722485,-9.963244,20.29308,15.61923
1083,1083.png,-1.063177,-26.12192,-26.93163,12.99086,-101.1973,24.30188,-9.741459,1.70977,-0.58255,-18.2768,-9.148518,2.062722,4.733644,4.462189
1084,1084.png,-19.33355,25.79425,-2.160423,-21.72267,-160.0847,20.60289,-5.863035,7.274143,-18.6747,-6.513203,27.8922,-18.89223,15.37256,0.671009
1085,1085.png,4.717205,-28.31386,-119.7235,-6.776976,-99.46647,22.53981,-1.544365,4.261913,-10.19881,9.55255,15.40258,23.96076,21.07447,28.61403
1086,1086.png,-9.293983,26.45773,-127.0775,-22.84158,-79.27903,29.33479,0.623461,-1.759366,7.993312,-13.2586,-19.84204,27.4455,20.74255,-33.61868
1087,1087.png,10.71669,12.85265,-55.58213,6.673639,-143.6001,13.57085,11.46413,3.327787,10.42027,-3.842476,19.22733,-22.92887,7.430592,-7.308861
1088,1088.png,-14.16832,2.073895,-161.681,4.410123,-147.395,1.49002,1.582869,3.796525,2.7693,19.1342,-2.882893,17.38626,20.34646,16.65744
1089,1089.png,19.48391,-36.69043,-62.01246,12.5221,-173.9242,25.98671,-3.469015,-0.021034,-14.84793,-7.057688,7.767527,26.2692,16.10008,-19.10986
1090,1090.png,15.22472,-4.610809,-171.1998,-18.32128,-178.5727,-2.446401,-10.07262,6.215169,3.191254,11.07094,25.59014,-14.59634,23.70263,27.36775
1091,1091.png,19.44122,-14.30025,-160.0074,-3.514272,-20.77721,19.18075,-4.160589,2.5722,16.01201,-16.10949,-21.58224,-5.285671,28.66939,-36.47716
1092,1092.png,-19.64181,-32.433,-74.45148,-6.562416,-12.72747,-7.435328,-9.209286,9.203533,-7.890614,-19.11575,6.767475,-28.46392,11.96523,-38.75884
1093,1093.png,-1.994255,9.67358,-138.3113,-19.58984,-126.6865,9.253035,-11.93741,-8.847544,6.457438,-8.670256,24.65295,-2.887198,26.54937,28.83736
1094,1094.png,-2.548382,-25.55548,-67.94093,-16.29621,-53.02477,23.69532,9.353577,5.662813,-10.27648,-14.1172,-14.38785,7.565295,26.79491,-30.39806
1095,1095.png,6.599487,16.23534,-172.0482,-20.02809,-46.90345,20.48901,-9.143444,4.861343,12.61152,10.25717,23.73166,15.81488,3.943845,10.24088
1096,1096.png,-1.440704,35.2076,-33.01982,-25.08726,-61.42706,23.23291,10.09838,-5.423433,-0.51531,14.05278,10.00437,-11.27257,29.40196,-18.24311
1097,1097.png,-16.85227,-19.41233,-1.970047,-2.405061,-77.10606,-11.15356,1.690094,-6.926144,-15.74185,8.236202,-21.75324,20.7959,24.98621,-1.139694
1098,1098.png,-5.633591,-25.46892,-103.804,-11.62867,-22.89706,2.343622,-6.431846,-7.768047,-14.48187,-8.712051,-28.38396,-16.82164,10.51895,14.32384
1099,1099.png,7.117424,-32.41255,-118.7164,-9.039875,-152.0632,13.68859,-11.99634,-2.521292,-0.521118,7.370353,7.173984,21.33795,3.071337,39.21869
1100,1100.png,9.265766,-16.75043,-27.53616,-10.99954,-135.0948,24.59411,-3.517126,9.489989,-5.025785,-18.40271,-27.37289,-26.00679,14.27956,9.369064
1101,1101.png,-9.027369,-29.38069,-98.57829,-15.94133,-21.71823,2.600771,5.884841,-0.62657,-9.286654,8.76153,13.15383,-4.847763,2.266062,2.452053
1102,1102.png,18.45564,7.740215,-37.23993,5.400523,-166.0124,-4.362767,5.655469,7.177541,-18.97009,10.75546,14.6138,28.83029,25.10869,-2.669273
1103,1103.png,19.44275,-38.9826,-119.3522,-20.62704,-82.14704,3.827002,-7.439579,2.139531,10.15919,2.367075,-6.604031,-17.89455,16.56103,-11.54895
1104,1104.png,18.08141,-37.74265,-160.5439,-2.49787,-17.27193,-0.524459,-3.938658,-4.370209,9.076738,10.18507,4.909432,11.83969,17.514,18.94423
1105,1105.png,10.31925,-13.54475,-137.7037,-14.12361,-155.7954,-13.67874,6.812286,-5.075396,3.174927,-10.84144,-10.26936,5.334366,17.71445,-17.35311
1106,1106.png,-7.827332,18.74163,-152.9309,3.541945,-112.0326,15.20724,7.53054,-3.320359,-15.01279,-0.103014,-25.13096,15.19638,26.84285,-31.69532
1107,1107.png,-13.49416,9.945694,-100.7365,4.804064,-132.7291,21.71259,6.600571,-3.355798,13.50712,-5.078362,-26.22683,-14.72175,18.07328,4.173054
1108,1108.png,-17.00198,29.11434,-99.4598,11.1805,-48.85953,-2.08949,-7.681978,4.741647,15.75346,18.65038,-12.42015,-23.05121,27.49179,19.81204
1109,1109.png,-3.922522,-1.115623,-171.5665,-23.11683,-24.02142,11.2818,8.43756,-9.787348,-15.44976,4.230978,28.28053,5.179328,29.72688,-12.68013
1110,1110.png,12.72275,-20.58415,-115.3142,-18.46272,-150.8954,4.784781,-6.015833,5.664148,2.593525,10.71016,7.380506,10.08684,9.786338,9.312557
1111,1111.png,0.557688,33.94651,-126.6049,-19.80344,-39.00988,3.137894,-1.517523,0.040699,-2.670767,-16.60935,-26.82119,-6.230824,1.108196,-32.89441
1112,1112.png,-8.329622,-10.59624,-167.6574,8.002218,-10.52123,-10.60626,6.161571,3.257918,-12.6239,-3.650562,29.80054,21.57606,29.38228,7.619072
1113,1113.png,-12.79616,4.408031,-93.67369,2.892325,-79.57465,3.604866,-7.065963,8.81669,13.29281,-5.445425,-15.32299,-0.389483,8.590166,-16.53406
1114,1114.png,14.77821,-11.72543,-173.1575,14.71058,-177.1496,-7.676985,2.817081,-1.349002,-14.6222,-18.26703,-3.415436,17.26563,26.40492,12.72194
1115,1115.png,15.87185,20.98789,-15.58432,-23.51331,-144.2279,22.1224,8.486804,-8.099918,-3.024723,11.00873,-8.730552,-7.991577,24.6797,1.040169
1116,1116.png,-6.979877,23.67954,-35.00573,-15.28816,-40.10613,19.0591,-1.451754,-5.496538,8.207464,-7.172287,-17.63811,-16.69579,19.87177,-33.03333
1117,1117.png,-16.10496,-36.97775,-50.76414,2.095318,-114.9069,20.99706,-9.581703,4.236414,6.241783,10.82206,5.634388,15.97338,22.97192,-28.47229
1118,1118.png,-6.137964,-16.81142,-79.22714,7.492567,-139.4272,29.53328,-5.645092,9.120056,-9.854191,18.95124,-16.15647,0.07457,21.6899,-0.128464
1119,1119.png,-12.6838,24.16349,-47.27149,-22.89955,-112.9621,12.53095,-10.27367,-0.590945,-0.500048,-8.808926,-12.75826,15.66694,26.5138,31.70249
1120,1120.png,-6.757067,17.02679,-106.6857,2.388494,-121.7855,17.74311,8.104297,-1.523708,-17.39479,8.070663,24.33093,-26.36311,11.13423,24.36163
1121,1121.png,-13.94615,-18.00968,-61.37358,-17.48585,-117.9567,-11.48124,-11.00386,-2.328664,16.62944,5.256839,20.61622,-9.892097,10.68077,-36.97102
1122,1122.png,2.283298,-9.508835,-120.2491,-10.79198,-118.7243,13.64741,-1.214777,4.095333,13.8485,-0.695417,12.58113,27.35664,6.868222,30.76304
1123,1123.png,-6.10955,9.340378,-35.87138,-14.53465,-173.2765,10.2622,8.339736,6.221035,-11.82763,0.081827,-13.04231,17.69161,11.9325,-1.074833
1124,1124.png,-2.001631,-15.05819,-109.5442,-1.666406,-166.4751,10.91016,7.549338,-9.630928,11.20225,-18.12427,-13.89251,-23.16308,11.50182,-30.61821
1125,1125.png,-12.90932,-13.12746,-70.10735,-3.737249,-87.82373,0.848087,-9.715305,2.856908,1.977871,9.079332,-25.58443,-18.45963,8.224012,-11.03604
1126,1126.png,9.090323,18.60177,-1.339149,-0.389272,-73.78764,2.346455,3.159024,-5.710878,-14.33792,-19.78514,21.50733,-24.11754,27.86223,15.05941
1127,1127.png,8.179588,-4.753586,-165.1411,-10.73005,-114.7353,16.79809,3.05213,4.442959,3.71155,5.778045,16.16138,-19.58767,18.70665,-34.95034
1128,1128.png,15.53104,23.02982,-11.05439,-15.29322,-176.4258,-4.747771,11.3964,-9.512363,-6.68235,-7.253082,-15.04292,20.1488,2.014436,-27.68684
1129,1129.png,-16.84657,-31.61378,-178.0957,-21.93384,-38.77488,-11.62924,-0.076632,6.251299,4.171312,7.319402,26.81482,15.35779,22.97621,-19.84304
1130,1130.png,10.54585,19.40005,-84.81223,9.520016,-175.8726,19.76239,10.27067,-3.399614,-11.09182,14.92442,22.02922,-20.9687,21.86073,-35.28383
1131,1131.png,16.70936,3.387867,-150.3003,-19.39319,-94.60304,-3.960103,0.474178,8.325998,-9.505041,-6.201603,11.37219,2.002162,7.828658,17.09061
1132,1132.png,1.15575,-36.70975,-150.3993,-13.28008,-142.7879,17.34197,-6.872952,-6.714394,19.83711,-6.864927,9.025232,-27.17556,15.51941,16.96974
1133,1133.png,-4.647472,3.632523,-112.0843,2.769738,-172.8253,-5.497813,4.015048,-8.012157,-17.80367,5.178608,0.82151,-29.08984,23.99086,8.321606
1134,1134.png,-19.31337,6.852879,-37.60842,-29.20919,-68.52277,20.24281,6.85045,-5.620937,-17.01921,-13.90193,-19.00083,-23.66182,8.454836,1.444584
1135,1135.png,18.08518,34.32694,-133.8439,2.927773,-161.6489,17.34106,-4.008286,4.426239,-11.07259,6.332674,9.227221,-13.36773,4.176975,3.51004
1136,1136.png,2.835934,-11.45918,-101.0649,-20.32008,-64.20868,-0.998159,-1.987579,5.368721,-13.55805,-2.465164,14.32181,16.31789,14.32992,20.48512
1137,1137.png,8.319144,9.75016,-122.2836,-16.25808,-83.32399,10.26245,4.214429,9.085116,18.44567,4.25666,-24.11635,22.27396,5.405717,32.39681
1138,1138.png,-17.90716,10.8109,-146.6436,-19.2559,-75.46553,7.231954,-3.349661,-3.706244,1.894285,-14.72269,29.28678,-25.07088,5.174557,27.49278
1139,1139.png,-5.848597,6.827606,-86.95987,2.678607,-153.6975,12.58765,-9.618416,4.848545,-12.60617,-0.078037,-28.46966,-25.14381,5.229027,34.66556
1140,1140.png,-9.072454,-0.475964,-15.37788,-2.991086,-150.187,28.28281,8.215508,-1.583968,-1.488649,16.43706,21.54536,-16.19677,12.62702,34.3064
1141,1141.png,15.64086,-5.943378,-47.7194,-25.43499,-50.51435,10.38172,-2.301392,-8.05883,17.50443,9.117765,-7.85073,-0.927126,0.424161,33.68887
1142,1142.png,15.77076,8.180653,-51.79715,-13.13787,-123.8556,27.19062,4.754295,0.101675,-3.530647,-9.960701,-16.14278,15.42101,24.43191,12.48874
1143,1143.png,19.66817,2.643742,-13.09021,2.794495,-121.9992,21.29152,4.222148,-4.380647,15.75343,-16.6244,-11.70732,18.80583,14.4386,19.34664
1144,1144.png,13.13283,-20.61352,-159.3643,-27.77582,-107.7778,29.49023,-7.636488,3.76976,12.19178,14.97104,11.35046,-21.29813,12.54079,23.58936
1145,1145.png,11.85024,27.93417,-67.95905,8.296247,-26.86228,7.937648,10.40574,-3.597594,11.75322,-17.9953,-22.5072,-13.99162,14.31209,-25.37558
1146,1146.png,-9.108393,-9.338936,-66.93353,-23.05742,-108.8672,7.320332,7.751307,5.450583,-9.360239,-15.38916,24.29096,-21.91363,1.213528,-32.03865
1147,1147.png,-12.09884,-1.656242,-118.428,-29.77425,-52.67962,24.30749,1.196472,3.734004,-1.143673,-18.28871,4.732578,5.611893,17.15818,-26.96236
1148,1148.png,2.194031,-15.49849,-11.24157,-7.377367,-48.17735,9.153408,5.84341,-3.06552,6.988377,18.60702,4.603031,29.16058,25.39259,16.61366
1149,1149.png,1.0728,31.14375,-170.6823,-12.49645,-61.75946,-5.424487,0.135082,2.199002,-13.06618,-13.64094,18.16833,3.596839,25.14251,0.06271
1150,1150.png,-19.09005,4.54081,-81.10763,-14.06072,-144.6786,7.256361,-10.90647,8.611242,-14.41448,13.11204,7.47123,9.406478,2.059808,-29.85402
1151,1151.png,-4.133045,-28.8512,-80.4771,-6.884195,-125.7469,5.302474,8.626319,7.242556,9.73649,8.545803,17.89957,24.7738,4.333498,-35.10368
1152,1152.png,-8.629248,-24.41394,-51.7031,-26.46452,-158.986,15.89473,11.02728,-1.365748,9.48,15.34558,1.136717,-28.50809,29.64273,-4.289822
1153,1153.png,2.811472,4.082066,-3.252617,-23.01572,-8.901161,25.61937,-1.818825,8.993464,11.63779,-4.433678,9.365814,-26.29691,11.25377,-31.65438
1154,1154.png,15.09062,23.7455,-89.33337,-24.79401,-62.3175,20.42639,-4.203224,-3.26572,-8.681257,5.401111,20.69994,-16.57463,6.944665,-10.97222
1155,1155.png,-16.17564,31.90913,-129.1425,8.337532,-137.295,-5.619167,2.296432,4.78415,18.71856,-1.688225,16.67115,19.37306,15.1374,19.34311
1156,1156.png,0.242998,-2.110744,-77.85542,10.76927,-168.7902,5.753531,4.51015,2.709352,13.59248,-17.09138,23.46519,15.78148,11.17374,-0.849491
1157,1157.png,0.233839,-23.47592,-110.4223,-26.51623,-103.1176,2.718338,-1.098589,9.473551,-12.16559,-14.84501,14.85445,-20.33655,0.821582,-29.54453
1158,1158.png,7.879672,-9.365219,-125.4686,12.95638,-49.91201,5.714365,4.077152,-5.314894,-7.753155,-6.858227,8.574714,-19.74849,3.274705,-27.80377
1159,1159.png,4.901306,-26.33919,-90.47899,6.058083,-138.5388,2.25534,6.560571,7.91193,7.820029,15.14946,13.05283,8.308883,5.419929,-5.417961
1160,1160.png,4.782564,-31.64585,-1.582077,-19.07713,-113.7919,-2.721257,8.846004,2.891016,10.06569,-11.14741,-20.62395,-0.525995,5.099823,-37.03244
1161,1161.png,-19.60282,-7.763943,-125.5353,12.58817,-9.105415,2.104177,3.702243,-0.978333,5.476002,14.66204,10.98528,-12.30795,29.39748,3.39212
1162,1162.png,-4.663498,21.28166,-89.1334,-29.66614,-98.58969,10.9972,-2.200674,-5.971977,-10.11143,-4.944479,16.11594,4.768563,16.18469,10.51955
1163,1163.png,-1.841972,-24.3598,-139.7089,7.367259,-26.50772,8.221201,-3.142185,8.655758,6.618433,-11.7717,17.46626,19.00169,24.17299,0.056435
1164,1164.png,-8.237675,-1.602169,-74.29697,-23.65806,-122.5728,25.15679,-4.512186,7.047997,3.326466,14.46032,-25.39294,-25.77752,20.29178,-32.5533
1165,1165.png,-13.42046,-10.54049,-24.72092,-25.29303,-17.78858,-11.77808,-5.820696,5.402677,13.55283,15.06841,27.70966,19.58545,3.007443,-32.06651
1166,1166.png,-14.57394,13.60259,-32.64291,-20.00061,-169.2314,10.67752,-6.035311,9.499617,-12.34819,12.56197,-23.90702,-9.855111,0.104002,13.04317
1167,1167.png,-2.228424,38.86807,-158.0123,-18.79034,-140.1659,1.340112,4.863521,-8.087902,1.119635,10.25182,3.948995,25.55759,19.5371,-35.78503
1168,1168.png,4.892347,35.76522,-176.0881,8.277843,-139.7648,16.19746,11.3748,6.733174,13.58318,5.760316,13.84739,22.82397,3.256838,5.626549
1169,1169.png,-1.727058,22.25211,-53.20647,-11.925,-40.98851,27.09747,-7.585173,5.618148,-18.55365,3.001221,8.942377,9.29547,9.282215,-25.59421
1170,1170.png,-6.393097,-16.77828,-103.6405,-21.1737,-175.3237,16.80124,11.1819,-5.822533,-7.43449,18.04933,11.00208,24.25932,17.1792,-5.625614
1171,1171.png,19.12933,-12.05107,-144.9415,-11.83194,-142.7938,8.313448,-0.946442,9.525828,6.665111,4.653261,-13.91309,-0.727526,29.66872,-27.19226
1172,1172.png,6.207895,20.26187,-40.65644,-10.98781,-119.0793,12.69282,10.86529,9.041934,-7.319042,3.177011,-25.83975,-22.23305,16.25875,-24.91354
1173,1173.png,12.98918,8.945297,-85.49452,-27.06523,-84.88969,21.98555,-0.994448,-0.169372,-14.32487,-2.80411,-5.233028,25.9275,10.3066,-6.710342
1174,1174.png,11.93362,21.50356,-59.16535,-10.74109,-72.50731,-7.211477,-6.474606,6.732144,-17.74719,2.769234,-29.2599,16.07788,27.13641,-18.40117
1175,1175.png,-11.62736,-19.22083,-92.48951,-16.47322,-144.5427,13.23572,-7.821447,6.718208,2.192781,7.97213,-20.85343,-20.96527,26.93184,3.11792
1176,1176.png,-4.697063,-3.035103,-57.39201,1.201794,-104.6314,23.18736,0.580105,2.46364,1.721937,7.490673,8.987524,4.12318,9.219062,21.39603
1177,1177.png,-12.90533,18.3893,-160.108,1.956722,-179.6551,-10.857,-0.947069,5.59303,-0.528585,18.96838,18.58631,17.17166,19.10544,-38.19052
1178,1178.png,-12.27345,-24.68789,-161.3539,-9.434412,-158.2787,5.169743,7.121993,2.872126,-11.40969,-3.678877,1.065628,8.18038,16.10946,28.99306
1179,1179.png,-4.429701,-6.175114,-141.5292,-8.461441,-97.12104,-0.185926,2.332127,3.96261,4.748804,-9.967634,-20.24514,-1.310488,14.62698,27.31132
1180,1180.png,-13.63294,3.198391,-51.15072,2.326138,-157.3663,9.594566,-2.832363,8.550045,-10.19253,-18.82357,22.31475,29.24314,4.948215,-16.00968
1181,1181.png,-5.354359,-0.464741,-45.7442,-21.89143,-153.051,-2.320407,0.627705,-8.58606,-3.077066,11.10116,11.74976,-3.402932,13.86316,-3.589939
1182,1182.png,11.52857,19.10358,-109.8223,-0.29077,-94.38019,1.423244,8.029009,9.788203,2.649868,-0.572126,-4.272369,18.17628,23.41865,-24.03214
1183,1183.png,-19.46947,29.40823,-96.29612,-29.38878,-135.0028,-14.29735,-11.45404,4.069139,-2.396372,-16.04259,-12.5032,8.129345,9.053172,-13.33377
1184,1184.png,-2.248714,27.00937,-103.1277,-10.88793,-18.15991,-9.716257,11.86361,-3.363656,-9.540155,3.255547,28.88393,-2.825191,13.8163,-25.05048
1185,1185.png,8.104258,-19.1931,-44.00405,-2.990876,-20.25662,2.317101,-6.523747,-1.78193,4.682285,9.769363,-16.86385,-0.800024,9.189089,-16.2018
1186,1186.png,-4.402649,-28.48608,-128.8139,-14.24304,-159.4149,25.63382,-4.583878,-9.239042,9.680052,12.74438,-21.53031,-17.65715,14.10825,-14.72772
1187,1187.png,4.624975,33.01111,-118.4495,-19.25303,-119.4049,13.16329,6.562359,0.515985,-1.679934,-5.875914,-15.29996,-20.88594,22.24555,37.32476
1188,1188.png,15.57446,-24.23399,-136.1232,7.421896,-161.798,16.63977,7.231733,-8.058901,10.39901,-9.432161,0.81267,22.43538,17.38509,12.94294
1189,1189.png,-13.80024,-37.9372,-84.83139,3.169912,-78.14763,22.90921,-3.407606,4.51503,-11.10008,-14.86812,-9.893471,-4.490765,18.04034,17.67035
1190,1190.png,14.39094,22.57923,-148.2718,-16.48159,-169.5834,25.09064,-4.618219,-9.771214,-9.898479,5.786242,18.46069,-13.34458,20.54058,4.277283
1191,1191.png,16.99557,2.269463,-66.29917,1.001351,-33.7326,-2.104516,6.274695,0.018415,-8.12484,3.334854,-5.685342,23.86432,27.52797,0.925175
1192,1192.png,14.90665,-14.46176,-28.84712,-7.259076,-136.5692,-5.347422,7.757197,6.284683,0.450876,-17.85977,8.749652,-16.01152,10.83707,7.380966
1193,1193.png,-10.8769,20.92407,-166.5265,-27.67451,-41.23382,-9.7545,5.37379,-1.157495,7.589297,-19.04053,-7.842038,7.235324,11.70162,-31.54755
1194,1194.png,15.29028,22.76725,-19.20357,-2.287354,-134.8161,7.250374,-5.435059,-4.850265,-4.139898,-3.826782,-14.51225,20.46124,17.53639,4.097477
1195,1195.png,7.201442,-9.489159,-146.8674,-27.34998,-59.21951,19.46913,0.866951,-7.506623,8.825312,-3.382042,3.86026,-17.22213,12.23591,26.82504
1196,1196.png,-15.45542,-10.45264,-59.53644,-29.82963,-28.86385,3.799069,-3.389067,-9.514275,2.006504,8.016982,27.02999,-19.75142,1.826924,-13.45474
1197,1197.png,-3.44187,-6.204208,-126.7479,4.79679,-126.9798,-1.367649,3.057546,3.088892,16.7382,0.932076,27.33742,6.304653,17.48338,-14.14264
1198,1198.png,6.529016,15.71484,-52.7668,-5.64186,-120.9909,16.94725,-11.64179,-4.901787,-8.159311,0.488089,21.60883,-6.535523,11.97655,-24.85011
1199,1199.png,-6.081087,37.80265,-5.709587,-23.31484,-11.91946,-1.449354,-9.29472,-1.821236,-12.13417,3.483799,-5.89957,-20.9025,6.134341,34.4295
1200,1200.png,14.69095,-21.90881,-41.79697,2.098139,-121.6458,-0.284433,3.510792,0.011807,5.351452,7.730321,-16.64487,15.11473,10.3328,16.88204
1201,1201.png,0.090406,20.53724,-137.0998,-23.02293,-99.58121,-2.636156,-0.492155,-7.806602,-11.41104,5.835537,0.818106,27.97082,7.591905,21.41715
1202,1202.png,1.888369,-8.875633,-78.36176,-26.8438,-106.1184,25.84118,1.432865,6.001858,2.793781,-19.93017,-0.0296,19.55227,19.18414,22.52012
1203,1203.png,7.075004,16.06822,-32.65521,-24.96951,-103.1714,13.86604,-5.728132,2.421712,11.0012,13.77485,9.145452,-2.034513,10.91256,2.886959
1204,1204.png,-12.36289,31.89043,-140.3452,-20.00869,-12.66602,21.56652,-0.16478,0.563788,13.85757,-0.380791,-9.092163,-1.051945,4.659301,31.7561
1205,1205.png,14.97451,-15.50853,-157.4837,-23.21262,-153.1801,27.02147,0.024195,-7.673183,10.85335,-0.155056,-6.516212,-22.14174,1.91371,4.615398
1206,1206.png,-15.02722,-14.51686,-115.6212,-2.022138,-49.35922,-7.799117,2.761507,4.793251,1.963713,-10.56931,-3.391674,-19.85886,25.90042,-22.44946
1207,1207.png,-16.91052,-9.150749,-79.31675,-8.480934,-125.6963,2.83629,-2.577486,4.687092,3.052767,-19.51156,-8.829048,-7.909316,17.52169,-18.62594
1208,1208.png,8.426795,24.80047,-134.1071,-9.163599,-48.0079,8.789024,3.611629,7.570034,10.57217,15.32268,-26.75702,1.746666,2.267082,26.71535
1209,1209.png,3.932516,-8.634506,-12.96994,-21.27252,-88.675,-3.862808,-2.683521,6.716616,-18.61131,17.74735,27.89396,-9.396832,27.05141,18.79147
1210,1210.png,-18.86807,-10.25549,-59.68448,7.065779,-175.5688,-4.482399,-9.779316,-8.973366,16.67881,2.951853,1.276335,8.630561,15.11781,-25.68939
1211,1211.png,3.512972,27.60188,-107.8658,13.59777,-67.00221,17.60586,9.321559,4.124395,19.96139,14.0114,-20.53731,-22.60462,11.37911,-20.88528
1212,1212.png,-14.53466,-29.20921,-170.5422,6.147657,-4.873642,-13.90767,7.68182,9.251186,-19.43066,11.17171,13.59247,-4.717152,16.3417,6.447052
1213,1213.png,-11.58625,-20.08042,-167.7231,-18.88517,-126.1815,21.44258,-2.111425,7.070524,17.58877,-18.53194,-8.897163,16.65996,7.349153,-20.72563
1214,1214.png,10.04586,-27.71598,-4.140625,13.8115,-105.6674,-4.507585,-11.22903,2.159172,-15.80971,-2.248962,-20.98845,28.05402,3.437884,14.70913
1215,1215.png,10.3586,14.69252,-135.5977,-5.488539,-167.2336,13.8285,-5.37372,6.310346,-3.132116,-11.9031,-1.96587,-20.60913,6.263981,29.45926
1216,1216.png,-0.469559,38.67858,-63.2845,14.31345,-4.622688,15.61745,3.27981,-3.567666,-16.12163,-8.101904,0.129959,7.541227,27.65835,6.326813
1217,1217.png,15.79537,34.76757,-160.3484,-5.755199,-98.01025,-12.09276,1.572256,6.866428,7.354293,-9.587156,22.0999,-26.82576,29.45333,25.55528
1218,1218.png,-4.775589,-3.089355,-53.4274,-21.02858,-13.16117,19.82409,-11.61643,5.749099,8.83018,-13.57141,22.23503,-2.09272,15.9215,-25.30113
1219,1219.png,-15.38667,8.150028,-47.67363,-6.596629,-30.87603,-8.528393,8.793094,-7.830629,8.410449,18.69464,5.03692,13.84866,17.44685,38.7335
1220,1220.png,-7.9727,26.14595,-70.6685,-15.23929,-59.92968,-0.488211,7.318611,8.633678,-10.99093,3.166836,-9.786926,-29.87251,1.677107,-14.71708
1221,1221.png,10.1159,1.283394,-46.91512,-11.7129,-60.69603,16.78613,-0.432657,-8.570606,-2.093952,-4.588511,15.52474,-13.77501,13.60015,-31.13677
1222,1222.png,-7.702511,39.89395,-129.4428,14.84644,-62.09276,16.90157,-0.392185,-7.935389,-10.62197,14.40575,29.2806,8.534515,8.304926,12.34952
1223,1223.png,-17.52763,-36.14859,-23.98784,-0.773107,-37.06339,19.50743,1.0247,-5.016621,-2.839796,-5.27981,15.78308,-8.66665,3.832998,-21.92097
1224,1224.png,15.99496,8.832184,-35.38931,3.593289,-153.94,19.01085,4.005211,-2.492537,-14.2075,-14.80318,-22.77391,-24.34919,21.28781,34.23561
1225,1225.png,-4.538191,-21.02444,-72.87724,14.25209,-173.7119,7.418023,0.19898,-7.107559,19.58948,0.008257,-28.71355,-19.35815,15.73595,-28.18149
1226,1226.png,11.41619,2.592731,-145.2158,4.504848,-169.2834,28.88781,-7.775969,-1.941437,-13.58924,1.203558,0.325796,-19.38353,11.54649,4.703308
1227,1227.png,-15.72313,34.65809,-108.5106,13.92896,-166.7517,-14.11657,-2.068117,-5.391393,9.547644,17.78763,8.91587,-15.76766,4.009316,34.20026
1228,1228.png,13.23415,-26.73083,-127.799,12.45665,-149.541,19.20645,1.758291,0.939408,3.563044,-19.59097,7.068661,11.35245,10.2935,-9.708618
1229,1229.png,2.423552,-37.35907,-131.1793,-25.0014,-147.5463,20.26722,11.41999,2.525522,17.85331,2.034151,26.15024,6.523144,28.11395,-11.28193
1230,1230.png,6.249122,-16.30846,-47.78899,-26.46962,-178.5524,10.54577,7.437715,-6.948032,-4.157335,0.21311,4.102924,2.184245,6.784887,10.60384
1231,1231.png,-18.46788,31.42953,-35.80954,12.51815,-148.898,-2.96875,11.25114,-8.229391,-4.127953,-4.322899,8.063041,-17.44552,12.43582,-1.487793
1232,1232.png,-6.083223,-30.493,-161.0506,6.279644,-61.50752,-13.61258,3.167464,-1.48501,17.91047,-4.657114,-9.797577,4.42419,2.053324,-0.907398
1233,1233.png,14.97476,10.19735,-94.01482,-15.87003,-141.0445,17.64227,-11.89692,-5.441219,5.290823,4.918015,-14.12741,-15.3973,26.83892,11.88184
1234,1234.png,0.848587,36.84697,-136.6837,-20.52689,-171.5431,6.006216,4.663999,5.0667,3.906452,-3.699568,7.950488,-26.3243,6.525693,-10.84362
1235,1235.png,-15.44507,32.89848,-79.94952,0.784818,-159.1881,3.656413,5.219562,7.760376,14.43427,9.357066,-23.4689,-13.40017,20.73125,10.80417
1236,1236.png,10.82282,37.72002,-168.8434,-29.34393,-61.62281,22.42284,-4.55913,-9.342426,-12.1019,11.71231,20.37552,24.86567,22.90696,-32.95367
1237,1237.png,-17.82358,26.03725,-165.1884,-28.63708,-103.9084,12.08462,-2.408302,-2.281665,11.06613,-0.423834,-3.571819,2.461606,4.86689,-19.66764
1238,1238.png,1.286966,-26.19164,-132.5638,2.827233,-158.2699,11.42744,-3.314648,9.732803,-9.844358,-0.132849,-28.33041,12.25285,10.84519,33.95638
1239,1239.png,-10.00714,-39.17912,-7.04451,4.834143,-141.5143,-4.251707,8.268305,-9.514278,16.43184,-11.31898,-15.21714,19.66026,12.97411,31.25481
1240,1240.png,13.16299,38.12017,-8.217949,-7.539967,-118.7185,19.00888,-0.905596,-7.633347,-9.273788,13.94922,-10.98194,-3.462613,0.817058,-38.3443
1241,1241.png,-1.576254,-1.053528,-6.491287,-14.13164,-143.6343,-2.343152,1.057281,0.906864,14.17569,4.45999,9.570951,-23.27772,28.27462,-7.350716
1242,1242.png,-15.49868,-21.42097,-83.42352,-0.671064,-81.08119,12.33681,-7.169956,2.939191,-8.506701,17.44323,-2.828782,-3.308518,7.061098,-2.173218
1243,1243.png,4.687254,11.19768,-149.5841,2.556792,-53.07714,17.82587,-2.936054,9.500406,-14.03535,-10.11911,-23.64061,-17.11003,17.92104,5.596367
1244,1244.png,-17.05019,-13.99819,-166.967,-21.76989,-125.511,-12.76706,-11.80069,-7.438774,7.751379,-6.462753,-9.077156,-18.02663,24.98272,-18.18053
1245,1245.png,-9.359819,6.967358,-20.42968,10.0739,-79.06763,-9.127566,10.68225,-3.189267,-8.39986,-9.00626,-18.9666,9.568161,23.39799,5.722298
1246,1246.png,12.2113,-13.883,-151.72,-0.592068,-151.5867,1.337842,-4.895121,0.544411,-2.777851,1.515867,0.283302,5.477389,27.78919,-8.94117
1247,1247.png,12.5821,-24.3898,-136.9025,-6.470865,-30.18745,-0.397242,2.314274,1.923703,9.875231,5.282554,4.991473,-22.53163,26.24632,31.97314
1248,1248.png,0.079687,32.81787,-137.1756,14.21403,-8.287514,20.4931,-0.702194,-3.847126,-9.328878,5.929446,-2.721673,-13.82165,22.6006,29.8406
1249,1249.png,-4.489691,20.3355,-91.80578,6.317855,-92.1252,-7.418688,4.395145,-0.306626,7.644973,8.468032,-24.17834,11.20998,4.743022,17.7072
1250,1250.png,-4.076689,1.799198,-69.66663,-23.92288,-84.63132,27.42677,-10.36499,-5.69297,-6.250322,-3.499134,-25.24837,20.59623,18.3689,13.01415
1251,1251.png,-13.11136,-9.841248,-87.65263,14.69763,-47.74287,28.20961,-1.609035,-8.12228,19.49709,13.80249,20.31097,-5.691415,20.44587,22.28558
1252,1252.png,0.808542,-25.04291,-147.189,-9.626398,-102.0743,19.00565,1.526051,-0.838543,-3.954479,-7.038128,8.684707,-21.31657,5.248446,38.39317
1253,1253.png,-14.62482,-24.79404,-121.8591,0.704137,-33.36572,28.19691,-4.171368,-6.522297,8.132591,7.304391,-23.81314,3.59864,7.422373,33.06926
1254,1254.png,-4.455345,-24.87575,-32.32845,-13.0077,-164.0356,-8.041718,-1.256449,5.663066,-2.024315,-4.422123,-3.793342,14.84962,17.7696,9.842552
1255,1255.png,-10.65508,8.181442,-56.76452,12.14875,-6.502815,-13.71263,-3.18482,-5.159039,2.380493,-3.525784,5.235283,8.114067,4.078971,-5.213028
1256,1256.png,18.72465,4.922501,-32.92547,13.8343,-116.1794,-8.304885,7.502117,8.077314,8.475365,3.024685,-28.99669,5.315362,14.67297,-2.538334
1257,1257.png,-8.473923,-34.50865,-43.08008,-25.08908,-178.761,-7.590328,-8.36087,9.149239,18.22906,-3.139126,-17.07864,8.581409,2.31166,16.93866
1258,1258.png,-0.75371,22.72235,-41.63892,-14.20103,-78.94321,-10.16974,10.71317,4.335136,9.760056,13.40941,11.8703,-16.79116,15.45851,15.01053
1259,1259.png,-4.590614,-13.5265,-162.7047,-18.01277,-30.5629,-11.48385,-1.57523,6.416395,17.95583,-9.407265,-14.60397,6.414059,27.70566,24.47806
1260,1260.png,-4.853313,-11.35606,-159.7839,11.89524,-168.3974,-5.162639,6.214882,9.292381,2.258718,-2.250273,29.31541,21.65582,1.080623,6.073509
1261,1261.png,17.86663,20.48967,-171.888,-22.52352,-10.19993,9.092087,11.90017,1.260094,-10.78977,15.21714,17.23084,17.3421,11.4435,-13.29843
1262,1262.png,18.61675,-24.27377,-168.7856,2.270186,-112.2372,3.805137,5.788189,-0.799998,-13.30962,1.129667,-3.915707,16.20782,1.015524,37.06207
1263,1263.png,19.75562,-28.29689,-161.9262,3.41748,-0.495934,22.62913,0.279371,-2.213649,8.447937,-8.765976,-10.07672,-23.4709,12.19457,-24.67826
1264,1264.png,0.266693,-27.91473,-90.4035,4.611284,-96.09247,10.64808,9.108978,2.995775,-5.722572,17.00725,25.25056,26.38136,8.938481,31.91384
1265,1265.png,18.77819,-38.78636,-28.79264,14.89472,-76.87948,-2.794696,8.885905,-2.40498,4.831503,-7.821705,-5.030262,-6.933887,18.43868,22.52428
1266,1266.png,15.0998,-19.43322,-147.9979,-29.99544,-115.383,28.56758,-8.072783,8.319838,-8.828848,0.471933,19.08546,16.34395,15.00056,29.72055
1267,1267.png,-16.50162,36.84165,-4.509377,13.7604,-66.2784,-12.61632,6.338361,1.917218,-11.96678,3.404772,-7.167932,-18.45197,25.94879,-11.54248
1268,1268.png,-10.25324,-24.01738,-115.0629,3.486198,-155.2944,6.683983,-2.859245,0.959753,4.979126,5.764403,11.77505,24.24906,5.246039,31.44964
1269,1269.png,4.659403,36.95843,-115.2375,0.222369,-89.63759,-10.73207,6.946678,-7.471876,0.522612,-8.830488,23.04247,9.981285,0.976009,-19.84663
1270,1270.png,-16.14772,-2.363533,-35.23968,2.258917,-143.6445,27.10831,1.096334,3.293457,9.691124,-15.63745,18.06762,22.76173,9.739364,11.16739
1271,1271.png,-2.664759,-33.75037,-115.5867,-3.235499,-160.1537,14.69147,8.153266,7.729626,-6.179369,-3.740513,29.05021,26.43647,21.70784,-21.20853
1272,1272.png,15.79824,17.91981,-179.3573,-9.277439,-12.40449,-5.67662,3.736215,-2.122926,14.68533,-18.04374,10.71151,-16.80025,6.428361,30.4551
1273,1273.png,17.32378,-25.89016,-3.035576,1.424299,-6.187172,-13.03763,-0.400507,9.281561,14.45229,-2.110479,17.05387,-12.32252,17.94363,-36.7318
1274,1274.png,-7.155722,36.41669,-71.59343,-22.05323,-115.1405,28.89989,-1.899529,-4.915327,-11.58886,-8.600208,27.64888,3.785931,23.3864,0.569798
1275,1275.png,14.88397,-15.58833,-4.668182,-18.96658,-32.77668,-9.04423,-4.301975,0.336708,-15.33995,12.5581,-19.11686,12.09981,5.003582,-15.27969
1276,1276.png,13.84419,10.21448,-89.86491,0.706678,-132.4641,11.84028,-6.774284,-0.34638,-4.44762,-12.50304,19.77833,-19.70605,24.39998,22.96417
1277,1277.png,3.552425,-21.79431,-113.756,11.67219,-143.9313,21.18607,-3.948151,-8.04537,-15.57497,-17.06187,-24.44786,19.95014,6.327148,-13.32819
1278,1278.png,18.32768,17.67605,-23.82533,-6.500155,-61.4521,14.67909,-6.617458,4.677885,-13.42236,11.22434,28.09874,6.635646,25.93226,3.585831
1279,1279.png,5.075573,31.50177,-41.22551,8.389122,-42.48156,-3.364398,-9.028313,1.537643,14.59647,14.15258,-14.4422,-15.46098,7.22252,31.33992
1280,1280.png,-15.42663,31.96596,-125.8221,-6.049642,-170.6857,7.235295,-5.410341,-9.810522,-1.421988,6.029205,-2.016567,19.32557,26.14042,20.93666
1281,1281.png,-11.86728,34.36633,-169.9882,13.56293,-77.47867,-14.86759,4.741176,9.371061,2.257864,-17.21839,22.53906,16.46494,22.03091,19.92217
1282,1282.png,17.69577,-2.043842,-91.75643,14.46744,-63.87932,10.3051,2.690458,-2.762474,4.742634,-9.940222,19.59581,14.30062,11.75918,1.596199
1283,1283.png,-7.595299,7.841724,-138.8323,-24.30035,-146.1142,26.84971,7.897335,-3.148889,1.190474,-16.82757,-11.74789,21.80107,16.62686,-0.254704
1284,1284.png,-10.22548,2.217487,-149.8938,11.51069,-16.74956,13.25988,9.685621,9.150019,-3.218506,11.30542,8.051582,-23.66559,19.40198,-10.84376
1285,1285.png,-18.16674,38.07521,-31.45946,12.99224,-57.07291,15.28277,2.044357,-0.708123,1.548937,4.486683,-25.51242,24.45603,29.03782,2.099136
1286,1286.png,12.1011,5.009808,-35.9719,-5.49672,-121.6119,24.9949,-11.07914,-2.508231,-5.183374,-12.67807,-5.595192,-19.97688,2.020612,-34.2361
1287,1287.png,-12.53298,-23.06724,-116.3644,-21.66462,-147.5952,2.958873,-10.05783,6.618332,-13.82492,-10.98886,-5.565388,9.910604,4.658793,-9.592758
1288,1288.png,-6.76194,6.914867,-75.48145,13.6983,-98.06082,27.22927,-3.830088,1.797706,-0.149748,-6.88554,-26.71505,-14.80266,14.94005,-20.33087
1289,1289.png,-5.282715,26.1345,-44.87976,7.054127,-105.1302,7.968241,1.191792,7.652693,-9.839642,-15.63823,16.46625,-23.86611,21.54629,2.101208
1290,1290.png,3.519056,-14.35196,-45.1607,-10.52029,-123.9715,8.387636,-11.11401,3.055181,-8.467682,-2.382143,-7.276779,26.35721,4.407377,-12.87201
1291,1291.png,0.870039,-20.31915,-41.0925,4.749809,-127.4831,-6.614353,-5.144581,-8.047564,-14.03366,-11.82862,3.910636,-16.50966,1.778373,-1.706757
1292,1292.png,6.718559,-30.84398,-114.9687,-14.07479,-175.8413,29.53168,-11.90977,4.719036,7.629432,14.90898,-21.50024,25.59522,2.0385,29.76296
1293,1293.png,15.51467,3.83366,-167.4189,-12.82599,-86.72143,16.86181,-2.75642,-9.421043,-18.88227,-15.66102,-1.192801,-8.846622,28.04995,27.35771
1294,1294.png,15.469,-32.55027,-109.04,-20.05886,-126.7906,27.46255,-5.323164,4.898254,-12.69076,1.40909,4.987038,-25.056,25.36274,-31.58113
1295,1295.png,-15.21845,-1.719833,-115.1202,-26.12419,-10.41543,-7.074958,-2.815868,9.295177,-13.8756,-8.964016,7.195556,1.120373,2.657404,-11.02203
1296,1296.png,2.75037,12.35075,-150.934,11.65051,-57.74666,18.18956,6.045278,-0.654818,12.35897,-6.26259,-28.04031,-25.29501,4.603082,-18.11206
1297,1297.png,-16.66236,-15.63474,-50.0544,-10.53667,-103.5954,10.46863,5.486632,-5.22897,-18.27186,-1.570232,12.41225,11.90444,28.64066,-36.30921
1298,1298.png,-0.699738,-21.96684,-59.16136,-4.398521,-76.32332,11.94645,11.33078,4.394524,-1.019852,13.36568,-21.87618,-12.99962,17.77012,-36.10954
1299,1299.png,-15.72183,9.753956,-12.63589,-7.686974,-35.13675,27.90029,-8.603703,3.414404,-11.08717,0.127123,18.96315,11.00931,18.69377,-10.43232
1300,1300.png,0.800964,-33.65642,-33.23459,-15.67094,-61.3951,6.750031,-3.375238,3.092866,13.51107,-3.282164,-19.04665,-1.763037,2.219203,-8.102879
1301,1301.png,19.61304,-19.24209,-124.3935,-3.181818,-138.8299,23.2875,3.746449,-4.845086,-6.186359,8.629532,27.18286,24.85779,26.25378,-28.23501
1302,1302.png,11.38813,-24.42467,-149.9789,-0.061977,-111.162,16.03534,-11.3073,-3.991317,19.3673,-12.80266,8.703689,4.304806,21.86216,6.046356
1303,1303.png,5.759834,39.43651,-85.76508,-7.310434,-70.22012,23.06265,-7.548695,1.554647,-9.523991,-15.28905,28.2306,-19.19972,23.78646,7.057491
1304,1304.png,-18.51461,-22.88874,-15.37951,9.499943,-150.0441,7.797298,-11.12361,4.547935,-0.650538,-14.19537,9.440788,-21.37634,3.385659,38.34962
1305,1305.png,6.084217,30.70106,-62.45447,13.73387,-169.307,0.484963,-9.242243,-9.216261,-19.30179,-6.589592,-16.28255,25.69138,26.47638,29.53421
1306,1306.png,-16.21998,27.75071,-121.1771,0.637773,-94.26921,17.34173,-2.00803,-9.983263,-15.19659,6.412692,27.25294,-9.807855,25.56836,-28.45624
1307,1307.png,-5.257595,3.320984,-104.9907,-11.90511,-79.52155,-8.703466,-11.88457,6.613869,3.267239,16.73854,21.29674,16.5521,15.73631,-36.40931
1308,1308.png,7.037987,31.54525,-120.9452,10.238,-67.72324,-14.48369,11.69389,-7.050465,10.47568,-17.08853,-12.493,-4.912479,4.988179,30.77496
1309,1309.png,10.81603,19.60738,-146.0274,-2.331971,-27.85221,12.78949,6.655342,-6.295956,6.582622,10.67763,-17.9665,-25.64396,23.66565,-10.95621
1310,1310.png,-10.40238,-25.84007,-107.3562,-25.08893,-66.56848,-2.564236,8.817181,6.4098,2.048567,-19.05973,-1.522032,12.29277,25.79198,-21.26355
1311,1311.png,-12.73018,27.55157,-161.1138,2.523607,-130.4243,13.65272,-0.036213,3.353502,-14.52914,19.88409,-8.594582,29.8866,1.830379,3.463837
1312,1312.png,13.53694,25.87012,-77.36275,-27.50014,-23.55503,23.22544,3.077525,6.417835,-2.635195,13.26508,-19.8646,19.65005,24.03727,22.08614
1313,1313.png,-8.394907,31.37994,-100.9417,-1.581224,-174.7874,5.285416,11.4928,-1.718002,-6.44223,10.75559,-11.24585,18.49998,3.90864,-34.52039
1314,1314.png,-10.17626,6.111549,-142.3977,-24.93245,-165.5343,17.48796,-2.436886,6.940615,-18.30972,8.445839,-28.90744,11.25896,3.21216,-11.95568
1315,1315.png,-5.397289,-27.17485,-32.38572,-3.894395,-73.85751,-11.85777,3.837947,-8.336599,13.07618,-17.72341,-4.199627,27.9901,13.88068,24.34435
1316,1316.png,18.46867,34.36215,-45.80482,-26.01385,-105.2208,28.82564,-3.495316,-7.509602,4.117071,-2.057322,-26.30764,9.26598,27.73448,-23.18486
1317,1317.png,-6.668137,-36.99933,-74.29207,-24.64387,-140.3662,-10.18041,-7.210353,8.770788,-1.057617,1.481522,-28.66191,16.80994,4.086081,-0.105557
1318,1318.png,10.50922,-22.49744,-125.8342,2.304841,-9.577934,-5.921897,0.134661,5.209505,7.270846,-14.72831,10.10209,-29.00747,29.71821,36.67771
1319,1319.png,18.49392,38.42835,-55.90851,-12.57706,-161.6368,-13.95581,7.711184,-5.876827,-5.318258,15.45703,26.60843,9.029652,24.77453,-20.72255
1320,1320.png,8.828082,-38.24274,-101.9622,-15.99165,-141.959,-14.63272,6.882285,8.876314,-13.92027,-15.57004,26.18333,11.05149,9.331621,-3.838802
1321,1321.png,-13.14443,-3.699192,-77.93464,-8.393141,-173.4639,9.50467,10.22696,-8.637222,7.544169,6.653427,14.29853,22.52503,0.108744,6.736397
1322,1322.png,-12.70504,2.173351,-166.3295,-20.10017,-60.4435,-8.527287,-7.685188,3.24543,9.294376,-1.186512,0.596048,27.34859,21.20742,-25.56817
1323,1323.png,18.07961,-14.23631,-179.8571,10.29416,-36.80034,4.759235,3.619972,-9.072992,11.29566,-4.378664,26.05243,9.75972,3.237566,23.57791
1324,1324.png,5.171594,-37.32845,-125.6723,-23.45682,-164.6303,-12.75,-7.496495,-1.696115,-14.7,18.27776,-17.9281,23.36312,15.96455,-5.104462
1325,1325.png,2.203619,-17.10711,-83.9295,0.006687,-74.02876,-5.665849,7.690567,-7.39655,-17.54029,-8.900106,-12.00845,6.823643,14.09103,27.47349
1326,1326.png,-9.034225,14.19259,-32.94101,-25.51869,-158.594,25.54696,-8.558613,3.57316,14.21671,-7.228554,-28.0983,-5.225354,6.967936,39.78043
1327,1327.png,-17.21218,17.34645,-43.6748,-22.35694,-22.31695,-4.774261,2.146845,2.999513,4.174288,-2.468988,-26.22541,14.16038,24.53138,22.12089
1328,1328.png,-7.583378,-26.09924,-114.3883,-19.3103,-176.9404,21.70513,3.259022,4.835544,2.774866,14.2275,11.9857,-11.71794,21.3939,38.21007
1329,1329.png,-17.66278,-11.24155,-136.1792,-16.61841,-154.6533,7.060774,6.454702,9.929209,-5.612743,10.64597,11.84375,-16.46421,25.94232,24.06647
1330,1330.png,-3.364202,-27.43317,-119.2767,-13.95842,-141.4393,-5.890778,-2.112215,9.359798,-2.138765,-6.657059,23.41091,-7.926833,23.03061,25.75164
1331,1331.png,-2.687037,32.66409,-75.59074,-11.55801,-123.0612,12.86386,2.012886,-7.122021,-5.531452,-3.920681,22.58093,8.479049,15.68682,-31.2733
1332,1332.png,2.435648,25.88977,-159.8039,-27.58308,-12.57289,21.40691,-2.528545,9.98642,8.074889,5.90269,-17.41532,-21.11283,25.01072,4.482807
1333,1333.png,0.626471,-5.76302,-117.3786,13.79118,-37.59945,24.98735,8.850738,-1.272808,5.80224,17.71461,-12.90356,-18.70181,19.89684,10.4805
1334,1334.png,-6.377495,-22.82066,-39.61181,-17.10986,-54.66235,21.35477,0.947752,2.317849,-13.43892,-3.436787,4.448745,6.350644,7.320728,-36.61507
1335,1335.png,11.35521,-24.02505,-8.714989,4.411287,-143.2776,-0.749689,10.61906,8.346537,4.479406,-10.82639,14.47459,-20.43687,6.984944,-11.61319
1336,1336.png,-6.579649,-35.02533,-122.9369,-26.87773,-62.25642,-5.517377,-11.76324,2.309608,17.04163,-16.46454,-18.30635,-19.75586,17.62311,21.26233
1337,1337.png,-5.783684,12.96058,-161.3262,1.899559,-29.53827,17.51292,11.47692,-2.422863,-15.96445,-5.9597,-22.92719,-21.96143,11.69029,30.46793
1338,1338.png,8.295412,-21.56552,-69.32236,13.00658,-126.5376,6.5474,-11.78067,-5.241529,7.049899,-10.38916,25.62214,-12.94506,7.922532,-37.33552
1339,1339.png,-2.983797,-37.53605,-35.23281,-4.723154,-66.00144,26.78269,-6.397605,-8.476107,-3.49662,-2.334126,-4.645554,10.80347,19.9612,-10.99841
1340,1340.png,-8.961269,3.63274,-114.854,-3.46368,-2.819771,3.80762,8.260843,-2.10216,13.53352,6.756,25.74997,10.8392,1.586512,-5.35009
1341,1341.png,-6.981813,37.73949,-62.00277,2.030199,-109.7506,16.02723,-10.1643,-7.65451,1.930649,-16.36989,4.070152,-19.38614,1.005077,39.77667
1342,1342.png,11.34045,11.26324,-167.3277,-2.282227,-99.52752,22.83238,2.931688,-5.884649,-12.87269,5.766834,8.155517,8.685127,15.54499,-26.19436
1343,1343.png,-12.90024,-21.69907,-63.41966,-15.63186,-79.12617,23.48405,10.96447,6.812577,-10.2363,15.99163,18.24627,-1.022232,23.68829,-24.99977
1344,1344.png,7.308855,-5.153908,-161.3507,-20.11894,-9.018661,-3.832747,-4.326006,5.699544,13.40676,6.507005,-8.64083,-16.94288,23.78517,39.52512
1345,1345.png,8.001331,-9.91341,-120.6443,-16.88483,-151.0045,-14.097,11.52887,6.172337,8.271255,-4.104597,22.79839,-25.47344,12.79543,19.81834
1346,1346.png,-4.345057,2.248989,-106.13,-5.995986,-19.63079,16.63347,-4.012512,3.262321,11.02491,16.57392,-18.56799,-16.67206,18.94199,-1.260666
1347,1347.png,19.59729,2.804562,-84.73971,14.74366,-58.40026,26.89282,-9.116043,-6.719877,5.066652,11.97992,9.083297,19.09948,19.54667,-8.235889
1348,1348.png,17.12502,23.35316,-128.5621,-28.94738,-109.2068,-0.652877,0.297628,-4.354233,-17.43727,-8.201101,12.41063,-12.45041,22.32291,-25.27426
1349,1349.png,17.66872,-20.16338,-94.56897,-3.852762,-5.160675,24.67032,-5.022415,-8.769619,-11.62986,-19.82439,5.834973,0.730673,2.750673,-4.015614
1350,1350.png,15.06608,-22.05044,-121.7947,1.069072,-97.63896,22.92864,11.49693,5.423284,9.733299,-14.07877,-9.40696,24.96414,18.62185,-10.418
1351,1351.png,-15.61789,-16.69752,-51.16733,-20.80855,-140.8929,-11.02176,-9.748539,-6.690786,-7.270901,-1.989229,22.97705,4.246433,8.370501,-9.367813
1352,1352.png,8.343229,13.13623,-164.8495,-15.34169,-111.1188,3.429311,-1.998697,-3.791696,-11.87136,-14.82256,-12.76516,25.24738,3.273053,-14.22045
1353,1353.png,5.692491,26.5297,-179.2535,-10.99044,-66.99184,-13.95852,-1.239431,-9.628407,-1.522982,17.36656,18.81098,23.93226,24.64789,39.50555
1354,1354.png,-8.988464,37.3406,-151.5281,4.06908,-152.1538,-12.42893,-2.764353,3.693063,-15.08472,-4.100435,6.846661,1.457573,17.09455,17.19745
1355,1355.png,10.89451,26.47769,-48.43993,-8.667343,-114.6985,22.76729,3.72726,-1.84024,5.815944,-11.96978,9.872867,23.06436,16.78705,28.73542
1356,1356.png,-17.36789,13.20146,-116.6892,4.0601,-74.17271,14.64398,10.60916,-6.73161,-8.462536,-6.54619,4.422558,22.34043,7.437994,33.36735
1357,1357.png,-9.565298,7.220284,-143.9459,1.92408,-93.18984,-8.458248,9.83234,-1.677032,16.09573,-7.086256,25.15434,28.9846,6.949464,-13.11898
1358,1358.png,10.82233,20.48581,-59.90783,6.623332,-147.9912,28.95984,2.115221,7.118077,0.240849,6.366205,-16.37041,5.118603,5.144109,18.46309
1359,1359.png,2.393101,4.600643,-70.23372,-18.39086,-118.0287,-2.691141,-2.943754,-5.022931,-12.84743,-17.95562,-2.258931,-0.857008,16.5711,-20.57498
1360,1360.png,-5.119932,21.89602,-109.6155,6.940782,-68.97634,11.4071,5.71453,-8.202593,-8.982132,17.58952,-15.08449,-29.54312,26.38346,13.43439
1361,1361.png,-17.77704,-37.54498,-117.6986,-9.415309,-68.98812,-3.682159,-2.376076,-5.036368,-9.36743,16.93159,-15.51174,5.031578,20.65033,11.54174
1362,1362.png,0.618771,-9.753651,-82.47468,-7.876564,-9.187767,-3.954003,0.111816,-8.692493,-8.464882,6.90443,-9.968522,23.24522,5.433959,-3.8069
1363,1363.png,-6.832798,-13.98875,-65.43548,13.15503,-42.61988,4.158614,4.729499,2.146955,-0.10227,-19.97297,-22.08023,7.590686,22.08774,-25.84077
1364,1364.png,3.815376,-30.75749,-97.37971,-21.31487,-76.16488,-13.00075,1.528185,-0.163468,14.45848,16.56981,-19.63371,16.35432,22.54299,32.36209
1365,1365.png,19.9632,-10.50781,-147.9479,-21.41886,-158.3752,13.67068,8.088573,-1.438121,-18.8018,-8.30838,-20.11753,17.95975,12.82089,-14.0576
1366,1366.png,-9.364941,-24.06243,-124.7256,1.797603,-35.56202,-12.91995,1.2903,-5.238169,-10.78878,-12.48448,-26.36286,13.22151,13.93242,10.35387
1367,1367.png,-15.54189,6.272453,-125.996,-12.57492,-161.4251,-3.735567,4.49695,9.107573,15.03534,15.3365,8.891571,16.44579,12.28072,-26.93059
1368,1368.png,-12.27776,0.166554,-176.6321,-21.12384,-8.703682,-10.40246,0.929571,-0.425511,7.354059,-4.557961,-15.38795,26.40892,21.79436,4.389576
1369,1369.png,0.584375,-34.15332,-130.6371,-26.23052,-58.00183,15.16538,-1.419304,6.837713,-19.76796,-17.95036,11.25236,23.33724,1.427854,25.77257
1370,1370.png,6.417589,-34.04501,-62.95265,9.188292,-15.41635,-5.803612,-6.752823,-6.870598,-12.06713,19.27094,0.559326,-14.13341,11.16086,-39.78703
1371,1371.png,17.32798,0.141007,-131.4607,5.299409,-25.68902,25.27648,-9.939461,8.530752,17.78515,1.509407,-7.206242,15.2874,11.98018,18.95242
1372,1372.png,7.356996,-30.68757,-145.2331,3.665262,-72.73338,-13.67279,-4.090036,-3.722342,-5.354097,-5.220831,-18.67802,4.682125,11.92276,15.17422
1373,1373.png,8.748083,-16.55569,-122.0286,-18.33895,-161.3306,29.6154,-8.665031,-0.462731,5.456432,-6.117476,-10.47768,18.4264,16.10857,-5.644718
1374,1374.png,5.835361,13.01122,-143.8265,-23.18027,-99.64783,-12.71875,-10.86965,-3.476337,1.688396,19.35001,-16.88861,-4.586266,25.93707,-36.05531
1375,1375.png,3.08462,-10.89676,-21.86762,-11.32281,-57.89017,-8.396337,0.91593,-2.304431,-4.630911,-1.340912,17.55254,-16.57936,11.76324,-13.79339
1376,1376.png,5.270161,24.45949,-2.156456,-21.07722,-123.3328,29.15635,-5.055796,0.889474,-1.094677,19.64793,-13.51262,9.548556,11.31634,-11.39666
1377,1377.png,-11.14787,-30.18849,-71.84496,-9.84876,-65.49652,23.28872,8.915871,7.27725,-5.295012,-13.9074,13.55829,27.70693,16.19951,-28.50354
1378,1378.png,13.48179,-7.618774,-37.68933,-11.52189,-97.83595,18.48512,-10.0267,7.984462,14.67559,-0.965874,12.30019,-11.15276,12.10451,33.16724
1379,1379.png,-1.569975,-10.24708,-43.16819,-21.45084,-46.81288,-1.332002,-2.638151,-6.519421,8.138037,18.28491,-5.006901,26.1754,21.48838,-15.3648
1380,1380.png,-15.68282,33.66809,-112.8273,-23.94395,-101.9861,3.616904,-5.364874,-8.960018,-18.57842,7.379165,-3.321144,6.160744,22.03848,-6.760162
1381,1381.png,12.47922,-29.8574,-38.75941,-21.04924,-135.4419,-8.700554,-8.069511,-8.65262,16.12661,18.83646,12.22245,-16.2946,2.296071,16.1642
1382,1382.png,-5.773628,-27.85763,-98.04642,-23.18756,-121.9864,9.676739,-2.407978,-3.020829,6.705608,-5.54611,-10.38753,-22.70601,13.40326,32.49435
1383,1383.png,18.62348,-10.04181,-19.20859,-7.616255,-112.6243,-6.424458,9.323195,0.486373,3.326637,-5.681345,29.46789,-13.03211,4.287515,8.720612
1384,1384.png,6.767898,8.58334,-95.12827,14.9955,-2.304428,8.545437,9.303196,6.285538,17.35331,-12.55713,-18.8996,9.215991,25.76978,7.561096
1385,1385.png,0.891583,14.95773,-46.76855,-14.85612,-168.8901,19.55924,-9.900017,8.312494,-15.29688,-3.467815,-22.76128,-9.046314,17.52079,38.91407
1386,1386.png,-4.184225,-16.84191,-60.38681,-17.22517,-68.81734,13.91484,1.945171,4.141464,11.72241,3.090527,7.914104,-16.47738,25.33598,-17.83221
1387,1387.png,-14.32869,-38.74803,-144.2361,-6.432505,-47.03649,2.56219,0.037865,-0.125207,1.145142,14.04837,11.76695,10.9322,17.33225,30.87322
1388,1388.png,3.492363,31.40777,-63.87701,2.836133,-43.02388,14.21009,-0.735033,-1.763081,0.913679,-2.844923,1.256315,4.389164,22.14499,-18.84503
1389,1389.png,-11.12395,35.61318,-86.1573,-26.02628,-106.2577,-13.76265,-9.27187,-9.585644,11.6545,-10.10494,3.069202,26.67097,0.291746,-4.922451
1390,1390.png,12.67151,25.02305,-66.12564,-29.07389,-35.44156,13.90657,7.099336,6.058264,-0.56484,9.967518,-21.85289,-17.04818,20.94494,33.78224
1391,1391.png,13.22064,6.213394,-165.9244,-25.52965,-101.0182,28.85093,1.344793,0.257002,3.394491,3.714064,-13.87268,18.17249,19.2188,27.02617
1392,1392.png,-6.145714,28.53605,-107.9886,5.792678,-52.8796,9.065248,-4.642334,-4.005986,12.65205,-2.74864,14.91867,2.266506,14.69348,3.381981
1393,1393.png,13.09871,-24.98583,-100.6104,-9.176855,-163.2294,9.165193,-3.935259,3.24342,-1.880142,5.176048,25.15171,14.8653,13.23701,34.51968
1394,1394.png,11.15604,-20.83122,-88.58035,-18.4938,-62.82848,8.81636,6.401821,-9.377857,-17.7986,18.09064,27.2917,-22.52654,24.73944,-24.36894
1395,1395.png,13.0487,-36.86932,-9.100006,-19.20845,-94.55657,-14.6783,1.767681,-8.996325,4.571007,13.53867,-19.03456,22.38458,8.454374,-6.619267
1396,1396.png,-1.431143,27.17944,-158.5341,-22.82072,-114.1215,-7.761518,6.960365,9.185057,-14.89151,4.217312,-9.123534,10.9842,11.80195,38.23148
1397,1397.png,-8.126858,-3.836407,-33.48498,-5.285978,-135.9096,26.3316,0.562292,2.159552,-14.56505,1.239298,-23.06704,11.18312,11.33431,4.274181
1398,1398.png,-4.340265,12.85719,-121.9566,-10.08197,-84.49105,-13.09432,5.25505,-8.906239,0.361813,11.7509,-21.95712,7.132011,9.650182,20.56154
1399,1399.png,-18.75103,-39.15755,-38.7652,-10.36669,-3.34375,20.60934,8.039844,3.80538,-3.461388,-8.370535,-28.21952,11.69992,25.53745,-16.2273
1400,1400.png,12.38273,-20.72027,-126.124,-2.462069,-65.2653,17.37457,-4.262136,-8.173273,-1.617086,-7.971174,-10.41113,-5.320613,23.73671,-37.2571
1401,1401.png,-18.76222,-10.5159,-91.14282,-29.58191,-153.3042,19.58291,9.750429,9.009695,1.7225,-13.10281,23.06044,-5.617372,25.33928,16.5797
1402,1402.png,-10.09894,-6.238113,-108.8871,-23.01672,-16.58457,28.45765,-9.805006,2.967365,-17.23245,-15.61935,18.23095,-21.92787,8.530875,19.82382
1403,1403.png,19.844,-12.81795,-173.3666,12.83893,-35.25118,-4.12809,2.796207,-1.928295,-14.16963,-7.912638,-6.382259,-0.751329,20.52971,39.71567
1404,1404.png,17.98385,24.55956,-166.1497,1.319215,-77.69985,-11.17249,-11.21053,5.155129,7.427072,19.89289,12.88132,-11.3106,4.611922,25.38376
1405,1405.png,11.42879,-36.92949,-170.9894,7.93968,-136.5635,-9.529201,-6.341703,5.568814,-5.015375,4.442789,6.016212,17.94481,3.590248,-2.795471
1406,1406.png,-16.98471,-28.40514,-11.92154,-28.80485,-34.18987,-0.321694,9.856853,9.803383,-8.584087,-15.68558,-4.547729,19.73289,10.15276,9.008137
1407,1407.png,13.42502,-31.43677,-55.41726,12.89998,-102.1011,3.059525,-1.315308,-6.6654,5.859584,2.886522,-4.978391,-28.68367,4.495078,-2.204395
1408,1408.png,11.33193,9.904724,-113.9927,-7.308451,-93.35451,-5.866553,8.078899,4.870782,-9.751112,-1.319658,8.517414,-20.57963,9.26427,-33.0029
1409,1409.png,-9.87322,-27.93301,-50.04116,-23.15281,-59.4407,18.57074,1.590599,-7.819597,12.62811,-18.20789,5.875537,2.027954,3.028686,-5.310215
1410,1410.png,0.211508,-30.89076,-99.18748,1.734329,-127.1654,24.67241,-9.279827,-0.285772,-12.88028,-9.57885,-21.16165,-14.42648,21.32379,22.38445
1411,1411.png,-12.16438,-1.689552,-102.7782,11.51205,-16.38347,10.77941,-8.527676,2.468811,7.798724,-6.942671,16.95374,-2.031537,19.33366,0.749851
1412,1412.png,14.84567,-10.78843,-132.6761,-1.406912,-15.91565,-6.798062,1.36079,8.908375,-19.20855,13.03909,-0.454413,9.169907,2.676544,26.11816
1413,1413.png,-17.05762,-26.99699,-6.788177,3.080734,-108.0678,7.028299,-11.91807,-4.408184,7.339153,-10.09091,-27.08761,-11.32833,22.43193,27.88922
1414,1414.png,3.55139,14.07692,-65.64201,-0.19443,-94.82575,-13.29027,6.195296,-1.815914,-19.28574,19.42364,15.59767,-4.913661,17.74339,9.626068
1415,1415.png,1.610119,5.800167,-55.27821,-18.42944,-126.0897,11.63903,-1.743145,8.996572,9.863372,-1.662071,24.11404,-13.0454,28.55797,-17.78366
1416,1416.png,-14.8238,-21.55782,-52.21356,-9.313085,-126.2337,28.7296,-0.271429,-9.199312,-17.89318,-2.036354,3.974579,1.545794,23.7927,34.47163
1417,1417.png,-5.224087,-16.59399,-4.504074,9.093185,-128.9276,17.40634,-2.608242,-5.930569,-10.15243,-12.56268,2.350198,6.976859,21.49524,-10.60158
1418,1418.png,-2.537577,-17.39259,-5.174515,14.73878,-159.4849,17.43486,-11.54335,-7.006974,0.856226,11.31939,15.7725,-14.69915,12.5014,-29.90679
1419,1419.png,-12.07507,-10.86464,-77.85683,-9.744015,-166.9067,12.61715,2.648951,-4.710039,15.38327,0.615595,-25.72489,-3.408211,8.119227,-23.77372
1420,1420.png,15.20596,-7.998234,-6.737473,-19.62173,-178.4712,9.336714,-8.636658,8.869419,17.80142,-12.3663,13.1869,18.38216,2.100241,8.330875
1421,1421.png,6.004047,-7.63168,-52.98595,-18.42874,-177.127,13.54227,-1.127029,-3.031202,1.615154,5.521369,-28.11402,19.98346,4.347589,38.77513
1422,1422.png,15.99922,-30.81328,-138.0319,4.905103,-158.5248,-1.467953,-11.87329,-5.309973,-13.81963,4.408543,9.395742,25.15873,2.707171,16.61513
1423,1423.png,13.19215,20.32104,-167.3992,5.59008,-33.25703,18.99117,-9.807327,1.033393,1.181362,17.91097,-11.73683,-19.58562,9.010708,6.011234
1424,1424.png,12.65313,32.46269,-42.34415,-8.419066,-59.93058,-1.02578,-3.058596,-3.15544,-5.667656,-7.576334,5.742105,26.48016,11.85319,-36.69747
1425,1425.png,12.61138,-30.76738,-138.6823,-22.32032,-163.1205,24.98701,9.946509,2.279457,6.265388,5.358929,3.820621,11.56584,15.75734,-11.11742
1426,1426.png,13.88297,30.03712,-131.2245,-22.46457,-57.05606,-10.36903,9.692352,6.651365,9.325671,3.61665,-21.43024,-24.83765,27.87447,37.32978
1427,1427.png,18.69318,-23.25679,-102.5764,-14.7555,-91.15029,10.99458,7.200831,0.186144,2.240227,-18.02811,1.698257,15.51824,11.94981,3.243481
1428,1428.png,11.42766,23.27144,-123.0637,-7.562418,-157.7583,-1.548515,3.800045,1.492251,-3.626949,2.794703,-11.64815,3.369796,19.3511,7.161011
1429,1429.png,-0.126894,-4.843155,-123.641,13.16079,-67.08491,19.40749,-5.57984,2.014307,13.67254,-3.604334,21.67576,-9.609959,25.37202,23.38861
1430,1430.png,7.966632,-36.76115,-17.22935,-11.20601,-43.57603,23.29991,-5.708841,1.22531,-2.818405,-2.662298,16.22879,16.58249,9.983509,-23.31237
1431,1431.png,-6.659233,9.636742,-124.604,5.657613,-16.50807,4.115838,7.631301,-8.933851,-13.18308,4.606058,29.37967,28.16779,10.89059,-16.03867
1432,1432.png,-16.12503,19.06298,-147.1829,-17.16498,-94.29747,23.90367,-2.908257,3.74341,-6.014244,4.059122,-2.204036,15.62937,26.20072,-17.105
1433,1433.png,17.66901,-20.00277,-77.6543,-10.53658,-111.5521,-4.028638,-7.841429,-0.045752,-11.64827,-16.62995,-15.36692,-9.399387,24.82344,1.142193
1434,1434.png,-13.89128,-19.22938,-103.9301,8.173344,-154.7073,18.76129,6.021477,-7.627142,-13.09594,2.399084,-14.59171,11.02936,8.352358,-8.788246
1435,1435.png,16.08842,-13.80405,-161.666,-6.524403,-158.791,17.8658,-9.185623,0.589823,4.480421,8.698726,22.33012,-26.45621,7.609186,-4.765762
1436,1436.png,-0.263073,28.00989,-24.35152,13.57091,-71.63258,15.37087,9.408951,-6.286483,-4.930752,-1.515196,0.422026,-1.472322,25.48876,19.38496
1437,1437.png,13.84884,0.523964,-171.4973,-11.31124,-17.26965,6.49876,4.449665,-9.163086,-19.35634,-14.65951,27.13816,6.257462,7.551958,-16.29012
1438,1438.png,9.072495,-34.84152,-94.37437,-25.73692,-153.4199,-0.400921,4.990545,4.578941,6.863132,1.318295,4.47488,-8.660527,26.47934,4.726013
1439,1439.png,1.568062,-22.6286,-55.982,3.728316,-33.19592,11.68787,-11.03434,8.624966,8.264847,11.12133,1.024565,-15.64969,14.69071,-16.67176
1440,1440.png,7.923035,-33.11135,-156.4934,-14.75658,-147.9211,2.797189,-11.73693,-0.418052,-14.81872,-19.4551,21.59657,26.06344,15.69988,-34.1512
1441,1441.png,-0.328396,-3.576332,-80.90213,5.982144,-92.85536,10.78979,5.365751,-9.274866,15.73864,17.64579,28.45237,-25.86628,6.779341,1.901688
1442,1442.png,-2.176668,-36.95401,-21.19235,-6.233173,-176.2815,7.212544,0.457081,-3.709682,-13.33671,-9.172651,12.47486,17.02728,13.62292,1.611305
1443,1443.png,12.94297,-34.6896,-160.7701,13.46397,-25.77155,-13.55631,-3.248035,-2.99894,16.50015,10.22549,-10.66149,18.80769,18.57965,3.205181
1444,1444.png,2.04981,15.52112,-114.0176,-11.33059,-98.4756,-3.378098,-0.328775,2.922485,9.774947,-14.52521,-19.43453,-11.43086,10.81807,5.068794
1445,1445.png,-17.09518,19.22041,-32.55951,-14.27192,-7.757294,-6.960384,-0.917217,3.95231,13.16407,5.593513,-0.725281,0.171186,19.20494,-39.03186
1446,1446.png,14.3928,-14.5929,-178.9257,-8.107534,-158.8661,25.5722,-2.649303,-4.454097,13.71736,7.990407,-21.59002,-7.54842,6.783106,-20.39056
1447,1447.png,18.10526,-3.963722,-23.50027,13.47983,-19.57172,18.84477,7.407772,-0.872384,-14.37776,16.12877,11.64326,4.366039,4.005368,22.22187
1448,1448.png,4.264563,36.99604,-90.99677,1.085707,-62.58598,2.618972,2.82012,9.801559,11.9459,-11.14935,20.13886,4.452042,1.544849,8.118835
1449,1449.png,-17.04305,-33.08382,-27.73662,6.964236,-76.44762,-4.765661,-5.734167,3.479585,-7.465517,14.52919,-17.52198,-23.49129,27.36193,-12.29672
1450,1450.png,-13.85658,-18.6685,-73.67226,5.383019,-164.1519,12.11878,-3.871632,9.094591,19.40715,-0.921957,26.92609,-12.94875,0.227877,39.19725
1451,1451.png,1.857594,1.866154,-171.0659,-5.023567,-1.053894,9.119043,-4.736622,5.971336,-18.02391,-16.78972,27.36944,3.412216,0.829035,-13.33952
1452,1452.png,5.329041,13.25532,-50.67505,-10.29968,-111.9908,-0.450768,3.804373,-2.435905,18.25161,18.24187,-10.54359,-14.65434,6.125082,-34.70307
1453,1453.png,-5.214188,-20.12376,-121.7265,-16.03236,-123.7598,-12.1325,-3.369585,9.820967,10.03292,10.58463,28.42455,20.72356,12.80294,23.68365
1454,1454.png,-14.1851,11.82813,-39.48766,8.502703,-95.87272,11.72323,6.710271,7.106688,17.22147,11.88543,-21.15895,-16.64582,17.2674,-37.22419
1455,1455.png,-10.3422,-30.95741,-161.9426,6.917152,-160.4177,-11.86652,-2.924833,-2.518019,-5.937679,6.422943,-29.47917,17.54142,10.52889,-32.35633
1456,1456.png,-10.20988,-13.03375,-165.1982,-13.16179,-156.9477,16.5723,-6.788658,-1.11044,-16.99718,17.9554,-6.368004,26.76996,10.50714,9.318356
1457,1457.png,-4.468372,12.39625,-66.56518,3.602354,-93.97832,-10.60209,0.266335,-3.882202,5.310512,16.09336,-16.86029,4.811321,11.80715,31.18964
1458,1458.png,5.991344,-13.68787,-72.13686,-17.02144,-166.4898,22.03978,-5.803835,-2.507053,4.648235,7.737178,-22.96683,9.191471,6.71216,-30.40822
1459,1459.png,-14.29325,6.308571,-141.8534,-8.214897,-30.68789,5.535853,-3.761137,-5.805788,-6.439287,-6.319168,-2.01329,24.95692,15.23449,-39.6484
1460,1460.png,-5.97727,-37.77931,-120.568,-29.59785,-147.6456,6.741131,-2.06881,-3.837737,-0.547039,16.74732,11.19643,-15.23293,15.76317,-32.75619
1461,1461.png,-7.434504,-36.93287,-67.97506,-11.91518,-76.34254,-0.479247,11.52319,-6.777893,17.26994,-5.561722,-5.073834,25.27473,26.22486,-8.997093
1462,1462.png,9.614258,-29.35726,-108.7441,11.824,-79.98681,-4.369923,-3.306211,-1.463322,2.473648,13.68481,-4.12394,12.11348,23.14289,-13.66678
1463,1463.png,4.568308,-9.062477,-131.5601,-21.04953,-111.95,-14.73206,3.616882,3.863945,-8.618824,-4.949387,13.46487,-4.408546,14.87878,-36.70413
1464,1464.png,8.460689,29.15899,-105.1087,-24.81769,-178.1045,21.3615,-10.90878,0.475164,-6.010515,-18.38995,1.010653,-15.89373,8.01751,-12.16962
1465,1465.png,-0.545652,12.39102,-98.34805,-1.325148,-31.846,19.05606,-6.049996,3.264241,-13.25688,-11.30861,3.057487,21.82953,28.81849,-30.17127
1466,1466.png,1.513292,30.35715,-148.433,2.604267,-48.92448,-10.78595,-0.295385,-6.535559,-19.28967,-8.416531,-15.08979,28.67953,20.59203,30.15749
1467,1467.png,13.81337,14.06361,-150.2331,-19.8066,-143.5428,25.67038,-6.008926,2.836215,-0.431625,6.3866,-26.03875,-11.81339,29.22773,9.509319
1468,1468.png,-11.26286,36.6031,-23.53115,-2.413225,-41.57294,-0.71967,-1.446514,9.328197,10.34729,-15.62085,-14.22574,-0.196663,26.59171,-10.94082
1469,1469.png,19.72736,3.320183,-175.408,-10.53904,-166.158,8.203674,-10.32572,-5.136126,-9.354889,9.127254,18.40028,-28.89442,3.066037,1.362377
1470,1470.png,5.332855,36.91452,-7.385155,1.845958,-146.0773,23.31333,0.094406,-4.311481,-11.78341,13.82443,-20.75005,7.335423,24.48685,21.40949
1471,1471.png,-7.656029,33.54152,-109.0166,12.59853,-78.71602,-0.393502,-11.74031,0.859548,14.63838,-7.940805,23.94325,-28.50589,29.21656,-26.19749
1472,1472.png,-13.92076,2.642159,-50.88248,6.812407,-133.8753,6.870398,-1.30048,-7.376726,-9.703629,5.247226,-3.245126,11.53706,24.44302,37.09144
1473,1473.png,2.184914,-36.23738,-90.58677,-13.72496,-155.2422,-9.564112,-11.04663,7.410767,14.91534,-5.514023,0.289753,19.2088,19.84386,27.47193
1474,1474.png,-1.704271,39.94518,-153.6026,-18.58659,-107.7931,11.32578,6.186416,-5.840303,17.60895,-18.14686,-4.140369,-28.4323,20.11039,5.889439
1475,1475.png,9.861689,-24.14779,-119.1899,-18.87419,-56.12503,10.94416,5.586593,4.259834,12.77877,-12.17791,-8.330036,-27.27247,27.57144,-26.25648
1476,1476.png,6.174827,21.63453,-157.1162,-6.987352,-81.13194,0.976533,-9.617428,-2.672149,11.32051,11.66009,2.651164,-1.123728,25.25895,-27.81667
1477,1477.png,-10.47156,17.45214,-156.4912,-22.09902,-98.27476,13.82658,-10.67835,5.02192,14.50256,-2.208912,9.106041,13.99448,9.873975,-37.23859
1478,1478.png,0.737364,-14.49396,-164.1034,-16.26693,-148.1362,12.54082,5.618519,6.780502,6.523727,6.241974,3.99676,-28.83866,14.00101,28.92744
1479,1479.png,18.78242,38.37802,-88.57764,-6.706526,-10.38696,-11.29311,6.355802,-1.241179,-13.22847,-5.848635,-19.71248,14.93585,23.81067,38.80059
1480,1480.png,11.47442,-28.75916,-29.17085,-26.53842,-157.9641,12.30574,4.271902,1.823898,9.70274,-10.52316,15.81687,21.71338,15.05778,6.432442
1481,1481.png,7.863907,15.90794,-105.1108,-1.495629,-60.75315,5.99884,-2.898232,-0.542427,19.70192,2.207172,14.53547,-27.63258,9.031808,2.239967
1482,1482.png,-14.76017,5.742725,-145.7404,-19.67375,-93.44308,10.11877,6.67634,-5.155375,-9.472893,-10.82049,-1.919771,21.6919,2.184105,10.99837
1483,1483.png,-18.84171,-17.07903,-101.4314,9.524576,-95.28165,-12.58912,1.59166,7.766156,-5.943163,-7.485096,21.46567,-18.2644,20.88963,36.46987
1484,1484.png,-4.164227,-22.12155,-72.31187,2.924169,-30.9044,-1.094894,6.822658,-2.726627,12.39938,12.0024,11.36344,-16.53636,0.690365,12.93984
1485,1485.png,-9.418753,-12.15498,-61.96723,-20.19142,-80.83085,0.613672,-8.764246,-3.160061,10.34546,-2.393515,-2.575225,15.79634,10.92159,-9.432949
1486,1486.png,-19.90132,-28.44206,-150.1865,7.636928,-147.1359,10.8958,-9.806356,-8.24608,9.481869,-4.961126,20.42463,-10.74701,15.72512,12.51973
1487,1487.png,-5.596506,27.11397,-13.53363,-15.09163,-82.84615,13.04596,0.598421,-6.085127,-17.38132,-14.67531,29.8421,22.92662,24.18232,34.19962
1488,1488.png,-14.24487,-19.6558,-169.2816,-12.83239,-167.662,-10.50196,3.706718,-9.329014,-7.493656,-18.96578,-19.58239,-6.724288,21.54386,25.04843
1489,1489.png,-12.44003,-10.27725,-110.3018,4.475708,-78.30266,11.96686,-11.27503,-7.039099,0.144146,1.588276,15.44289,-5.898667,27.43007,-1.29332
1490,1490.png,3.837616,28.97909,-9.030052,-14.56512,-99.07899,-2.999934,-5.259136,1.099652,-11.66542,-9.82415,-23.03475,29.93438,12.63258,36.44776
1491,1491.png,7.176008,38.60017,-174.9003,-21.24433,-18.09841,-14.01286,8.577301,6.266446,-2.201569,16.95715,14.63317,26.59962,8.187345,36.29854
1492,1492.png,14.24294,14.0475,-138.8852,-19.44228,-38.48449,11.69989,5.743546,0.836378,-5.69112,1.862982,17.0934,-28.73598,4.57385,30.09369
1493,1493.png,15.22351,-39.06497,-98.70176,-5.810248,-162.7672,-10.79179,10.522,2.500381,-3.90764,10.54872,25.39106,-20.20121,21.80783,31.16511
1494,1494.png,-4.723131,-36.95107,-5.759865,12.1888,-145.0114,20.23226,4.017145,-9.304276,16.12783,2.057173,12.26547,-3.756512,9.232051,-27.72225
1495,1495.png,-16.88255,6.643749,-26.1344,-9.190856,-0.751511,11.82045,-2.466919,-9.235428,0.584499,18.50237,23.68684,-17.51871,19.98121,-1.167522
1496,1496.png,-19.74865,-38.1289,-69.64462,-3.354998,-47.04567,7.593531,5.315523,-5.6444,-14.20926,-18.20209,-25.01729,3.310565,19.07974,5.962547
1497,1497.png,-19.74728,-15.60884,-120.8273,1.684607,-63.74987,-14.33788,2.526262,8.405089,5.085567,-5.765049,1.879732,25.83803,26.46014,-24.16351
1498,1498.png,-12.07833,-14.24628,-78.96233,-5.691223,-171.9872,4.237047,8.253361,-8.412102,-14.04658,-8.554155,-0.832125,-7.040573,9.386871,0.145508
1499,1499.png,-8.217323,-25.24784,-63.5033,3.287661,-44.13597,-2.479939,-11.11603,4.291348,-19.87153,10.13221,-26.4499,-27.48707,1.566288,-26.69969
1500,1500.png,-6.905987,5.606445,-124.4091,-9.560213,-93.89172,4.377697,-7.404871,-5.914171,8.27227,-9.898989,4.636063,-17.56815,23.43882,39.63688
1501,1501.png,-16.55169,-10.13028,-73.44424,10.47696,-169.0281,2.43699,8.342125,-4.388915,6.909265,-0.849468,11.31659,-2.482784,12.7896,38.58453
1502,1502.png,-17.51311,35.69536,-174.8806,-8.897964,-64.25638,3.431531,-7.162319,7.313473,-12.27666,11.76397,22.91652,7.255051,12.1612,-6.981693
1503,1503.png,-10.69282,35.24345,-10.94254,3.082682,-117.8912,25.26424,-10.98191,9.797375,14.09916,8.288875,21.19343,16.17741,7.639652,8.490376
1504,1504.png,-10.08394,-5.288998,-62.51075,-20.03744,-39.34769,10.84332,6.245344,-5.463497,-9.594423,7.97111,-9.143604,-4.134433,12.30825,20.63718
1505,1505.png,-18.74745,27.07077,-47.7477,-16.53337,-163.8057,-0.853137,2.412241,4.156296,-2.179535,11.12896,-14.17161,-10.51762,0.102364,-25.6961
1506,1506.png,10.54876,27.02284,-98.53409,-27.50815,-134.4489,15.54028,-11.74212,0.875069,-0.881044,-3.847673,-16.69604,17.56711,27.1639,-18.0752
1507,1507.png,6.111211,-24.94353,-131.1136,-24.38032,-83.13405,-0.952352,-11.02512,-6.606171,2.950171,-0.641043,15.83761,-25.84942,26.92363,8.750225
1508,1508.png,2.435425,-32.33904,-177.252,6.752732,-167.7787,26.12661,0.250057,-2.489816,7.964263,-3.609125,-26.21258,29.82746,25.47384,34.53484
1509,1509.png,-10.23457,32.56104,-16.37113,13.92988,-49.02208,-7.632567,-6.083539,-4.327665,4.06501,0.732439,29.22476,13.06882,22.76605,19.1726
1510,1510.png,11.19175,-11.35367,-80.23199,-23.90078,-79.77936,23.44464,-8.524891,-8.149094,-10.85404,12.48325,-26.59575,3.217224,3.6238,-18.94086
1511,1511.png,15.94635,9.426437,-164.3221,14.30088,-17.35647,8.477512,-6.449341,3.853335,17.81541,4.167454,19.66517,21.83798,17.91003,32.73592
1512,1512.png,6.873617,23.90316,-24.06602,-18.50066,-168.6683,11.69897,1.108759,-5.035303,-19.68593,-3.648779,-10.08718,-12.23969,4.039732,3.437248
1513,1513.png,-17.86014,24.63081,-154.5039,-6.238001,-59.10926,19.87468,6.170078,-4.429235,13.56059,14.39462,2.005044,0.967014,20.03573,1.28326
1514,1514.png,19.43036,21.77601,-173.1764,6.983596,-92.34012,-2.785239,-9.995163,3.973801,-15.01351,-12.16105,-8.189361,-19.32075,2.225336,22.36456
1515,1515.png,-19.68857,28.57892,-124.2007,-26.10741,-103.2234,25.9427,-9.865696,-8.050709,-15.51828,2.702829,5.915305,-23.29161,12.18621,-17.23289
1516,1516.png,-10.28841,27.20872,-122.8524,-7.875963,-141.4342,8.392014,2.324732,-8.109758,3.077095,-0.46839,13.10899,6.002644,26.65754,-30.76636
1517,1517.png,7.184915,-28.1068,-97.83623,-26.40056,-179.2736,-1.593485,-4.763811,7.560344,-3.071196,-15.30908,-22.47007,6.869748,17.93792,11.68306
1518,1518.png,-9.394005,20.44752,-14.58656,-29.37051,-136.134,5.082458,10.37068,-6.301653,-14.46612,12.57044,-25.20854,27.94411,23.25857,20.18951
1519,1519.png,-13.51543,-38.00767,-161.2443,11.49894,-75.79675,25.91242,6.322005,-6.75927,-5.333635,16.28686,17.85143,-1.572744,20.20459,-17.84293
1520,1520.png,8.642492,4.663452,-167.9113,-22.9591,-10.57625,-0.499868,10.19074,-3.67433,1.177557,2.738483,4.687919,20.51869,1.18966,37.43176
1521,1521.png,12.01238,23.95045,-52.14666,9.67008,-82.06739,2.513889,3.118952,-8.317558,-17.31714,-2.214605,5.216343,-16.82994,12.88947,38.4082
1522,1522.png,18.22993,-39.6974,-62.47604,4.796978,-173.1864,-9.941617,-10.66394,-8.141268,8.396792,3.720982,27.98022,4.375459,10.14473,-22.42371
1523,1523.png,-15.04853,-4.477848,-160.0973,12.77081,-143.9294,-11.32381,-6.650177,-0.282144,-13.20434,-2.643688,5.898052,-5.199619,29.52841,22.11145
1524,1524.png,-2.156155,1.966099,-161.7889,-22.06289,-143.5086,20.231,8.667934,5.675983,-6.944569,-17.29086,24.24861,12.40062,14.69779,34.92849
1525,1525.png,1.58427,18.88197,-129.544,1.729281,-86.13405,26.78581,-7.756851,2.85491,11.89265,8.340267,-7.877229,-28.08828,21.66565,-23.97919
1526,1526.png,-8.692972,-35.4655,-49.35145,-20.07783,-6.762146,-14.66178,-8.180431,5.583136,-18.65089,-19.60254,-29.18708,16.42042,6.568898,-2.25079
1527,1527.png,9.831915,10.67864,-177.4049,-8.600261,-48.47722,-2.08891,6.760582,6.97433,-13.64318,-18.17688,0.431625,24.57589,11.83524,-18.72751
1528,1528.png,17.02926,18.71138,-143.8731,2.144043,-15.53152,22.23903,-5.124689,-4.060312,-11.64589,-9.344618,-20.73004,-12.97118,10.46393,-26.91336
1529,1529.png,11.54784,16.832,-67.28253,-17.38701,-2.586441,15.50313,10.74362,-7.591873,7.901081,0.33016,-2.365791,-23.19533,14.05209,0.826241
1530,1530.png,-15.07618,-38.37624,-61.74961,-12.41803,-145.4387,16.09103,8.495598,-0.304309,4.899313,19.82598,5.658513,4.91502,6.166781,-25.41194
1531,1531.png,-18.80766,29.75073,-108.0485,-17.92859,-119.0678,9.948672,-0.97608,3.589101,-1.449186,-11.21421,27.02702,1.725929,13.65779,-25.53564
1532,1532.png,-16.73677,-26.1966,-26.00329,-1.388335,-4.067001,21.61537,7.304952,9.113281,-5.794504,19.51435,-10.7516,12.01065,6.124102,-6.865849
1533,1533.png,-6.43305,3.421246,-30.49049,-1.012053,-164.3691,-11.68848,-7.454353,6.84217,-2.761595,-2.193668,-23.7839,-29.19294,19.40479,-3.37381
1534,1534.png,-6.436899,0.935654,-34.15605,-1.740177,-140.411,24.75992,-6.420656,3.786735,-7.86484,19.5676,-15.16899,28.98453,16.73937,12.81392
1535,1535.png,-0.754669,21.9047,-142.2913,-19.75754,-149.8647,2.923634,-7.845912,1.490394,-17.26112,1.01062,28.21485,-10.12906,21.59064,9.023319
1536,1536.png,-4.533298,36.9193,-90.53525,-20.4813,-105.8061,-6.37511,-2.248365,9.562191,3.746927,-4.770987,-7.084254,24.5895,13.44189,28.0785
1537,1537.png,3.888824,-24.77318,-60.90271,2.64288,-25.15861,-4.767829,2.127718,7.913897,-11.30462,-13.16414,13.75794,12.28611,22.55952,-22.58728
1538,1538.png,-15.33874,26.70491,-128.8827,6.540157,-55.56778,23.71041,-9.673067,-2.97648,12.98803,1.664316,-20.94632,-5.142306,28.60662,-39.92939
1539,1539.png,12.47734,15.89986,-9.952499,-1.628775,-140.7303,5.365919,-8.572041,2.407757,-7.261087,6.818666,-0.742424,-11.45773,3.563075,-14.25708
1540,1540.png,-18.44669,8.277737,-39.88705,-25.01254,-54.0772,25.26954,-3.323441,-6.506619,-8.439034,-2.806274,22.25577,6.162189,1.950427,37.6696
1541,1541.png,16.23864,14.13565,-82.49813,-10.31977,-95.51216,-8.319031,9.452496,-1.214348,-4.068401,12.46505,-19.48881,20.5851,28.05887,-38.87298
1542,1542.png,-4.343555,-14.30194,-10.54696,-4.025405,-140.7813,23.26332,7.641575,-1.913475,15.9061,-3.533762,-17.81099,5.668991,18.06984,-30.12263
1543,1543.png,-5.328829,24.23822,-165.3988,-15.81017,-50.77592,17.4628,7.761173,-7.030828,-3.252527,-1.886398,3.378207,2.402985,2.427145,-10.24029
1544,1544.png,10.10245,15.23249,-147.9313,-3.833729,-25.34842,21.22848,-2.439638,7.193127,11.67592,-8.577368,-19.81917,16.49251,6.260662,4.755711
1545,1545.png,10.42052,-6.969952,-99.64053,-8.2915,-57.15779,7.372898,10.18263,-4.331871,14.31428,6.625648,-13.78808,5.830833,8.156574,-11.10501
1546,1546.png,4.849045,-2.756592,-67.89633,-1.505939,-123.4682,-13.77849,-5.488396,0.014013,17.10211,14.84103,-19.91968,-23.15339,1.046183,-26.75026
1547,1547.png,-8.30579,14.0067,-30.20187,-4.810713,-63.05378,-10.8937,-9.693344,1.231953,-11.83237,9.324598,10.67747,19.9615,19.98972,-34.21016
1548,1548.png,-12.64723,28.52814,-156.2384,-14.90296,-32.29951,-14.73131,8.887427,-2.521182,-6.629475,9.757476,-3.079903,15.3829,23.25169,-15.07377
1549,1549.png,-13.89892,-7.777027,-63.59246,9.642367,-163.5212,-0.894465,4.344357,-0.746278,-19.1005,-17.31813,25.80392,-0.131681,21.04348,27.31285
1550,1550.png,-0.10647,33.85724,-57.89416,-15.17711,-106.5533,7.677318,9.675545,8.321967,3.945,-2.543991,5.944551,-21.79437,12.22053,32.6049
1551,1551.png,-2.621719,5.787415,-77.94151,4.875406,-54.58594,10.81919,8.477528,8.143215,-14.75202,-8.635433,-0.56811,-3.295186,0.409845,-3.87159
1552,1552.png,-4.489096,14.5803,-24.94131,-0.298752,-29.86398,-6.45408,10.47562,1.248063,-2.84939,9.258503,20.30593,-4.220642,8.831203,0.36964
1553,1553.png,-0.819338,8.850208,-154.6532,8.222164,-14.08872,-5.398298,11.93514,-9.040091,1.162884,12.71779,5.157726,1.59157,3.107239,38.10287
1554,1554.png,-18.02098,1.626801,-69.63977,11.08222,-112.8642,10.99716,2.833378,0.580097,-9.974939,-11.5946,18.10031,-10.35632,28.0901,2.18079
1555,1555.png,-13.91087,-26.77706,-142.2949,2.73481,-108.338,-7.436557,-10.15716,7.47102,4.901239,16.68962,26.12348,-5.388354,15.78109,0.779892
1556,1556.png,-6.942537,29.0869,-110.5437,-11.94448,-51.22672,-13.8683,2.706635,5.150702,-10.37274,-7.177237,-0.156401,-9.920794,18.47898,33.62915
1557,1557.png,-5.451448,4.935364,-112.5176,4.161911,-134.4129,-11.98876,-10.22898,5.882852,19.22668,0.66799,5.680328,18.71044,10.18602,-32.96753
1558,1558.png,11.93054,-7.258801,-94.82297,-9.173717,-26.41107,-11.33142,-5.321934,9.315071,13.13753,-14.65524,-16.21799,4.288699,27.18944,23.39745
1559,1559.png,-17.6823,37.55508,-45.62708,1.086989,-29.88679,-6.976773,-1.83009,-3.642501,-7.953522,-2.213385,3.899864,-0.385155,6.839769,33.47713
1560,1560.png,2.370556,-3.418583,-111.6289,-3.251652,-10.92436,10.09955,-4.218233,-2.760235,0.210903,4.686977,-21.69089,-2.500274,19.52718,10.59987
1561,1561.png,-14.6189,19.93578,-129.3998,-27.91759,-22.8027,8.192013,3.097558,7.26531,12.67065,-9.299791,23.6953,20.95249,24.34514,24.55132
1562,1562.png,16.61234,-14.85793,-110.1696,13.7726,-53.71146,8.504951,3.55858,-3.676061,-14.24181,2.577364,-6.890285,-9.768315,6.970772,-27.51301
1563,1563.png,1.740286,6.294514,-110.9947,-22.57971,-123.537,-1.092519,9.427135,-8.792801,-13.0918,12.22682,9.468169,-18.38553,26.87727,26.23497
1564,1564.png,19.92691,-1.343178,-88.56183,2.180779,-101.0829,-6.092437,4.285042,-2.701258,11.51863,3.775213,-28.9869,-18.9024,7.066816,-21.91388
1565,1565.png,13.13888,-4.797577,-173.4257,-6.042356,-28.22401,15.97257,-8.826962,6.439461,-14.31849,9.44445,13.06634,-26.55934,7.972521,-2.156452
1566,1566.png,15.29415,-30.97733,-108.2739,-15.32464,-107.897,14.5594,-0.236439,8.684284,9.386501,8.731909,-13.86244,-28.61924,24.67161,36.31194
1567,1567.png,11.06447,-39.16754,-163.3959,-23.55576,-114.0493,16.70112,-5.817854,-6.057432,-1.156614,15.07751,-24.5835,-14.23949,9.420335,10.68931
1568,1568.png,9.193296,23.84264,-40.14016,-18.71373,-48.53638,-3.703337,-9.323427,0.2994,-10.53957,19.91394,15.83053,-21.28889,25.10335,-8.177277
1569,1569.png,-15.53542,-11.99684,-43.29586,-16.94105,-54.76582,-2.948945,-9.939308,-0.98576,12.53499,-9.466135,15.7406,1.232941,9.81708,-23.74191
1570,1570.png,-6.754734,-9.371296,-138.9818,-6.449123,-18.2663,8.240716,10.82765,-8.543461,8.600082,-3.457567,3.935905,-21.90867,7.69134,-27.36564
1571,1571.png,-11.61324,-38.31702,-136.7663,-23.96418,-54.01276,28.17112,4.682481,9.082764,-9.50514,3.8605,22.61073,10.50182,17.75145,-30.44807
1572,1572.png,15.33654,31.10133,-163.3807,-17.91358,-129.5819,13.00603,-0.817289,-6.28845,-0.564135,-2.245062,23.14713,19.7536,1.847974,25.59892
1573,1573.png,-16.67835,-37.59655,-11.36371,-16.61425,-41.57062,17.58978,-8.470036,-4.261145,8.069849,-11.62371,-8.062789,3.409607,13.29446,-20.32937
1574,1574.png,3.901159,12.67197,-27.38051,-7.564177,-104.4582,7.871472,-9.457413,4.072282,-10.09984,-9.873011,-11.24317,-22.19909,5.491551,-20.67329
1575,1575.png,-18.19286,-20.45358,-166.664,11.65236,-89.90339,18.78727,5.088447,-6.894781,19.12946,-3.219088,29.09871,-23.82706,2.348095,12.64522
1576,1576.png,-6.559021,37.31052,-58.56284,-7.840402,-113.7014,14.19234,-9.944603,-3.737503,11.09569,-18.71513,-28.51514,-2.296474,18.9266,28.58821
1577,1577.png,19.98079,31.22643,-19.09589,7.675992,-5.445511,-5.921747,1.980986,-3.858985,12.61948,-11.93312,19.44383,-19.83918,28.40115,-6.327728
1578,1578.png,10.4,20.07457,-30.81073,-26.28489,-64.32655,-14.15971,-9.649893,-8.011204,13.07176,-4.722368,-24.92455,-11.45414,18.43202,17.22908
1579,1579.png,-10.6667,20.12006,-167.8719,-6.704132,-81.61311,3.975006,-11.37528,5.997593,-1.662075,-7.638166,6.412308,-13.18059,28.33234,-23.26255
1580,1580.png,-17.4555,10.46686,-102.5548,-14.71872,-19.80717,-8.853793,-6.85758,-7.678676,-15.90097,6.49734,3.992768,5.094227,24.84365,-36.18904
1581,1581.png,6.791061,-24.15743,-37.58642,13.80338,-173.2296,-14.4154,-1.425306,9.021532,-2.166403,13.87263,22.00323,26.73004,20.3992,0.775143
1582,1582.png,-16.22267,-24.29872,-75.93655,-13.96403,-91.41972,10.7573,-2.059128,1.268591,-5.375641,-9.866903,-13.54509,-16.67664,0.574808,-18.34889
1583,1583.png,9.385609,-28.38361,-141.3781,-27.70425,-51.06746,-6.244749,-7.181233,6.702309,6.758961,-4.225014,-12.90486,-11.65999,25.4711,-29.46464
1584,1584.png,-12.67796,29.51755,-83.25636,5.442526,-2.927559,1.130491,10.004,4.031188,15.44083,-9.934042,-25.9697,6.524796,3.933549,-12.34711
1585,1585.png,-8.566792,30.99461,-95.51489,-7.303402,-4.073051,-11.13773,-6.345471,-2.673913,2.063496,-2.877228,25.20633,8.69429,2.601464,20.55566
1586,1586.png,-17.24338,-35.69945,-129.0547,-25.51215,-87.02085,28.68129,-3.861347,-8.769007,-4.741709,-1.301233,14.12016,3.905243,22.53544,22.53947
1587,1587.png,0.59203,-16.68433,-106.785,-2.114266,-91.89091,-1.819788,-4.78067,4.610483,5.823169,13.9917,-18.11198,-1.831602,9.085967,23.47048
1588,1588.png,-8.86965,-31.64027,-127.298,-11.79188,-119.9091,6.318296,10.46608,-9.591805,-12.68757,-6.278517,11.13404,4.110406,3.507231,-9.02269
1589,1589.png,12.67397,7.524303,-23.5466,-6.032572,-48.86756,20.98307,8.271191,9.162148,-9.348557,-13.86324,0.717156,19.78291,2.700423,4.907097
1590,1590.png,16.62785,-24.08912,-108.4901,9.695122,-42.57263,28.84011,-2.314972,-2.784744,9.04737,-13.58568,-27.18536,-13.34718,6.888585,-26.31743
1591,1591.png,2.214214,-17.27304,-118.415,4.118588,-60.50066,-14.04863,-5.376642,-7.857452,-0.710657,0.468653,-19.60162,-21.31154,18.69536,-6.503387
1592,1592.png,9.515285,25.38071,-27.10306,-18.75355,-38.95388,-13.86831,5.142396,3.052916,6.683955,-10.03564,-27.3128,-18.3896,0.849123,-23.58875
1593,1593.png,-6.04409,23.07542,-52.80757,-25.1046,-48.12722,1.776212,2.581491,-6.752531,-11.90365,-19.73788,26.99329,-21.38106,28.3729,-28.16509
1594,1594.png,-14.67997,19.86439,-158.0143,1.98657,-8.118835,-14.41164,-9.1712,3.706691,19.77732,-4.341085,-5.334438,-25.06783,10.07976,17.24341
1595,1595.png,-5.169641,1.864552,-31.63584,8.008146,-146.2281,8.106826,9.402975,6.852718,-6.845133,-4.086115,-3.102397,-4.483535,3.974082,-15.41069
1596,1596.png,6.651258,-2.836632,-82.19652,3.650419,-151.1077,3.109634,-8.171234,6.234705,5.822902,15.24461,22.0364,-15.6911,8.279144,-2.827057
1597,1597.png,-6.158821,5.530991,-142.0955,5.397267,-62.63806,16.29731,10.11435,8.083873,6.924953,-18.69836,7.207428,-13.66388,16.55579,-1.412701
1598,1598.png,-5.214689,-24.67349,-154.5838,-19.12028,-93.12749,19.26846,1.913462,0.299276,9.213467,3.489559,-9.283329,-17.09687,8.006203,-26.09031
1599,1599.png,-12.76462,-30.5431,-7.24321,-14.04158,-57.85704,-12.47198,-7.182467,-8.109535,4.130547,-17.06895,24.83384,4.340797,12.91502,10.57499
1600,1600.png,14.44033,-31.88509,-56.73991,8.72089,-165.5664,3.088723,0.150768,8.075619,-6.366976,-11.39479,-27.27977,-22.90541,16.1828,18.61307
1601,1601.png,-16.42374,14.22207,-75.23627,8.258879,-45.71802,13.09269,-10.56112,6.799541,-4.464548,19.96437,17.74384,16.88897,16.79336,-25.15652
1602,1602.png,-9.707748,7.230724,-166.3615,-19.56512,-83.0085,3.861892,-7.763549,6.772633,1.485855,-11.03241,-18.91727,-28.24762,2.508481,36.65238
1603,1603.png,17.28821,2.375702,-169.2383,-21.03362,-31.99792,6.944598,3.621105,-6.556153,-15.33062,-3.91753,-7.069385,14.39454,6.066513,14.49386
1604,1604.png,15.8274,17.47001,-39.10397,1.871874,-14.22807,-8.882981,-11.41058,0.15551,6.338977,8.097023,-17.90745,13.52393,3.864019,-38.31129
1605,1605.png,6.394085,-31.84547,-35.74568,9.978121,-38.90203,-14.67477,-9.004646,4.167807,-2.00095,-6.260126,27.77658,6.912536,6.419667,-28.36667
1606,1606.png,15.29028,19.86802,-34.58276,10.8362,-100.8311,18.25516,10.34362,6.529251,-10.40393,-12.74453,11.58673,-6.532706,2.726372,-16.6974
1607,1607.png,13.05046,32.81992,-87.04415,14.82101,-151.2157,1.803737,10.76973,8.742175,12.182,4.866344,-20.08323,20.60214,6.152025,21.6411
1608,1608.png,2.337429,-39.21233,-99.02859,-3.783051,-54.606,11.85896,10.66275,8.539591,-14.87988,-5.036394,16.00156,13.90582,4.240615,34.69056
1609,1609.png,4.163244,7.510487,-134.0538,2.648705,-102.2948,-14.69719,11.50604,8.686981,19.71074,5.058064,6.54794,-6.504189,15.67031,5.925327
1610,1610.png,-3.295147,13.96252,-9.315338,-16.98448,-40.35051,5.231304,-5.7437,0.042132,-11.98009,18.7273,-7.629707,-16.11278,27.41087,-2.907547
1611,1611.png,-14.3978,27.35099,-155.058,4.200041,-24.31863,17.84634,8.15607,-6.493481,-9.21756,-2.772123,-6.818916,9.104826,4.171561,-29.88427
1612,1612.png,-19.72631,-27.92601,-73.74666,-6.025126,-80.68232,23.59052,-5.7994,1.665984,1.250107,5.020584,-3.515471,-15.50984,25.46245,-1.161427
1613,1613.png,8.703022,13.58984,-76.67443,10.26809,-148.5049,-11.25661,-0.778906,-3.202964,12.10046,19.92815,5.861053,-23.05186,25.69823,-36.29691
1614,1614.png,-8.842581,17.44989,-110.4558,-6.942307,-111.464,0.897536,-2.986134,8.477444,8.265404,9.875851,5.094483,-3.395545,23.08322,7.631725
1615,1615.png,14.80744,15.72999,-134.7741,-21.27111,-140.9309,11.64621,-7.731869,-0.234646,-1.952488,-2.065647,2.246902,-17.27424,12.01425,-39.74552
1616,1616.png,-8.219154,-19.91389,-114.1553,-12.69663,-16.45126,6.306887,-0.788725,3.802018,-10.36003,-19.87069,23.15498,-2.800545,8.675507,-26.8525
1617,1617.png,-12.97485,-11.87133,-59.5929,-13.03932,-146.7655,2.778537,1.537317,0.940055,-7.230513,0.649015,18.65132,-14.86187,18.63142,8.317905
1618,1618.png,10.06731,-26.77683,-61.31043,-11.52202,-94.59036,-8.444037,6.805383,0.76837,-13.29391,-9.688751,-29.93753,22.94211,10.19364,-18.72473
1619,1619.png,-18.5602,-39.83687,-80.84857,2.016439,-84.90866,-14.65427,-4.367628,2.422079,13.12914,16.0374,-18.37363,13.56769,27.91778,-1.967186
1620,1620.png,1.659525,-30.3295,-89.2073,0.781127,-162.6269,10.00441,6.40335,-9.14913,7.382274,-11.60384,22.58508,-21.07512,16.66315,-28.88595
1621,1621.png,-2.257788,28.12842,-106.2099,-8.337824,-169.8029,-8.032667,4.731279,0.528688,-2.05015,-13.67442,26.73064,-19.2293,25.87419,-29.36181
1622,1622.png,-14.53276,0.002159,-130.2232,-27.32224,-32.32815,24.32404,7.1003,4.396415,-6.178991,-7.765114,-26.16039,17.21922,25.60238,11.30505
1623,1623.png,14.28742,23.29721,-97.54457,-9.891428,-31.27913,29.92959,10.70822,-7.766779,8.291306,3.349302,-7.074126,-27.50511,29.28238,-10.15646
1624,1624.png,5.917606,-38.55222,-34.61533,-2.583444,-37.22705,22.35481,1.457111,2.230798,-5.487225,17.88758,29.6509,-7.082366,24.87661,37.28514
1625,1625.png,7.055234,-34.35332,-151.7822,-7.683697,-25.13114,13.55203,-6.809472,-7.576475,11.04187,-16.52113,7.354591,3.513927,4.96911,-17.40057
1626,1626.png,-13.36774,25.38663,-121.4908,2.629169,-112.3738,-6.880964,3.260507,-8.85038,5.790381,-10.68652,-0.744421,25.66592,9.838105,-26.79134
1627,1627.png,-14.24362,7.978378,-23.26413,-9.623963,-95.63372,-10.77196,1.948755,-9.122738,10.98476,-5.750648,-17.4168,19.98553,4.793991,-18.35231
1628,1628.png,-3.933403,-11.67522,-103.2292,-7.832597,-157.9919,18.23099,-1.407202,-8.855568,14.45408,-19.16902,-16.79724,0.202843,13.95864,-20.5228
1629,1629.png,18.04793,-37.59675,-178.2659,9.400829,-45.61614,27.0514,-6.128898,-0.241708,-10.04362,19.42142,26.62406,-11.18624,10.82034,0.371689
1630,1630.png,18.27036,38.26216,-84.01847,-5.906277,-14.30433,26.99848,-7.084668,1.642004,15.23355,13.9331,-13.91016,-2.131431,29.73876,32.42364
1631,1631.png,2.197922,-3.964516,-92.08347,-26.34608,-3.909027,2.076254,-1.570883,6.478279,-6.397144,14.24639,-27.69601,-25.57668,20.28679,-35.88779
1632,1632.png,3.130333,-8.969265,-130.1491,-28.77989,-27.75803,11.52173,-11.07662,7.689745,6.858768,6.906623,14.91335,-29.63885,28.81754,-3.35297
1633,1633.png,-10.21726,-7.198273,-26.89344,1.896357,-167.6799,25.35461,0.939968,7.419069,18.11687,-12.32659,-13.637,29.1197,17.31161,32.62222
1634,1634.png,12.49137,-4.006084,-121.5515,-11.42029,-174.7359,19.65402,-6.127699,3.522766,10.7972,-11.2195,-11.08989,-16.18002,10.98499,-31.62016
1635,1635.png,-15.5084,-1.743835,-58.47705,-22.75821,-35.16179,-7.85753,1.038874,-0.201045,-14.49652,-17.22005,-0.17635,6.232349,0.42753,-37.65957
1636,1636.png,3.537523,29.45448,-118.9347,7.169269,-154.3617,-2.730999,5.608929,-4.475494,-6.020319,17.04642,-5.126835,-24.90432,1.571038,-19.64088
1637,1637.png,8.761263,20.93007,-14.64203,4.540763,-167.3073,-4.338032,11.49346,9.659693,-0.9925,-2.700474,9.407192,29.17643,1.301551,-20.07095
1638,1638.png,-3.586132,-12.00251,-12.19113,-23.65312,-158.3786,21.67891,-5.83452,2.307564,-8.471224,1.371758,19.86039,25.89107,15.35892,-12.12362
1639,1639.png,-18.90678,-2.953667,-25.68762,8.057922,-152.8574,27.83691,9.587608,3.31953,-17.87595,-9.910385,6.227263,5.227886,26.14079,35.38036
1640,1640.png,14.76656,-20.77549,-149.397,-24.54385,-94.93262,-3.740309,-0.546454,-4.767908,0.045422,-1.343897,20.04917,9.142463,10.62233,23.91737
1641,1641.png,17.44673,-14.91357,-92.80331,-26.92999,-13.63536,-5.84612,3.431842,4.963996,-16.61969,-1.070021,-27.58706,3.143723,22.18908,-6.121498
1642,1642.png,-0.535328,-5.939861,-178.3127,3.625668,-61.07425,20.94496,-3.937508,-2.799536,-12.17222,-5.727541,-15.28056,17.03803,28.63963,-23.72732
1643,1643.png,19.53786,-8.122059,-11.126,11.77446,-11.3068,-8.087089,9.354912,8.332016,3.943851,1.920502,-11.12553,-27.34654,25.90276,-27.08542
1644,1644.png,17.88506,37.88998,-149.6837,-15.78381,-135.5032,2.681618,-8.088449,9.841736,16.86058,6.322788,-9.111882,-10.30339,28.39139,20.74216
1645,1645.png,-17.85767,11.93542,-150.7927,-13.58551,-52.95042,-4.718245,-9.363619,1.567549,3.058451,-13.63652,-3.797933,6.750866,10.7327,32.41009
1646,1646.png,19.9505,-6.941704,-103.4988,-26.44658,-143.3173,1.285046,11.70175,-7.403067,6.456489,5.444431,10.06209,-24.57424,26.51266,24.1024
1647,1647.png,13.26288,-4.60014,-72.40791,8.970314,-81.2635,-12.3958,9.276129,-8.340034,-8.334295,-8.503731,5.311286,27.56646,2.568837,-33.48519
1648,1648.png,17.13302,-1.671635,-136.2099,-26.04211,-156.5712,5.560937,-3.32465,0.057846,6.847047,-12.34506,27.20701,0.501047,23.5547,3.61282
1649,1649.png,-17.05646,4.359222,-74.00797,-20.58725,-91.65173,12.96486,-3.097391,0.689989,-12.58707,-15.35278,16.1066,-22.15038,26.24572,-34.41557
1650,1650.png,12.8156,-6.14571,-15.28617,-9.219664,-114.3086,13.47135,1.342028,2.012254,-8.088934,19.54405,-1.007097,-17.41808,0.562241,-36.6701
1651,1651.png,0.255816,-25.87347,-48.06322,-13.02741,-94.05156,27.40446,-5.657686,3.374209,-7.277042,1.212837,-0.862173,-17.95034,27.23593,-31.479
1652,1652.png,-11.79241,-22.33604,-105.8697,9.066416,-104.8301,20.32768,-0.134138,8.361197,13.04048,12.88052,25.9611,-3.964409,3.582662,0.504517
1653,1653.png,-10.88684,-13.58966,-94.41407,-0.399882,-46.03117,-5.14639,8.818874,3.290579,18.34665,13.39632,26.70696,11.69268,20.22591,-17.46053
1654,1654.png,6.595439,35.02453,-133.4876,-22.2296,-33.70412,22.18567,8.222763,2.039927,-2.831242,4.695293,8.480902,-3.151277,6.16711,26.89887
1655,1655.png,14.39999,12.44682,-26.76324,12.04055,-145.9645,20.38077,9.896293,-7.981899,15.288,-10.34187,9.024845,26.27327,7.561839,-17.47215
1656,1656.png,16.42694,36.72645,-21.2063,-12.66895,-2.049294,18.08617,-9.575497,8.926997,-0.569084,-6.534718,-11.44595,24.05956,7.803331,-6.265606
1657,1657.png,18.88967,22.35599,-38.05997,10.98714,-80.22574,25.26994,4.877231,5.831726,-3.088123,5.687069,-8.402649,-26.0793,26.44695,-10.38574
1658,1658.png,-1.586216,17.3494,-152.3415,-19.41096,-105.732,22.60387,1.369133,0.985285,10.44912,4.02417,-0.784124,-8.42003,8.324992,-16.60046
1659,1659.png,3.993427,0.686115,-34.2911,-14.76657,-159.5436,7.963949,-3.623482,-5.67193,18.50439,12.827,-24.5033,0.237955,7.017535,20.51987
1660,1660.png,-3.601082,36.29283,-14.86611,-5.163305,-128.4586,23.76524,0.791126,-4.536685,-6.944139,-19.8987,-25.4975,-12.19958,14.18314,-28.60237
1661,1661.png,-3.122566,38.39352,-122.7417,-14.63822,-100.3517,-4.515197,-3.069149,-2.628774,-6.616657,11.96899,-6.58625,6.546046,4.666347,35.2858
1662,1662.png,8.391308,7.715584,-32.00019,-13.08542,-91.08673,-14.71535,-8.664133,-0.993358,17.11287,12.13669,-29.94564,-28.05484,13.58497,1.457973
1663,1663.png,-17.22416,-13.0611,-17.34778,-26.65395,-25.10983,14.05539,-11.11915,-3.131815,19.55666,10.12995,-11.62368,-29.93583,27.63988,-14.89756
1664,1664.png,-4.396751,-39.72782,-78.92845,-11.87973,-141.4449,-10.80851,-9.122149,-2.419215,4.082262,16.12979,16.62621,-19.47309,7.73349,1.110111
1665,1665.png,-17.44025,24.5894,-52.63222,-23.40753,-77.20276,13.93054,9.510384,2.092157,7.297325,17.63891,25.63342,10.53032,25.47383,-16.69764
1666,1666.png,-11.16044,-13.72187,-116.7888,-23.9495,-11.73044,19.80828,-1.3855,-9.79554,-15.62206,-5.029823,-13.02144,-7.340065,3.769813,32.17717
1667,1667.png,8.928733,-33.37119,-112.4265,5.398109,-35.98403,2.675294,7.527709,-6.546715,7.496213,-12.28899,7.119409,4.159195,6.767428,-13.46564
1668,1668.png,16.96022,27.67587,-142.363,-1.318583,-82.78931,8.707818,-2.538313,-8.337273,10.16407,11.39265,5.141505,-27.10344,24.43438,38.81279
1669,1669.png,-17.29604,-4.389557,-169.1394,-7.076005,-16.83333,14.04323,-6.849652,-4.743505,15.09975,-18.7084,-14.08947,12.54119,12.87172,-16.98801
1670,1670.png,-17.24058,28.15057,-38.74535,-28.95215,-149.9119,-6.038702,-8.128307,1.514696,14.84387,14.09231,-15.71187,-2.563408,1.616489,-9.080177
1671,1671.png,15.23068,-11.62786,-5.454025,5.234902,-61.65734,15.53332,10.1084,4.846625,-17.42065,-17.85329,-18.48043,6.069291,18.73896,17.41095
1672,1672.png,1.895954,24.88908,-108.8816,-8.283396,-161.3699,-2.811519,6.942117,9.412195,19.82809,-14.25513,1.213356,-15.95538,0.423893,33.64836
1673,1673.png,-12.59451,-12.02821,-91.67639,-27.75827,-140.6673,1.522903,11.52351,1.984548,-6.30994,6.969299,-2.789308,-26.23928,1.78304,20.69348
1674,1674.png,12.83093,-10.0795,-7.870224,-28.27753,-15.26373,0.046546,-6.436666,-1.953088,18.71354,-5.693338,27.05853,-7.149235,7.42703,-38.00104
1675,1675.png,18.2078,4.525761,-25.74998,-7.880415,-75.6668,4.072547,9.592319,-7.08843,-0.109274,19.29175,-22.41634,6.835696,29.83088,-28.52308
1676,1676.png,3.608778,-7.341656,-53.89522,-24.94254,-170.2567,16.5277,2.886448,-8.800514,-4.069368,1.995193,-0.003279,-1.84366,27.42495,5.154091
1677,1677.png,14.83604,39.30345,-152.1651,8.198051,-129.9441,11.92204,3.567667,8.088902,6.126966,2.151577,-2.321015,20.50892,12.44843,-5.574039
1678,1678.png,12.4291,-38.42593,-172.1702,-9.08527,-107.9737,15.87134,6.679613,2.216445,-16.34061,-0.844881,-22.41581,-28.91182,11.46036,-19.40319
1679,1679.png,-8.70467,-20.49126,-62.79226,13.62589,-88.98734,29.51361,-7.052848,8.748446,-4.339239,-10.07627,-2.877999,11.66525,19.77213,-36.68997
1680,1680.png,0.478489,-29.75647,-0.765457,-21.06713,-175.5838,4.432966,-6.307285,-2.326699,-0.1843,-14.64067,-27.07497,-20.15553,27.60632,-12.24504
1681,1681.png,13.79309,0.086655,-129.8232,9.009114,-147.8784,18.72794,5.089456,-7.837141,15.10205,-17.00437,20.69386,-12.01767,11.58951,38.89534
1682,1682.png,-0.183781,12.1668,-79.45502,0.54402,-36.11728,2.741372,4.134398,-1.883117,8.873177,-16.57516,29.98601,6.73523,23.44148,26.59865
1683,1683.png,0.973795,-29.94901,-87.42112,-13.96372,-153.1777,22.34499,-4.09708,-4.725536,-6.518805,1.762655,7.828938,22.83352,1.575651,-22.62175
1684,1684.png,-19.35328,-35.79416,-176.4712,-23.52203,-80.53147,10.05051,-3.991983,-8.18214,16.64791,-5.89926,0.983374,-21.86247,25.83722,29.09971
1685,1685.png,7.330875,19.07674,-127.3584,-15.86528,-70.03391,29.46759,10.47789,5.133802,-13.00532,8.041434,-9.649812,18.67124,28.34819,13.73676
1686,1686.png,8.091854,-24.26296,-4.023827,12.70896,-77.59512,-11.56605,-5.165253,1.224347,11.39435,12.9964,-4.365124,23.42151,23.70673,14.80284
1687,1687.png,1.686724,-35.23167,-123.7905,-24.06898,-129.8019,-11.98653,-5.883352,8.483831,8.766174,-15.56165,13.72593,-3.131179,27.94369,-6.901173
1688,1688.png,-10.96961,15.71013,-50.52351,0.039602,-71.41018,29.19221,-6.149623,1.664256,1.90337,-12.76645,8.00344,8.00384,0.555804,-18.88233
1689,1689.png,-7.398079,29.41097,-99.07661,-2.202678,-31.60872,-1.273884,-10.51437,6.593037,-1.408089,17.2678,13.55176,16.64363,26.09503,17.55202
1690,1690.png,9.012589,17.10667,-8.743103,-15.47244,-135.7799,22.15695,-3.857742,3.786936,-1.159784,16.51774,0.426424,18.72782,26.60316,-14.0979
1691,1691.png,-5.598066,-0.761379,-63.11708,-9.429502,-90.2362,-7.728279,7.448987,6.736517,-10.29819,-3.309849,-11.61092,-21.48586,25.55219,-9.250912
1692,1692.png,-8.979065,-35.33024,-173.1465,-22.4232,-135.9714,6.214888,11.32082,-4.31069,3.244459,17.92508,-2.002483,-25.09846,15.94056,22.70825
1693,1693.png,13.54254,17.18616,-10.05835,14.04156,-149.3834,19.86197,-2.006546,-9.796139,-18.0847,0.690992,15.94301,-19.07404,28.1201,-7.177433
1694,1694.png,-15.2359,-36.58772,-54.25204,4.541466,-134.6672,21.00533,-9.415609,-5.252995,-6.566345,-6.856529,-25.84768,23.03273,29.65925,8.347553
1695,1695.png,-5.710075,28.73537,-20.05992,-24.19079,-38.06111,23.99497,-8.098841,-6.643408,5.349297,4.234131,11.50415,2.85376,11.45439,4.573273
1696,1696.png,3.630274,34.96842,-13.4948,-9.950314,-88.66505,9.593306,4.421064,3.758695,-8.73954,-16.50152,20.34576,-29.75027,27.02563,1.061844
1697,1697.png,-13.29968,21.98952,-0.379562,-18.61391,-44.94454,-12.87426,9.29966,-1.802889,14.91479,17.54698,15.26737,16.85645,10.57299,27.73431
1698,1698.png,-12.53416,-2.881771,-28.52555,-21.32809,-99.64439,23.22903,-2.709436,-8.626266,-7.783768,17.31779,-8.442504,-19.18219,7.682671,30.71255
1699,1699.png,-4.030611,-13.78603,-77.24727,10.386,-52.55278,5.416855,11.65857,-3.844966,-10.29569,-18.98361,19.81653,-20.27488,3.463762,-10.98129
1700,1700.png,-2.589338,-4.923176,-55.08408,-29.34798,-66.32603,-13.86192,2.224413,-9.770262,-18.96799,10.90193,-10.144,9.535316,11.22791,-3.314892
1701,1701.png,1.278879,-1.942173,-65.2523,10.56695,-113.1235,23.81785,-6.151165,1.400605,-3.718702,-9.660595,17.60062,0.906462,6.419216,21.95478
1702,1702.png,-0.158566,3.579193,-42.27329,-13.22001,-140.7312,13.16126,-2.189104,-9.21542,4.730423,-15.96726,20.13534,12.82915,12.5897,-2.806419
1703,1703.png,17.81164,-2.995285,-140.3125,-7.965136,-126.4749,2.539467,3.860432,-7.617889,-1.126244,4.175245,-8.980025,-8.823363,22.7013,-37.50839
1704,1704.png,5.405735,-7.50732,-107.7594,-4.490644,-44.02872,-7.459994,-1.374317,-4.244114,3.313581,-4.249638,-29.45781,-11.29531,11.92374,2.715954
1705,1705.png,-3.201124,34.37112,-10.32022,-28.46033,-123.5922,23.59494,6.618375,0.46239,9.716682,6.438283,-29.17036,0.212328,13.22557,-6.036953
1706,1706.png,18.59074,-11.8308,-118.7151,3.98996,-52.19963,6.660138,4.12276,4.863129,12.61669,-3.062151,-11.70184,12.99404,12.37784,39.32257
1707,1707.png,-7.034628,-8.323444,-169.5068,-28.10619,-146.9499,1.475267,2.309774,-3.23568,-2.792881,17.0026,-14.18953,10.58992,17.95879,11.60298
1708,1708.png,0.251282,-8.426231,-177.8675,-25.9583,-47.9572,-8.107522,9.412062,7.229958,18.16402,10.30766,-26.6202,-12.32998,3.056724,-11.72079
1709,1709.png,-9.237654,36.13758,-115.0991,1.060644,-155.3064,-10.74545,7.472027,-8.182724,4.164249,-5.172604,1.102507,-22.71923,23.58553,-3.299995
1710,1710.png,-1.67905,-2.810863,-92.0289,-3.009888,-72.25537,-5.958569,-6.418422,-5.568726,-7.829058,18.63517,-21.73111,-10.54641,9.722727,1.198421
1711,1711.png,4.977581,38.38963,-41.25489,-18.00168,-52.10209,2.732987,10.28905,1.137,-17.24958,-8.444426,-28.05377,5.254959,24.8637,-15.66931
1712,1712.png,0.823305,36.58037,-14.42964,-6.679596,-69.80197,28.40565,-7.403315,5.55938,-8.291157,5.539374,18.70891,18.02788,24.35132,13.89285
1713,1713.png,-4.375574,-30.5172,-32.71525,-27.03897,-117.201,-10.00596,-8.299324,-5.660898,8.606849,-9.201338,10.38968,25.47697,20.8765,-18.918
1714,1714.png,-2.020666,17.4159,-172.1026,-12.06697,-100.4652,2.707518,-4.625786,-4.018969,5.522198,3.750174,-13.93281,7.408058,11.89176,9.652332
1715,1715.png,-2.926653,23.60938,-86.10892,-23.35905,-153.7419,14.49092,1.446148,0.206934,10.74097,4.450539,-28.63985,1.362516,11.51561,31.22989
1716,1716.png,17.19324,-5.67247,-20.85568,-26.57818,-88.28127,-8.386043,-0.096037,-1.202258,-9.982454,3.091238,19.99841,29.60776,14.01021,-21.66481
1717,1717.png,6.302284,-26.72752,-159.8394,-12.13037,-137.4195,6.491229,6.505161,-2.752632,19.59468,-12.13011,15.00398,-21.54693,4.850857,15.77254
1718,1718.png,-4.003094,9.556576,-176.0762,-21.60542,-92.45133,-11.05812,0.955174,-2.541853,9.620256,-0.434025,-23.67799,-22.23878,22.95284,-20.85709
1719,1719.png,18.14573,1.962563,-96.07938,9.07624,-103.8042,22.81992,8.897796,-9.51878,5.1864,16.67538,24.90033,6.939429,1.2586,-24.74332
1720,1720.png,14.47976,18.97588,-128.3488,-11.09243,-83.93758,25.19366,3.260727,-1.465374,0.533115,-9.369289,-15.99794,-29.52998,6.499894,28.89659
1721,1721.png,11.36362,13.50765,-18.90095,11.25613,-110.2938,0.13742,9.660576,-2.315449,4.092695,-19.82885,6.474914,11.7395,5.448704,-25.3235
1722,1722.png,11.02965,-1.657444,-115.9471,1.370955,-58.9435,-1.736431,-11.89512,-2.563463,18.08426,-11.42677,-11.98662,10.85967,17.23017,33.41501
1723,1723.png,0.269259,10.20903,-8.662376,4.296188,-51.51484,29.08829,-2.531677,-4.614674,-0.247047,-8.294418,-2.842637,-16.43909,7.767082,10.2715
1724,1724.png,18.56799,5.588585,-94.78878,-3.360845,-104.8718,26.63585,1.028936,4.815602,-8.041418,9.37902,-11.53577,-20.65185,15.18903,6.603161
1725,1725.png,13.80352,11.28114,-94.42087,-26.465,-168.4983,14.93437,11.94883,-5.381603,15.41082,-5.105865,1.827982,14.39092,3.796624,-5.299183
1726,1726.png,6.0394,34.14636,-11.55032,-6.411658,-176.3282,3.049038,6.675678,-8.760849,1.70779,11.05873,5.550453,-12.6694,16.76383,-25.4148
1727,1727.png,3.872087,29.2899,-156.863,-24.0903,-35.00541,-11.39716,-9.486998,8.313705,19.24245,12.54095,6.136776,23.0977,20.21358,-29.22879
1728,1728.png,3.811132,23.89006,-174.0448,-23.03292,-118.999,26.07838,-1.380743,-1.001822,0.369122,2.647421,2.618941,26.01173,18.21626,29.19971
1729,1729.png,11.32504,15.93106,-60.39998,-5.403658,-101.6407,23.3756,-11.73526,-1.503306,-11.09391,5.065254,20.73368,-9.130451,6.939279,-5.460934
1730,1730.png,13.23623,25.09935,-35.57116,-17.55966,-168.8136,14.6482,7.033443,-6.818283,-1.921022,-3.372391,6.244408,4.780365,7.699887,-7.808346
1731,1731.png,19.06998,-38.80679,-106.5711,0.104748,-31.41985,8.623848,11.44046,-4.377357,-16.68158,-17.86259,14.26575,-28.29123,12.72614,4.086338
1732,1732.png,-15.48306,5.043644,-108.7746,8.018618,-110.1278,12.34849,11.59334,-1.128078,15.29111,-8.450338,16.47594,-6.314175,20.49838,2.231716
1733,1733.png,-2.151491,-6.745037,-16.99023,4.723422,-47.93799,-1.474652,-2.555984,1.492294,-5.288136,9.32486,-27.99737,-2.505444,8.483042,9.717735
1734,1734.png,11.18756,17.13608,-179.6262,5.658702,-137.6809,3.50586,10.26568,1.906928,-10.53864,-11.9742,-28.27549,23.58436,3.227803,-24.28178
1735,1735.png,10.11679,-2.131332,-152.4144,-16.22871,-147.7093,-0.583339,-7.26622,5.697782,-12.52203,-8.342398,-19.52852,-22.67017,7.913981,34.41867
1736,1736.png,-3.595922,-13.39856,-105.7417,-6.224152,-142.1554,-5.917767,-8.070244,-0.645157,-10.69521,-4.423635,23.2888,12.1426,5.74521,29.86212
1737,1737.png,-15.59386,-39.12917,-32.12315,-26.99667,-172.3641,7.656826,1.691256,6.871626,8.094573,-5.87631,-5.870258,-27.88605,12.00504,24.19328
1738,1738.png,-18.34576,24.86577,-105.0091,0.011912,-126.9754,-10.02445,-1.872622,5.327503,9.068741,16.77931,-24.40333,10.24946,27.00103,-29.06577
1739,1739.png,-5.384748,-16.13682,-63.54613,3.495018,-161.2246,-6.763027,2.205593,1.411787,11.75661,11.50509,-3.605042,7.752155,6.689362,-1.1562
1740,1740.png,-1.492016,38.73795,-45.39062,-12.23984,-3.829575,-8.342028,-4.388201,-3.792253,15.48057,3.013342,29.62254,-1.110159,3.023365,-16.45488
1741,1741.png,-16.92947,-35.43862,-122.6949,-10.39036,-122.1143,-0.988389,3.584738,3.327196,2.884781,-15.02099,-22.32545,15.36464,14.22979,-37.99928
1742,1742.png,-10.15118,21.85258,-102.2891,-7.375177,-19.72467,16.4479,7.607543,4.261346,-4.881718,-11.11387,-8.49757,5.795677,5.687442,10.48925
1743,1743.png,12.10718,-8.480877,-47.86083,-17.34372,-124.4139,1.00711,-9.141214,-1.357826,9.568744,11.07529,-26.52853,25.46193,24.91556,-21.84511
1744,1744.png,8.525114,11.85395,-119.2741,-17.9224,-156.5269,15.87693,1.193571,2.258702,17.97569,-10.09826,-9.665662,-12.84585,5.289964,2.765156
1745,1745.png,-14.7513,15.45695,-84.06231,5.562738,-166.0965,11.2039,4.179817,-4.497804,-7.008516,3.357075,24.03743,-23.70222,14.81068,-9.068264
1746,1746.png,-5.565722,27.89081,-60.4144,7.977901,-100.929,-9.899843,11.63467,8.857403,-3.632185,-6.93763,3.398183,2.153073,0.482415,-14.82064
1747,1747.png,3.517763,-4.683918,-43.28601,-19.47871,-13.72144,-2.026533,-5.231955,-4.669112,-17.59058,-9.404814,5.166954,-13.9305,29.79701,-14.73098
1748,1748.png,9.041943,-14.06863,-131.6153,-2.289185,-134.8661,17.25502,-3.525173,-2.327477,4.103863,5.559192,18.88808,21.98047,0.224115,-0.656704
1749,1749.png,-8.021347,31.12588,-26.59962,-0.366028,-31.95852,-13.65353,11.65565,-5.441158,7.441821,-2.011879,-28.91147,3.435992,3.831961,-25.97446
1750,1750.png,12.32786,1.973301,-129.1432,-18.07872,-86.28824,5.842811,6.42638,-1.136871,18.0172,4.183739,8.434889,-22.9724,14.35046,4.890598
1751,1751.png,17.90438,-28.75083,-100.8833,-15.69436,-54.67233,-2.92922,5.256371,8.739481,4.742796,16.77878,29.07838,-5.654079,28.49189,-19.64588
1752,1752.png,-6.277821,33.45592,-73.8632,-27.91392,-59.17282,-9.039648,-2.228418,-2.407269,-13.73614,-7.806475,-25.00939,-14.25219,25.1214,6.388783
1753,1753.png,-2.633675,-19.48909,-92.68919,-18.75864,-123.048,-13.68723,-7.92762,-8.649899,-1.080893,-8.814457,24.98591,-25.47684,21.84592,-3.373753
1754,1754.png,-3.823444,32.71075,-70.75787,-27.0088,-109.0156,-3.945619,-9.706474,0.527109,-19.50694,14.65557,6.439565,-2.263023,18.86086,4.428516
1755,1755.png,17.91786,-9.951843,-53.67318,-22.08925,-131.6967,-9.657013,-6.35009,-8.450039,-8.895443,4.094364,-27.54686,14.74337,20.25623,-33.53935
1756,1756.png,-8.639458,3.933521,-81.46374,-2.268568,-99.92616,-13.72991,1.03257,3.920183,13.31982,12.3516,-28.30539,9.97826,11.25305,-38.6364
1757,1757.png,10.94476,-33.50014,-155.928,14.43028,-80.24142,28.17559,0.709078,6.034238,-7.314283,-12.37405,-7.919408,-16.31558,3.530931,-39.42801
1758,1758.png,19.26474,39.7891,-114.2587,-25.64589,-116.8431,24.46949,-8.070885,-0.999991,14.83684,10.80482,-2.077915,4.674886,1.253225,34.37002
1759,1759.png,8.271537,2.194065,-7.091568,-10.71561,-105.1072,-13.68372,-6.56731,6.102924,11.40464,5.464153,-2.960612,-29.23394,21.10694,6.652618
1760,1760.png,2.386639,9.755684,-68.05077,-6.610067,-102.209,-1.717784,-9.433208,-3.380629,19.18594,-13.14648,22.26799,-16.70084,27.24591,-36.92467
1761,1761.png,3.121006,-7.919155,-25.86551,-28.02501,-97.76657,-4.703348,10.60452,4.435887,-11.60485,-5.137899,-26.02703,-6.817571,4.222891,-3.462833
1762,1762.png,8.352722,-15.88825,-164.9291,0.323472,-42.52707,-13.77899,-0.56632,9.669983,7.901172,-2.897331,20.43097,-14.69598,11.21595,-11.33569
1763,1763.png,-1.226942,34.71875,-59.83046,-12.14912,-12.13333,5.082769,-0.40118,-0.013856,-4.282028,-19.4435,9.660036,-22.69675,10.90384,-30.6166
1764,1764.png,-14.67962,9.531368,-16.92987,-15.61376,-145.2311,4.456768,-7.628374,3.250701,-5.834473,12.90981,24.95122,-17.38144,9.2321,12.88359
1765,1765.png,-10.82554,14.22514,-177.3143,-12.53204,-166.5044,5.275695,-9.073063,8.292591,0.865852,-15.78136,29.51833,-25.94674,13.30628,-26.35449
1766,1766.png,3.23613,-10.74022,-27.65295,11.94296,-21.06594,23.58713,2.182444,-7.230646,-18.0801,18.21482,2.008693,-1.685612,18.33877,-15.86045
1767,1767.png,17.1619,0.24614,-51.58122,-18.047,-40.33453,24.06024,7.456721,8.692129,-5.686962,8.643885,7.477244,27.15954,2.841074,14.58906
1768,1768.png,-6.226027,19.24385,-112.1434,2.309095,-53.95401,23.75189,9.324276,-0.460263,0.207489,11.05062,14.06563,20.82111,3.162285,15.94524
1769,1769.png,17.30397,-12.90514,-99.98234,-0.059398,-152.6895,27.86837,-1.426121,1.094533,10.36641,-2.097462,27.18391,-3.231214,18.46783,25.32142
1770,1770.png,0.628393,31.38885,-42.56821,-20.11928,-176.4538,12.1816,7.926229,-2.436179,15.18997,0.062687,15.57622,-29.44953,18.45877,2.949558
1771,1771.png,1.856081,21.07347,-27.87955,7.174317,-161.5415,6.581367,2.125118,3.938568,5.226612,-14.38977,-21.45384,-20.38623,8.363072,-19.93233
1772,1772.png,-5.591566,25.24734,-159.3456,10.80895,-33.24422,7.377511,10.07275,4.596672,-3.691399,-12.67274,-28.2909,-5.096638,13.91225,38.02385
1773,1773.png,-0.59778,-28.38916,-41.33879,-22.77236,-25.71376,6.431245,6.050407,2.470297,14.30344,-6.601751,6.296535,24.23932,15.84911,16.85559
1774,1774.png,-18.24082,34.81189,-13.77716,10.02081,-171.5244,2.2655,10.36293,-9.759436,-5.045841,-2.447636,13.50097,-9.754704,24.13148,-38.62419
1775,1775.png,-18.96318,17.41002,-44.10597,-27.37822,-33.26826,0.911199,-7.523194,-4.903306,-18.25628,1.935379,-14.86119,28.89816,27.72441,39.05354
1776,1776.png,-8.229053,15.84795,-85.92848,-16.31785,-131.1444,9.052943,2.32732,1.33758,1.020239,-1.282331,0.642696,17.11143,6.91226,33.86704
1777,1777.png,9.183683,13.35852,-159.744,-15.8691,-130.881,6.659543,-4.071091,-7.964724,2.658302,-13.14256,-2.700551,2.566249,9.071022,17.694
1778,1778.png,16.60814,14.07486,-74.61539,-1.451872,-7.769569,19.43953,2.476229,-6.404154,15.63415,-0.036766,-6.857288,21.00272,17.95719,9.175793
1779,1779.png,-8.053539,-6.08934,-85.14513,-0.647242,-42.18985,8.383501,5.012978,1.696788,-6.598032,8.647628,5.95475,-27.72718,21.87465,31.48556
1780,1780.png,4.754208,8.334881,-157.9502,-9.64076,-150.9757,8.083345,8.818033,-1.611122,-19.54116,-12.66769,-20.65717,23.56514,29.47192,20.2096
1781,1781.png,9.347019,39.27131,-174.3795,-10.74976,-0.34832,11.43327,-6.400215,-0.831352,15.93515,-9.965284,0.061552,-1.855127,24.82486,-11.35492
1782,1782.png,11.542,35.49615,-157.2345,-19.46187,-7.210655,0.779326,-10.71871,7.626047,-8.218678,11.56957,-28.54438,-0.963368,14.06482,26.95781
1783,1783.png,19.76242,-5.248341,-149.5544,-27.88221,-140.7498,25.52884,-8.847347,-0.360073,-4.738062,4.25976,-4.755596,3.420199,4.661497,35.9034
1784,1784.png,-5.885418,-4.789921,-6.688828,-1.741947,-140.6147,11.00858,-0.848841,0.226478,-5.930235,12.61645,-21.64581,12.59608,24.6879,5.050072
1785,1785.png,-16.56144,-33.88976,-145.9622,1.29802,-6.886971,15.78086,-7.930501,8.012184,-12.3833,7.493529,-0.087694,-26.77827,3.766222,-30.70251
1786,1786.png,-14.77328,-5.221466,-152.9946,8.831208,-24.0685,24.78977,2.668936,-7.379608,1.113337,3.209761,7.360299,-23.15411,18.72788,-4.522472
1787,1787.png,13.23939,-23.31539,-155.9141,-28.31075,-166.8454,-7.726676,6.89104,0.171231,9.755111,14.80021,29.20805,-9.448139,14.03403,6.972832
1788,1788.png,0.203741,-5.196243,-166.764,-4.484019,-120.2973,-5.472209,4.202379,-3.618914,18.67791,-14.50497,-21.55646,6.79509,12.52954,7.324604
1789,1789.png,19.05704,-29.94549,-154.5146,10.28089,-48.25013,12.11442,4.568258,2.289442,1.541927,2.929165,28.48942,6.667854,26.58035,-27.19655
1790,1790.png,8.662887,-0.759712,-158.5319,9.888567,-21.29105,10.21779,6.349044,4.477503,9.171748,13.97976,-7.085434,6.499246,5.972661,18.45067
1791,1791.png,13.43396,-26.00511,-40.25709,-9.97742,-24.36624,-2.158433,5.593937,-2.978539,-2.602274,11.60906,28.71453,-26.71312,10.91681,-13.0577
1792,1792.png,6.813001,2.302708,-174.2812,-9.55802,-144.5425,10.88406,9.385666,-9.07505,-9.737356,7.976894,14.0845,-22.63744,26.48191,22.43104
1793,1793.png,8.152866,2.519955,-94.19953,-14.51464,-105.5047,29.86938,-0.579304,8.20311,11.32465,9.278625,-7.822041,-9.931966,26.71953,-7.244362
1794,1794.png,14.11971,-8.423141,-52.57424,-9.17516,-69.46727,22.42809,2.794271,-5.649178,-11.86751,-14.20502,-23.47416,12.88399,17.49887,-11.87622
1795,1795.png,-4.475557,18.77832,-72.22634,-6.484438,-55.07576,21.87303,-5.376757,7.85799,-17.44869,-0.972292,7.724846,16.42093,25.07476,-7.236439
1796,1796.png,-1.371172,36.674,-156.8363,-3.974019,-95.96877,19.8193,-8.919933,-7.304931,-4.700916,-6.10523,14.02611,-20.11651,12.59463,24.55441
1797,1797.png,16.079,37.09747,-143.8122,-25.98559,-94.11718,-4.739376,2.929548,-8.01339,19.57793,-8.539841,8.872775,-19.1325,12.21997,-18.66348
1798,1798.png,-15.55198,19.51867,-34.29651,-22.58137,-165.4809,5.434627,-2.011114,-4.965433,11.30038,4.924858,-25.6525,-22.75859,5.407097,12.60932
1799,1799.png,0.242155,-18.34174,-24.12207,-29.01842,-158.4504,26.77989,0.838747,-4.583145,-17.04098,-0.361088,-0.534056,-8.494781,17.99227,-23.56244
1800,1800.png,12.01158,30.83302,-54.78211,8.571979,-176.2122,7.513231,-8.56204,3.004272,-17.90436,-6.199005,19.0071,21.99578,12.50053,-35.23238
1801,1801.png,-1.684563,1.416107,-84.85748,9.225085,-50.28001,27.13698,0.968168,-4.603315,8.167824,6.448807,18.03298,-4.48621,24.33668,-3.805405
1802,1802.png,-17.35427,-7.286621,-144.7299,9.764939,-65.6484,25.31572,-6.122677,-2.858528,4.693945,14.79599,-2.049605,-12.05749,25.65066,-33.18158
1803,1803.png,-15.52647,-20.82347,-32.27408,-15.55377,-103.6461,-5.064352,-4.484972,2.819781,-0.994446,4.52285,16.67873,-21.85477,16.94464,14.6479
1804,1804.png,-8.373615,4.548031,-173.9648,-26.24304,-89.70667,27.13582,-3.470127,7.983425,17.68881,10.27846,6.057468,29.5281,14.16193,-21.37579
1805,1805.png,-4.197243,27.38636,-92.48682,2.221784,-5.587387,-1.77255,-4.138306,5.600116,8.11996,4.778111,5.039452,-20.42043,10.93547,28.07092
1806,1806.png,-15.75099,-10.02643,-75.60664,1.14957,-4.576942,29.56797,9.511705,-9.479837,3.446915,-4.171268,-15.91013,-7.719887,9.884683,31.56094
1807,1807.png,-16.35236,-35.8686,-105.8872,7.587715,-79.2486,24.49187,1.078215,-3.628749,-14.45398,-7.805225,-22.98133,-1.605738,17.50878,18.15074
1808,1808.png,0.228975,28.96881,-167.6526,-8.804211,-145.3552,-14.71888,11.33767,-8.587854,0.286266,14.4941,29.81498,9.313459,1.38309,-39.01028
1809,1809.png,-10.87249,16.22938,-42.40837,1.942442,-3.867126,11.3135,2.091478,-8.331812,16.10465,16.69087,12.30999,8.715362,23.41644,-16.1256
1810,1810.png,-7.839481,17.17392,-3.514381,-9.357625,-109.4358,26.1824,-8.311401,-8.90263,-10.76416,5.36592,-28.55356,-13.67016,17.21208,2.163738
1811,1811.png,-11.74415,0.009056,-144.0342,-27.351,-120.8898,-5.85569,4.953715,-3.815609,16.29806,9.583588,-8.136295,-10.95663,15.26578,7.687546
1812,1812.png,-19.83563,-35.36121,-81.62976,4.252945,-6.080269,15.45897,9.462759,4.76635,-19.30516,-1.700275,-23.39393,27.58407,29.07003,-36.15475
1813,1813.png,-11.79385,17.16904,-10.96747,14.18882,-137.7907,10.01188,4.320193,-3.533855,-19.3535,-10.75288,10.80942,-16.60908,17.45319,-8.682484
1814,1814.png,15.05704,-11.26643,-33.33147,-15.28902,-126.1671,-3.832741,-5.392504,-7.453781,-10.73141,-3.119652,-15.4162,0.837339,9.713285,23.64641
1815,1815.png,5.813861,-25.6211,-129.5749,-4.932512,-164.7813,28.86357,0.196316,1.784578,6.434879,-19.20225,12.9328,-6.021412,26.68085,14.77589
1816,1816.png,-16.26876,19.80326,-100.5874,-26.76301,-0.272041,27.66906,6.458316,0.251025,17.5557,16.88521,11.34487,3.581111,23.27253,-12.56349
1817,1817.png,0.603935,10.76491,-60.89104,-17.88924,-38.6257,12.87403,-8.805092,4.826471,-13.58689,-0.241221,-3.760911,-8.886856,26.45348,8.532921
1818,1818.png,-11.6522,-35.94131,-60.34754,-4.446125,-106.0031,12.21354,2.124094,-4.230045,9.674463,-12.67698,-1.97406,6.746017,0.021279,38.3271
1819,1819.png,-7.548454,-35.95522,-166.708,-15.43706,-113.2864,-6.764615,9.596045,-4.447497,-5.306376,-9.521683,3.120143,19.13302,19.33328,-11.44369
1820,1820.png,-18.74644,4.29258,-174.5204,-25.32502,-82.9552,-6.559373,-8.732441,-7.373457,-17.88628,19.8666,23.97277,-19.59771,29.19359,19.29028
1821,1821.png,-5.153416,4.392639,-76.55081,5.320503,-114.554,12.40528,-8.478683,-0.491925,-6.845921,5.616813,11.44014,-19.57405,2.632045,3.122421
1822,1822.png,-5.763634,-33.46434,-44.86422,9.51905,-73.99944,20.2635,-0.179033,2.633874,16.20585,-2.087009,-4.564673,-5.823902,16.5248,33.6789
1823,1823.png,-2.874119,6.335388,-173.5582,-18.2878,-80.99738,26.91838,-0.416838,-4.332348,10.59719,-1.403124,24.7201,25.38142,14.09536,30.13638
1824,1824.png,-6.946852,-10.83584,-161.7304,1.629869,-89.60682,12.68007,9.904999,1.197452,-6.06035,-6.364611,16.73978,12.7892,2.970293,-15.59935
1825,1825.png,8.462591,-23.54446,-71.20216,-12.38375,-87.33739,3.038448,-3.430466,3.793118,-5.661213,-18.86512,-25.50127,19.46704,19.41356,25.58274
1826,1826.png,3.478224,24.67497,-42.95784,-13.84873,-138.3762,-9.304919,-4.196081,4.177911,-13.49802,-6.077539,-18.98658,29.26942,10.19944,19.14696
1827,1827.png,15.08211,38.91409,-124.9388,7.471157,-46.55931,24.14729,-3.039295,7.912188,-13.65309,-11.90144,-8.004073,-8.666313,11.33391,-39.16759
1828,1828.png,-16.60388,14.34065,-162.0322,-7.265541,-41.08439,18.57354,-4.488091,-0.021773,0.528181,-3.099339,20.84426,-1.213978,6.705623,-19.37725
1829,1829.png,-10.54258,-32.61884,-2.48278,-4.822327,-78.17578,2.036649,8.021467,0.20423,-7.708519,4.069798,-1.349928,-1.683958,27.5852,-37.424
1830,1830.png,0.309685,10.20465,-91.4156,10.66562,-114.4438,-10.62553,-3.484924,7.975943,-19.92266,18.40709,1.351686,-16.25632,8.003248,9.76749
1831,1831.png,6.657505,-3.620811,-63.74382,-5.829512,-2.085747,-9.973438,11.98548,-5.829506,-12.25872,8.677702,-10.2677,16.03312,19.3989,15.90846
1832,1832.png,-2.864706,-26.06076,-35.41682,-3.79311,-115.5751,27.12207,1.807928,0.019246,14.63682,-9.721891,-14.67886,24.29414,6.749775,8.555912
1833,1833.png,-5.734932,-6.975197,-112.8306,-15.48619,-149.3535,11.33453,-0.593487,0.290388,1.154325,1.349947,-15.92849,9.835817,19.16281,9.181236
1834,1834.png,12.6501,19.46898,-132.2095,-24.45597,-111.3618,5.019373,0.924542,3.96528,7.045902,-18.61694,-2.271435,17.92781,20.74144,26.06502
1835,1835.png,2.784336,21.36539,-141.561,-6.796014,-110.5094,11.78672,9.989944,-1.202813,-13.97255,1.2442,-7.628456,4.5899,12.60738,-23.97712
1836,1836.png,13.85795,8.209339,-7.179291,7.794358,-125.6174,28.41756,11.06335,4.984269,15.54631,6.046648,17.24025,-1.957022,12.50877,19.12122
1837,1837.png,16.7253,19.53533,-167.5569,-4.901742,-27.09518,-0.167779,7.241437,2.851228,-3.973701,5.78546,-21.42931,-21.16477,4.668942,-32.26829
1838,1838.png,-4.505226,16.90681,-126.7824,3.450021,-87.74638,20.61991,-8.832165,4.971299,-14.23713,-5.296143,-23.58352,-1.40016,0.096002,1.880211
1839,1839.png,-9.409115,25.34363,-160.675,-28.96253,-161.0111,0.298743,-0.724495,-7.526209,-13.53387,17.88881,11.63842,10.81236,10.88922,-10.07457
1840,1840.png,0.390194,6.587444,-98.99371,-13.33941,-104.2651,-12.26315,9.225502,-7.877488,15.72331,-0.458334,28.85415,24.86982,26.94064,-20.75679
1841,1841.png,11.77436,-31.07368,-158.5635,-6.118595,-8.458939,-2.702932,-2.358528,6.058304,-6.395691,1.733149,26.78212,2.595481,3.946878,37.51128
1842,1842.png,-2.810314,35.34553,-123.5269,1.316962,-116.7493,-10.16681,4.699982,3.971874,-15.12333,-10.10575,-0.922455,-0.716969,13.42253,39.08063
1843,1843.png,-17.7722,-25.0553,-3.270645,-15.0565,-18.1582,5.343066,-9.966362,-6.78404,19.36465,-3.877237,-14.73748,9.605655,19.07037,26.07541
1844,1844.png,-5.719069,-11.08239,-175.299,-29.26674,-94.92497,4.767486,1.698599,-1.865009,-15.06785,-15.83717,-26.21073,-13.90707,15.68481,-39.41797
1845,1845.png,16.2693,-29.1788,-92.41679,-24.06464,-177.5451,-8.986353,-7.674766,1.424099,4.442055,-3.974936,11.65124,-23.44382,7.70866,-39.30365
1846,1846.png,-17.13111,38.31863,-163.3904,-4.242787,-104.1209,8.54497,4.407949,5.343692,14.32079,13.5463,25.9143,24.9565,24.64212,-24.09132
1847,1847.png,-15.05313,-7.267555,-62.4832,-4.594254,-44.75584,-4.150191,10.68749,0.335232,16.20085,14.01975,-25.93681,-5.400842,19.31998,26.82125
1848,1848.png,-0.886105,14.63993,-115.9751,-26.21592,-97.52215,-13.49605,-4.91802,-9.069338,13.5988,6.9846,24.8274,29.20039,12.16029,-11.66092
1849,1849.png,-6.406948,-6.668888,-5.441841,-14.36075,-106.3014,4.225691,3.48611,-6.99263,-1.275928,-6.67548,-24.17561,-22.57322,12.93409,-23.52362
1850,1850.png,5.299419,11.73495,-72.64882,9.235385,-34.64764,26.07854,-10.78364,-1.760612,-8.219244,-3.946115,-27.30497,-15.21054,20.61147,-8.758911
1851,1851.png,19.3247,-6.000237,-4.584,-12.52221,-147.126,11.46531,-6.530205,5.491915,-10.34563,11.93867,23.24811,-7.749836,24.77773,-30.16361
1852,1852.png,8.872318,0.089439,-82.4771,-11.64457,-134.8284,-1.229048,-0.053583,4.013472,-15.4949,13.2187,3.591454,8.95063,4.29044,5.785233
1853,1853.png,-13.74887,-13.57071,-150.512,-21.12082,-59.32847,-6.064425,2.747221,-3.755573,-15.5085,12.26692,7.71369,-24.01258,6.684712,-34.57292
1854,1854.png,8.310299,13.89177,-61.72399,-9.449507,-174.04,1.347455,5.476333,4.073577,-5.871151,7.216763,-17.68535,7.202,7.999969,14.79399
1855,1855.png,-19.85623,-7.503189,-146.6812,-5.232227,-56.95356,20.24725,-3.821951,4.545271,0.29351,11.09344,-26.65273,13.85741,29.24797,-25.74561
1856,1856.png,-2.672756,-17.75831,-50.68552,-24.48877,-23.25909,16.79133,9.257967,-9.840086,-1.226452,-8.336571,-1.328806,21.53491,16.67663,-37.86963
1857,1857.png,-19.77955,-32.37915,-53.45868,-24.50614,-152.8002,8.929213,7.262463,6.365342,-5.886105,15.46373,-2.209779,15.76997,23.50241,-38.1925
1858,1858.png,4.701416,-1.742329,-10.73293,-24.20332,-8.482628,-7.94961,-1.70019,4.236376,-16.51172,10.0552,-9.754983,15.93491,22.68028,7.6096
1859,1859.png,-16.17622,-33.1855,-28.46968,-22.47301,-74.59907,17.18819,-5.722826,-0.234252,-16.29848,-17.44834,-3.719075,-1.205803,27.00679,-22.46711
1860,1860.png,18.70448,8.209988,-50.23898,-19.09868,-141.4942,-6.859174,3.365266,-5.453787,3.355883,15.81305,3.977978,-6.615417,27.79814,-21.06754
1861,1861.png,-14.01533,-10.52837,-130.8201,-21.29337,-7.104591,11.59317,-11.61732,-0.002452,10.00448,17.48433,28.64608,21.08146,2.083172,-17.67639
1862,1862.png,-10.05252,-37.99759,-40.30608,-21.01861,-86.63921,-0.17156,-8.14629,4.99193,13.72951,-15.32088,-2.231051,-5.607445,1.870891,-24.48086
1863,1863.png,0.97082,-12.54074,-85.19238,-9.2679,-105.4452,-3.829667,3.994957,-3.636192,9.444756,-8.992031,-25.25173,7.985793,0.388016,-18.28888
1864,1864.png,4.60973,25.16312,-152.1718,-26.88368,-157.8317,15.09998,3.480966,4.248211,-4.065744,-10.60126,-4.115335,-7.502457,15.41418,-7.202019
1865,1865.png,-7.653543,-33.38027,-89.01809,-17.61305,-68.67508,-5.951659,-10.9222,-7.560566,-12.99469,-2.073,1.39006,27.93795,5.725665,-31.11987
1866,1866.png,6.218309,20.96725,-98.6953,7.491408,-160.3194,28.70763,6.458622,5.571589,18.88037,-6.234739,-13.46109,17.6182,12.66005,12.50432
1867,1867.png,-14.96256,35.10075,-70.83694,-19.33175,-124.941,7.069267,-3.429928,4.153409,9.250816,-5.327627,-25.80244,17.72566,21.46439,29.64142
1868,1868.png,6.668424,-31.47769,-55.63604,11.25243,-36.45078,-13.99279,10.95056,4.401293,7.223129,10.22514,27.14505,-1.150213,12.72763,23.4718
1869,1869.png,-15.73103,13.08839,-60.15959,-24.07231,-169.7433,-0.354916,-9.21994,-3.092967,2.146885,16.14423,24.63801,12.89097,12.72261,10.29839
1870,1870.png,-2.885941,-38.11571,-164.3039,-26.04387,-83.15253,26.20298,3.535466,8.052821,5.142078,-3.886005,6.250617,1.063683,29.60312,21.17529
1871,1871.png,2.437399,-2.776455,-77.85244,-11.01306,-154.0599,27.42539,7.633484,-4.505929,1.699923,1.419594,-1.297327,-22.29026,20.98766,-18.9631
1872,1872.png,13.02468,39.95726,-14.52092,-16.41895,-151.6973,22.63382,1.4478,-1.143164,-9.215633,6.291232,28.60515,-26.605,13.01948,23.17829
1873,1873.png,-18.06245,39.00287,-148.4797,0.649923,-119.4041,18.9724,-3.20919,-2.259222,-18.13493,-9.644592,-26.03502,-29.13794,7.85671,-7.244591
1874,1874.png,6.826949,-18.65499,-115.0965,5.248426,-124.7128,13.84019,-4.857986,8.763802,-13.66752,9.031992,13.90717,-0.73583,2.603127,26.34452
1875,1875.png,-1.43833,12.65648,-141.3456,0.492547,-129.1012,-10.94661,-1.678942,-5.64432,18.73735,8.498062,-24.29461,27.79892,4.90663,-29.63182
1876,1876.png,1.238539,21.47095,-83.97807,-13.80981,-176.9154,21.96237,-1.954214,3.535976,-13.39376,-0.565661,-8.041553,-28.6379,0.215099,-22.37653
1877,1877.png,7.355985,-2.933163,-16.10662,-3.1156,-15.79918,-12.49723,5.03918,7.271482,11.53016,7.878489,-23.02857,-23.8126,12.67886,-35.87547
1878,1878.png,8.207827,20.03032,-8.467911,9.920485,-36.9301,-8.259882,-11.55305,4.52559,1.157162,15.09649,5.968856,-1.439548,22.96862,11.16867
1879,1879.png,-6.320993,-5.024696,-155.703,-19.74268,-178.6199,19.15898,6.787929,1.002587,4.197638,-2.626665,-2.314327,22.50597,9.92768,20.57343
1880,1880.png,11.52716,15.39764,-124.0249,-10.8688,-48.84335,29.295,10.37284,2.691741,-18.04076,16.84668,5.638522,-29.42889,13.01963,-1.959969
1881,1881.png,-3.585588,-15.65214,-135.5188,-24.82965,-132.9109,13.10682,1.818687,9.053154,-7.429636,11.92609,29.72478,14.03035,22.71292,-39.62749
1882,1882.png,11.94281,24.85329,-35.12046,-9.872841,-40.89099,-5.921946,-8.163975,8.579205,2.56768,-10.43984,18.70628,-25.28974,1.116182,-20.50415
1883,1883.png,14.47804,37.47926,-56.9468,-1.402433,-33.59563,-3.337586,-10.81743,4.599545,6.813087,-13.80904,-4.975773,-17.75615,23.05825,-17.95966
1884,1884.png,-8.318722,-2.983116,-39.26416,11.99898,-4.31617,24.47049,-4.961824,-0.78196,-6.324417,17.27192,19.48211,28.60596,8.426634,39.8771
1885,1885.png,-4.46788,-3.227783,-18.0519,-0.089186,-152.9888,20.28287,-10.33766,-5.737112,5.824466,13.30767,-15.54523,12.67194,0.643848,9.465767
1886,1886.png,-17.39062,-15.80946,-17.39465,6.490278,-131.0755,-9.964657,-0.834599,-1.398126,16.66358,-17.78698,17.27919,18.44481,8.675946,-16.42834
1887,1887.png,15.13513,26.7,-11.60998,-7.358479,-146.5358,12.68562,-8.065355,-3.490871,7.01218,-18.13505,-24.71311,22.3998,6.544236,10.50252
1888,1888.png,3.525293,-17.94529,-72.64556,7.512839,-111.0566,8.482813,5.438392,6.775608,-8.014557,10.15272,2.939675,29.5911,27.32841,-4.48526
1889,1889.png,2.750519,-5.239845,-64.71649,-16.10892,-77.70676,0.626455,-3.191635,-0.810675,-11.2347,-14.48446,0.70677,-14.56537,17.10793,-7.590736
1890,1890.png,-0.219423,26.85164,-66.50626,-9.816042,-93.26746,0.953948,-1.45928,-2.59879,-13.37452,-2.763693,1.436895,-11.42141,7.776144,26.01462
1891,1891.png,14.17241,3.63028,-62.043,6.82946,-57.19139,-3.910197,7.496292,-5.30308,-19.41965,-0.842093,17.73956,-9.111289,28.34751,27.80766
1892,1892.png,-8.115255,31.6859,-15.2595,-28.47699,-87.89362,-11.57707,1.944038,-7.155357,0.036375,-6.213778,10.87988,20.02818,5.786605,35.79324
1893,1893.png,13.7761,16.7213,-103.3083,-16.65056,-13.8549,3.351103,1.59473,8.271637,6.979469,16.71266,8.46081,15.43943,25.18013,-4.476551
1894,1894.png,-4.688694,32.22741,-2.491943,-12.04353,-147.0096,-8.327635,2.599655,-4.058863,-7.026369,-14.03946,0.085426,1.190275,27.08959,4.69936
1895,1895.png,9.469223,5.36528,-21.77064,4.255853,-156.7386,-7.054755,-10.08449,-6.216759,-6.199091,-2.982656,27.68995,-6.042892,28.27545,13.45359
1896,1896.png,8.884597,5.502296,-141.3741,-9.308252,-19.33485,-7.713436,0.765617,-1.51291,13.32632,10.76849,-22.98414,27.59244,11.25227,26.51137
1897,1897.png,2.259834,36.05805,-95.27697,-15.94568,-143.8364,19.58314,9.046114,8.147453,-10.45801,-1.146286,-24.6989,-22.5531,16.17342,12.94542
1898,1898.png,-8.35533,-35.72968,-153.7905,-14.27638,-175.1784,-5.335019,-3.939346,7.367296,4.739187,-18.46597,-9.076177,-21.65729,11.86381,0.639042
1899,1899.png,10.99778,14.23975,-153.8607,-5.210619,-90.59074,-1.951715,5.108568,-6.593611,5.725021,11.69115,-11.45494,-16.08825,26.48603,-27.31693
1900,1900.png,19.01066,33.0541,-41.14153,-24.09492,-116.4808,-13.84617,11.45273,7.304313,-0.770008,9.665771,29.44647,6.263405,19.67461,-38.50509
1901,1901.png,-0.042866,-26.30901,-151.0156,-12.15019,-36.06072,7.543068,-10.28702,6.365376,-11.67923,-19.47445,28.02504,2.017467,19.41587,-33.98564
1902,1902.png,-18.23324,-6.669823,-85.14047,-4.035533,-146.4234,-5.247477,4.114948,-9.24391,-6.871965,-11.08347,17.14913,-27.58138,5.685886,-11.88354
1903,1903.png,-9.993183,-14.56037,-67.10815,-3.432256,-156.9484,1.024887,0.819155,-1.037689,-19.8334,12.52243,-6.113517,21.17026,13.60807,16.52408
1904,1904.png,18.87638,-32.01498,-98.58048,-20.50525,-1.62291,-12.14021,6.4948,8.462005,15.38627,-8.701408,-23.55057,6.792995,4.297217,28.25133
1905,1905.png,-10.33581,1.865791,-49.78719,0.040874,-148.5875,4.262286,-7.541285,2.522111,-19.53252,18.52414,3.746312,9.508881,6.132936,10.96882
1906,1906.png,11.70508,-11.37592,-101.0748,-21.3309,-176.439,21.57734,6.557081,4.089599,-0.879824,-3.681213,5.003739,-15.07944,19.24628,-17.26723
1907,1907.png,-12.00592,-5.806698,-15.99691,-4.211406,-75.28432,0.702014,2.058979,-3.05668,14.26497,-4.327505,-4.537322,29.833,18.09271,3.310074
1908,1908.png,-14.83076,-11.7087,-1.646446,1.907713,-170.2262,19.8496,3.211029,-2.683111,-10.88286,2.385942,14.37119,-8.542081,27.76897,20.64976
1909,1909.png,-2.264025,2.450005,-35.28015,-22.19809,-72.75444,-5.477294,-7.979788,2.761531,10.1999,-8.875992,-22.02101,-6.197015,25.65939,-22.70737
1910,1910.png,-17.22609,-27.5912,-157.7424,-27.53042,-165.0017,-7.281418,1.303839,-5.89201,4.139975,-3.424189,-7.358425,24.37084,13.02707,-31.63879
1911,1911.png,-10.69073,-18.41006,-38.96757,9.485228,-24.40601,28.45737,5.324687,1.328145,16.28952,-3.970421,-24.9785,15.03691,10.07752,5.46431
1912,1912.png,11.52574,-5.327,-39.86748,-20.06856,-107.3123,23.32318,7.408996,2.795582,-19.74187,-13.11669,3.154976,1.13442,29.96537,18.69087
1913,1913.png,-12.87266,-3.942524,-20.47908,5.498601,-135.9508,4.789738,-11.11136,2.394504,-17.60561,-10.19597,-1.795839,-3.534648,25.95031,-14.47124
1914,1914.png,0.436552,19.8499,-49.85987,2.021246,-89.24105,-7.70703,0.155106,-8.308197,-3.040922,-2.977131,16.96251,-29.98841,3.474709,-26.81632
1915,1915.png,18.02338,33.49226,-46.45033,-0.307346,-139.5503,19.72692,-0.102034,-7.307274,13.98563,-15.06581,-17.06982,4.96347,5.982964,-27.02603
1916,1916.png,11.47941,13.76984,-110.4598,-6.596194,-30.24845,-12.38246,3.942432,-1.029104,9.795914,-15.93293,-14.92781,10.26245,8.864287,-2.178596
1917,1917.png,3.478786,-3.741325,-132.7767,0.032055,-125.1634,21.71964,11.20568,-1.619292,-6.199781,-8.52894,11.02132,4.252964,7.8723,5.660263
1918,1918.png,9.494419,20.84871,-12.07118,-6.334187,-48.83934,13.3011,-1.694571,-3.617839,11.96628,16.61268,14.85641,-7.210847,11.47587,26.36348
1919,1919.png,12.40042,-17.54189,-104.1965,7.626843,-55.35537,-14.16869,-3.566444,-4.989806,-19.43126,-10.68023,12.37518,24.55193,10.10417,20.12321
1920,1920.png,-19.03311,-31.97605,-105.5872,-10.85262,-91.91006,25.50245,-8.54698,-9.964409,4.135311,-0.251253,12.49685,-25.63896,14.0032,-0.829159
1921,1921.png,-15.24191,-36.05224,-48.54623,-11.90191,-14.01109,-5.960403,-9.253513,-3.453055,18.7121,10.11787,0.848211,21.85871,9.51958,19.73835
1922,1922.png,19.14719,2.478527,-161.4951,-22.39613,-152.1907,14.15913,5.976737,-9.438087,-16.9126,15.68218,22.43443,-22.04069,27.00029,-29.92062
1923,1923.png,12.49688,-36.29916,-68.21434,-26.20118,-154.3598,26.5436,11.30288,-8.965471,-2.825754,0.266535,-21.16617,18.06157,15.47038,20.98005
1924,1924.png,-10.4929,-17.14119,-126.8782,-0.811279,-87.37035,4.378641,4.144655,-3.6862,-10.71148,19.10299,-11.63934,-11.51458,25.15396,7.09063
1925,1925.png,-6.385195,17.84466,-177.3554,11.29752,-37.30713,20.38266,-2.867491,9.290485,-2.288382,-17.58667,4.820648,-18.57667,17.5234,-35.52188
1926,1926.png,4.514425,15.89415,-111.1476,-16.71431,-49.75751,10.58771,3.006732,-1.242505,-10.76784,-9.147045,21.18126,26.36906,6.486851,36.72036
1927,1927.png,19.652,-1.946243,-83.79851,-6.795639,-138.223,-14.43446,0.751038,4.864254,18.63202,11.31378,-3.345412,26.46822,18.5338,-0.847973
1928,1928.png,-3.111374,25.29448,-101.4175,-23.95459,-34.93741,-8.078994,-10.5331,7.463879,-6.457651,-18.54551,28.6155,8.24491,11.29816,31.00633
1929,1929.png,16.27338,33.62364,-20.98329,8.287256,-128.1405,22.6382,9.459589,-7.305925,8.075581,-4.733847,21.33735,3.203856,29.42137,35.37868
1930,1930.png,4.777477,-38.80576,-4.294388,-10.22316,-46.68975,21.57163,7.83153,-3.025416,-14.66835,18.8072,7.235458,-3.659667,15.96138,-7.727428
1931,1931.png,4.678862,17.51545,-130.5251,-13.826,-154.3624,25.68861,-7.943576,3.179698,7.236705,7.755413,-27.84303,5.998681,3.88984,-20.92213
1932,1932.png,0.10331,35.54637,-68.65321,7.439861,-30.76694,-3.265054,1.889658,-7.122738,-15.04211,-19.26251,-0.090448,-26.4603,13.11584,36.37818
1933,1933.png,-7.880909,0.314888,-120.4405,-9.856044,-16.16666,0.007172,-3.58832,9.857014,-9.651453,9.659657,10.08737,-7.713229,29.66178,-28.2852
1934,1934.png,5.303649,-15.32267,-145.6611,8.158028,-5.933601,-9.073665,3.17839,9.713295,-9.623974,-16.22046,-8.530801,17.06722,20.80059,-29.50569
1935,1935.png,-12.02146,6.686054,-0.241074,-24.70934,-110.0252,-14.43801,5.517225,8.593758,1.750153,19.94361,-24.77951,8.407573,16.28484,4.915089
1936,1936.png,16.48018,-1.787354,-82.41108,13.88091,-164.2156,1.085114,-2.629484,-2.142843,5.479511,17.58051,-14.2723,-10.78358,25.79066,-23.71421
1937,1937.png,-18.60419,-33.99625,-8.624481,1.220982,-1.304688,-13.4694,-8.68479,-6.473308,-18.10815,4.810226,21.94892,-14.18765,23.30855,-33.58919
1938,1938.png,2.792131,-27.46741,-77.14845,-22.60326,-69.6225,-5.13387,-8.459728,-8.105614,-2.679131,-10.88929,25.0939,-1.699831,17.16895,22.23577
1939,1939.png,6.325211,-3.638748,-40.39307,-26.87165,-111.4522,9.764877,10.48706,-0.252524,-5.000469,-10.83294,28.05411,6.199318,20.73263,26.74035
1940,1940.png,1.365669,25.87025,-104.7675,-19.07677,-73.4958,-9.957962,-9.535194,-0.52163,3.152035,-4.576252,-2.926651,-25.17486,4.846272,-39.14399
1941,1941.png,7.828784,-12.13028,-132.309,-27.16243,-30.33218,3.412359,8.272505,-6.471359,6.639127,-5.602043,4.022022,-4.38523,29.86592,10.51133
1942,1942.png,5.253448,32.06718,-163.125,10.23374,-75.56745,-13.41243,-8.853687,-5.064394,-9.600523,-11.04753,-0.724079,11.15824,2.460719,-35.40196
1943,1943.png,2.832853,1.416534,-3.316521,-4.312176,-143.7945,1.76508,-9.805544,-3.057357,19.47556,14.64192,-17.36947,20.19885,24.88115,9.846531
1944,1944.png,19.95566,-4.809727,-91.1689,9.737414,-171.2268,5.874128,6.937969,-5.703506,12.10333,-18.39713,12.96438,18.21678,11.08133,0.882172
1945,1945.png,-6.329859,19.87019,-69.77324,4.188825,-98.157,10.49028,9.17168,-6.382048,0.253346,-3.518879,24.00811,-27.17998,17.27914,33.89214
1946,1946.png,-17.30943,35.67875,-66.44216,9.081427,-43.11347,11.06101,-2.518057,-4.751831,-4.073669,-3.674242,-2.303055,17.8898,27.7997,23.01081
1947,1947.png,3.844006,30.57268,-121.9894,-17.91681,-38.47827,5.282884,0.082565,-0.656652,-4.284384,10.95459,29.2102,20.49387,18.2387,18.32462
1948,1948.png,-14.92495,6.053509,-105.2795,5.338666,-68.91697,-7.395063,3.586226,9.41065,2.708118,16.53677,-28.52715,0.102007,17.52903,-33.67641
1949,1949.png,-9.111816,15.27483,-67.50574,-5.441681,-55.89821,-9.334837,-0.30658,-1.320377,-17.20097,-10.86035,19.27026,28.75616,7.389543,16.52889
1950,1950.png,-4.772785,28.18623,-73.65532,-22.29525,-164.7617,-4.594402,-6.640148,-7.766516,-1.302498,-5.798223,-0.096685,19.44352,22.13851,-24.28872
1951,1951.png,11.58747,28.06999,-21.07822,-11.08361,-43.18728,27.93738,10.74458,5.919263,5.340247,-17.52661,2.746021,-4.823166,22.89657,7.137676
1952,1952.png,-1.150072,-0.831398,-29.54054,4.161568,-3.175995,2.233115,5.344474,-6.224138,4.949076,1.959312,-26.93467,14.86821,4.317126,22.44064
1953,1953.png,-0.847942,8.43964,-109.3921,-6.733738,-118.2708,-12.9548,-2.009512,-1.65722,4.90382,15.23118,22.93422,-10.98693,16.42013,-0.698048
1954,1954.png,8.37266,38.98892,-97.61128,-14.47314,-26.43017,4.335989,10.31297,-7.883284,-2.911556,4.176767,13.13029,-14.37177,29.00541,18.46069
1955,1955.png,17.69501,26.71545,-24.98232,-24.45966,-41.14458,11.21883,-0.042425,0.337893,-15.24436,-1.866444,15.72421,-20.63279,11.68061,-33.86075
1956,1956.png,-18.4424,33.95681,-116.1255,-12.75965,-24.46698,11.22578,0.794596,-8.872734,-8.979004,0.619261,27.29273,-20.10365,21.96189,-18.90239
1957,1957.png,8.114452,-25.7085,-77.24229,7.955285,-46.50687,25.77594,-9.584141,6.924162,-10.16409,6.281322,18.03366,8.263857,26.18377,26.57025
1958,1958.png,-10.6203,-26.7812,-177.3025,-8.527208,-51.59281,-1.024975,-2.866108,-8.640511,-4.47068,-16.87888,-28.7691,26.18632,20.96051,-31.79618
1959,1959.png,-5.024508,37.36516,-127.7958,-0.526135,-68.68668,-10.20316,-0.754173,-2.251516,16.9623,-1.470316,-1.33882,10.49866,13.17442,3.060745
1960,1960.png,-10.05508,-20.58629,-170.6998,-26.60892,-22.29667,-4.966575,5.861752,3.125968,17.92403,2.313473,9.343214,18.94462,9.896867,-16.92083
1961,1961.png,6.389112,-1.143585,-36.68664,0.398397,-153.591,5.256291,-5.513262,-5.642509,14.39679,1.577785,17.11519,-10.36995,14.02934,-2.708763
1962,1962.png,-1.742332,-6.613213,-27.33472,-18.63258,-5.038216,27.41761,-1.571075,5.302465,16.57626,15.60108,-2.153038,-14.6153,6.382409,-15.6413
1963,1963.png,-14.74437,22.19635,-69.40887,-4.830003,-97.71411,29.4523,0.280777,6.562693,-14.42547,2.557905,18.97395,2.485489,23.64334,-3.705746
1964,1964.png,14.73331,-3.77747,-118.4959,-0.681423,-164.0771,29.33134,10.42477,8.437082,-13.18954,-5.552437,-8.562896,-25.0976,7.34494,-2.996174
1965,1965.png,1.75782,-5.616039,-132.6786,-14.33615,-45.28945,22.07826,-2.84972,-9.783684,5.067472,8.407135,-17.49001,-10.79181,8.813408,30.62877
1966,1966.png,1.97448,-4.757133,-133.3503,-13.23775,-17.59943,3.812555,-3.206055,7.136654,-12.13169,-13.95584,-9.278895,-22.81453,7.457335,8.338943
1967,1967.png,18.95428,-38.43663,-136.8757,-1.135451,-163.0962,28.87656,-5.483852,1.514033,-16.31791,6.818981,-5.80685,-6.280028,26.62558,-31.7153
1968,1968.png,12.65818,39.78971,-21.19484,-11.46013,-9.465302,28.22059,4.820225,-0.716561,-3.045624,-7.939184,-5.812843,15.00664,8.715804,-11.99406
1969,1969.png,-8.373358,-28.48641,-158.3198,-14.83061,-3.547127,12.38017,-1.834841,3.395452,-0.501368,16.63397,17.56162,22.67649,19.14072,19.00849
1970,1970.png,-0.763742,24.06889,-65.36211,-15.87913,-32.89515,-3.076935,-0.116457,-7.311508,-8.418434,7.793097,18.59443,26.63648,7.103559,-27.03597
1971,1971.png,-13.34697,-26.819,-73.09547,-23.65182,-167.7717,24.94932,2.313021,4.098382,-0.432594,-19.26799,-15.37659,-4.528194,16.42415,31.61048
1972,1972.png,-16.59209,-2.673145,-22.16679,-0.135894,-20.91355,11.82767,5.463264,9.183054,-8.706501,-13.74776,15.5468,26.99049,1.171095,39.63306
1973,1973.png,-2.030943,-1.639179,-127.344,9.117529,-84.82895,19.95491,-5.128283,-2.293691,-2.341822,-2.758963,10.29782,26.49068,3.90564,-15.81301
1974,1974.png,-9.275635,-28.34896,-30.49981,9.605386,-6.338509,16.21823,4.32352,5.949676,5.280231,11.73769,19.19326,4.734918,4.270914,-3.13599
1975,1975.png,16.17918,-33.6889,-67.21281,9.156475,-125.6785,3.087329,-2.053352,-0.161854,-8.658745,6.399555,19.93991,4.088284,5.798074,-4.377808
1976,1976.png,16.31158,-23.97468,-99.63157,0.868035,-148.2864,12.25744,-1.949545,-2.845593,-15.52827,0.039471,-6.73875,24.11493,6.338901,-10.01341
1977,1977.png,4.40181,11.61032,-120.0442,-9.097675,-54.64798,-1.241703,-3.588709,-1.957255,-10.06811,4.913042,-8.863696,15.2526,2.933046,-35.7462
1978,1978.png,18.10921,-4.20549,-152.3764,7.319033,-90.21925,-0.048886,7.519432,2.754755,-5.781729,7.888359,19.8977,22.41982,27.66422,-37.04486
1979,1979.png,13.27375,34.86629,-123.102,-17.955,-172.8508,18.46824,10.84463,-6.422903,-6.925114,1.337469,-26.45343,-25.63249,0.756176,-8.250366
1980,1980.png,-13.09378,-29.81035,-118.4442,-25.46776,-165.5433,25.24547,-4.173515,-0.415827,-8.801376,-2.856329,26.03504,-26.74009,10.98542,-5.059906
1981,1981.png,1.185978,-0.141853,-119.3445,-28.06512,-15.52437,25.10699,8.528575,-8.099907,-6.896393,-1.163122,-25.19983,28.7052,22.38291,36.69705
1982,1982.png,13.17731,7.688126,-52.43929,-23.00585,-82.12521,22.98965,6.981174,5.047733,4.85853,-2.115915,2.913254,22.06179,0.213851,-14.18386
1983,1983.png,-4.205053,2.354702,-6.948593,-26.32711,-142.6144,19.11274,-7.37156,6.299176,6.286731,-7.387955,-25.79759,13.56347,25.10011,-7.929176
1984,1984.png,-4.483393,11.36969,-80.82716,-15.51661,-143.5478,0.391044,7.68536,3.014881,17.04003,2.968948,25.17466,26.66832,21.69833,27.01374
1985,1985.png,-4.03816,28.72029,-140.1,-25.33353,-178.6978,7.613477,2.448608,2.070085,19.83622,-13.93576,-28.36848,8.065787,7.588604,-35.7248
1986,1986.png,17.38655,-25.85199,-52.66451,-23.27862,-108.0899,29.63445,5.112974,-3.182379,-1.416819,-0.119946,26.44468,5.396888,21.10115,-0.93325
1987,1987.png,4.153946,24.32246,-14.97919,9.190742,-40.16014,-9.901411,-2.318764,-4.384808,14.00208,12.75826,15.87504,-23.56603,22.77286,-19.17612
1988,1988.png,-19.28965,34.8294,-83.98169,0.677073,-70.6604,29.75614,1.582565,6.034935,18.01848,16.11838,26.12161,-7.753469,22.60999,-32.24239
1989,1989.png,9.387274,-36.27168,-5.856102,0.040934,-150.4174,10.5303,5.097324,2.336644,-4.696062,-18.46177,-13.26709,24.4557,20.80218,18.2928
1990,1990.png,-12.27787,-36.56558,-118.241,-21.63328,-138.4661,12.9031,2.445158,-5.295296,-16.56935,-0.103294,18.88175,9.584003,10.31548,33.41782
1991,1991.png,-16.09832,-27.70409,-37.00241,-29.16958,-56.79722,3.595575,-8.48103,1.51126,18.32537,10.90781,-20.54172,5.713145,7.888057,-7.883392
1992,1992.png,3.888157,15.92243,-137.8088,-23.16045,-45.53173,-0.122246,-9.419018,-3.79918,-10.53915,-2.037523,1.779287,1.096312,13.53669,15.99349
1993,1993.png,-11.84883,-30.55502,-127.1713,3.976737,-148.1481,4.479707,4.764781,2.776065,-9.058607,-4.454906,-7.47567,14.88618,8.151199,8.77874
1994,1994.png,6.088533,-32.32205,-100.6748,10.65339,-103.0678,-6.041583,10.85568,-3.795901,6.827312,16.20729,23.2702,-6.831596,5.810133,-26.15428
1995,1995.png,-9.428738,-17.22858,-157.837,-21.04836,-9.493111,16.17633,7.00373,6.097397,-10.83893,9.860844,3.955791,-1.095469,9.967902,-32.8903
1996,1996.png,-14.01726,-13.23847,-106.0595,-15.49296,-63.79371,18.15031,9.700619,1.047544,-7.717007,19.14361,-10.28545,6.444271,14.29933,14.49263
1997,1997.png,-9.089973,4.814438,-33.08486,2.472146,-21.29696,-6.770693,-7.517155,-0.535909,-18.37733,-7.28327,8.607244,-14.09704,28.19071,14.44211
1998,1998.png,1.795122,-3.601643,-101.0598,-26.32682,-133.5863,21.90099,-10.40209,-7.698074,-4.710005,18.35094,-19.67947,2.597312,11.33802,15.21283
1999,1999.png,11.77735,25.24747,-152.6283,-11.48154,-155.1924,-14.67928,10.02133,-9.886591,-0.636757,4.612453,2.037595,15.10561,2.003338,13.99575
