# Created by Metasequoia

mtllib CommU_24_Unity.mtl

v -0.008354 1.572520 -2.738545
v 0.911256 1.743850 -2.442955
v -0.008303 1.743850 -2.604815
v -0.914483 1.743850 -2.444415
v 1.534007 1.743850 -2.113625
v -1.523434 1.740030 -2.125794
v -1.280774 1.743820 -1.936895
v -1.127004 1.743850 -1.839675
v -0.906053 1.743850 -1.731675
v -0.662353 1.743850 -1.642985
v -0.331893 1.743850 -1.568565
v -0.003533 1.743850 -1.543905
v 0.315497 1.743850 -1.572165
v 0.628427 1.743850 -1.628435
v 2.625378 1.745310 -0.398766
v 2.758918 1.571960 -0.422286
v 2.758908 1.571960 0.518994
v 2.425958 1.571930 1.433674
v 1.800239 1.571870 2.179306
v 0.957267 1.572930 -2.569275
v 1.800267 1.571910 -2.082624
v 2.425978 1.571950 -1.336986
v -1.305634 1.863850 -1.918685
v -0.663623 2.092830 -1.628365
v -0.926673 2.028670 -1.720015
v -0.328183 2.150490 -1.544495
v 0.314617 2.161150 -1.543665
v 0.621807 2.112940 -1.607154
v 1.284807 1.899130 -1.899105
v 1.127646 1.963480 -1.806665
v -0.002583 2.178300 -1.512015
v 1.117756 1.743850 -1.823465
v 0.851277 1.743850 -1.709175
v 1.270567 1.743850 -1.908054
v 1.041613 0.101760 -2.634176
v 1.872077 0.101760 -2.159685
v 2.522238 0.101760 -1.384846
v 2.868188 0.101760 -0.434366
v -0.014681 0.112740 -2.852607
v 0.276627 2.213660 -1.355555
v -0.002133 2.217380 -1.370045
v -0.305893 2.207870 -1.370245
v -0.561613 2.175710 -1.381465
v -2.632652 1.743250 -0.399453
v -2.632202 1.735040 0.496287
v -2.314912 1.740360 -1.271253
v -2.314772 1.736460 1.368047
v -1.718021 1.741540 2.078255
v -0.914431 1.737460 2.541056
v -0.008311 1.740270 2.701226
v 0.911189 1.741900 2.539546
v 1.713359 1.743340 2.075836
v 2.308628 1.744440 1.365984
v 2.625348 1.745120 0.495454
v -0.001132 2.239060 1.404645
v 0.428528 2.235830 1.345726
v 0.847908 2.238260 1.106836
v -0.440782 2.234290 1.334985
v -0.860572 2.229950 1.107026
v -1.171152 2.237890 0.736866
v -1.336572 2.237730 0.282366
v -1.336612 2.237700 -0.172934
v -1.171172 2.237820 -0.627594
v -0.859833 2.236500 -0.998154
v -0.875693 2.127450 -1.403165
v -0.505023 2.236500 -1.207144
v -0.290773 2.239280 -1.262505
v -0.001053 2.235730 -1.306485
v 0.255717 2.236390 -1.279595
v 0.428977 2.234500 -1.240735
v 0.482257 2.196200 -1.356885
v 0.789997 2.166120 -1.319445
v 0.847567 2.238130 -0.998015
v 1.027086 2.085330 -1.459745
v 0.880237 2.042370 -1.702785
v 1.273386 1.986680 -1.606755
v 1.476507 1.881440 -1.767946
v 1.713446 1.745620 -1.979226
v 1.158728 2.240020 -0.627515
v 2.308698 1.745000 -1.269316
v 1.324148 2.239620 -0.172915
v 1.324108 2.239560 0.282365
v 1.158718 2.240080 0.736845
v -1.717204 1.757760 -1.989733
v -1.084774 2.060770 -1.501695
v -1.319064 1.965960 -1.665915
v -1.575044 1.838330 -1.871363
v -1.010424 1.572170 -2.583566
v -1.802693 1.570650 -2.082395
v -2.428232 1.570220 -1.336773
v -2.761052 1.569920 -0.422213
v -2.761032 1.569820 0.518887
v -1.872074 0.101750 -2.159685
v -2.522232 0.101750 -1.384853
v -2.868182 0.101750 0.543717
v -2.868182 0.101750 -0.434373
v 0.996109 0.101760 2.774765
v 0.957239 1.572800 2.665916
v -0.008361 1.572510 2.835186
v -0.007321 0.057450 2.938586
v -0.959821 1.571810 2.665725
v -0.992071 0.057440 2.763656
v -1.802651 1.570290 2.179016
v -1.864481 0.057440 2.259976
v -2.428192 1.569950 1.433427
v -2.512002 0.057440 1.488277
v 2.522238 0.101760 1.494194
v 2.868178 0.101760 0.543714
v 1.872069 0.101760 2.269025
v -1.049765 0.101750 -2.672714
v -0.022092 0.048870 0.092065
v -0.497132 1.879600 0.628155
v -0.657982 1.880520 0.438486
v -0.750002 1.880280 0.184056
v -0.748982 1.879680 -0.074484
v -0.240942 1.878870 0.771916
v -0.655142 1.878800 -0.327934
v -0.005632 1.880280 0.813696
v -0.482683 1.881710 -0.536305
v 0.239568 1.886040 0.783065
v -0.281183 1.880520 -0.651554
v 0.476068 1.883970 0.651525
v 0.655308 1.883350 0.443575
v -0.003803 1.881340 -0.707985
v 0.750828 1.884190 0.185445
v 0.750028 1.883770 -0.076185
v 0.235697 1.885540 -0.674105
v 0.654798 1.883280 -0.334535
v 0.475348 1.884530 -0.544225
v -1.151824 1.938550 -1.830685
v 1.286865 0.100000 -1.546088
v 1.355950 0.100000 -1.379303
v 1.522736 0.100000 -1.310219
v 1.689520 0.100000 -1.379304
v 1.758605 0.100000 -1.546089
v 1.689520 0.100000 -1.712874
v 1.522735 0.100000 -1.781959
v 1.355950 0.100000 -1.712873
v 1.286865 -0.080000 -1.546088
v 1.355950 -0.080000 -1.379303
v 1.522736 -0.080000 -1.310219
v 1.689520 -0.080000 -1.379304
v 1.758605 -0.080000 -1.546089
v 1.689520 -0.080000 -1.712874
v 1.522735 -0.080000 -1.781959
v 1.355950 -0.080000 -1.712873
v 1.286867 0.100000 1.729680
v 1.355952 0.100000 1.896466
v 1.522737 0.100000 1.965549
v 1.689523 0.100000 1.896464
v 1.758607 0.100000 1.729679
v 1.689523 0.100000 1.562894
v 1.522737 0.100000 1.493809
v 1.355952 0.100000 1.562895
v 1.286867 -0.080000 1.729680
v 1.355952 -0.080000 1.896466
v 1.522737 -0.080000 1.965549
v 1.689523 -0.080000 1.896464
v 1.758607 -0.080000 1.729679
v 1.689523 -0.080000 1.562894
v 1.522737 -0.080000 1.493809
v 1.355952 -0.080000 1.562895
v -1.771662 0.100000 -1.546086
v -1.702577 0.100000 -1.379301
v -1.535790 0.100000 -1.310216
v -1.369007 0.100000 -1.379301
v -1.299922 0.100000 -1.546088
v -1.369007 0.100000 -1.712871
v -1.535792 0.100000 -1.781956
v -1.702577 0.100000 -1.712871
v -1.771662 -0.080000 -1.546086
v -1.702577 -0.080000 -1.379301
v -1.535790 -0.080000 -1.310216
v -1.369007 -0.080000 -1.379301
v -1.299922 -0.080000 -1.546088
v -1.369007 -0.080000 -1.712871
v -1.535792 -0.080000 -1.781956
v -1.702577 -0.080000 -1.712871
v -1.771659 0.100000 1.736381
v -1.702574 0.100000 1.903166
v -1.535789 0.100000 1.972251
v -1.369004 0.100000 1.903166
v -1.299920 0.100000 1.736380
v -1.369004 0.100000 1.569596
v -1.535789 0.100000 1.500511
v -1.702574 0.100000 1.569596
v -1.771659 -0.080000 1.736381
v -1.702574 -0.080000 1.903166
v -1.535789 -0.080000 1.972251
v -1.369004 -0.080000 1.903166
v -1.299920 -0.080000 1.736380
v -1.369004 -0.080000 1.569596
v -1.535789 -0.080000 1.500511
v -1.702574 -0.080000 1.569596
v -0.571944 1.802620 -2.234274
v -0.571944 1.698160 -2.234274
v -0.794843 1.802620 -1.894925
v -1.017733 1.802620 -2.234274
v -1.017733 1.698160 -2.234274
v -0.794843 1.698160 -1.894925
v 0.568167 1.802630 -2.017594
v 0.568177 1.698160 -2.017594
v 0.791066 1.802630 -2.356945
v 1.013967 1.802630 -2.017594
v 1.013967 1.698160 -2.017594
v 0.791066 1.698160 -2.356945
v -0.011233 1.835950 -2.160874
v 0.043547 1.782930 -1.923055
v -0.063853 1.782930 -1.924704
v 0.139417 1.782930 -1.971505
v 0.201787 1.782930 -2.058955
v 0.216377 1.782930 -2.165365
v -0.158183 1.782930 -1.976085
v -0.217833 1.782930 -2.065414
v 0.179837 1.782930 -2.266375
v 0.100547 1.782930 -2.338835
v -0.003343 1.782930 -2.366145
v -0.108013 1.782930 -2.342044
v -0.189503 1.782930 -2.272065
v -0.229133 1.782930 -2.172225
v -0.111753 1.484050 -2.349434
v -0.003213 1.484050 -2.374424
v 0.104507 1.484050 -2.346105
v -0.196243 1.484050 -2.276875
v -0.237333 1.484050 -2.173355
v -0.225613 1.484050 -2.062594
v -0.163763 1.484050 -1.969975
v -0.065953 1.484050 -1.916695
v 0.045407 1.484050 -1.914985
v 0.144817 1.484050 -1.965215
v 0.209487 1.484050 -2.055894
v 0.224607 1.484050 -2.166245
v 0.186727 1.484050 -2.270975
v 0.524750 0.080507 2.905965
v -0.510978 0.056999 2.915007
v 1.473957 0.102205 2.561414
v -1.447510 0.056995 2.591823
v 2.256499 0.102205 1.896540
v 2.747377 0.102205 1.040148
v 2.925833 0.102205 0.040740
v -2.206755 0.056995 1.914675
v -2.724650 0.081873 1.049367
v -2.925833 0.102195 0.024779
v -2.746263 0.102195 -0.941259
v -2.241166 0.102195 -1.812864
v 2.237754 0.102205 -1.816935
v 1.468816 0.102205 -2.437829
v 2.749160 0.102205 -0.933307
v -0.532383 1.572340 -2.683327
v -0.542115 0.107533 -2.811778
v 0.509474 0.107437 -2.806566
v -1.478054 0.101750 -2.446104
v 1.372919 1.572427 -2.329325
v 0.493922 1.572712 -2.706331
v -1.437954 1.571340 -2.361259
v -0.008691 0.926671 -2.850919
v -0.010805 0.084371 -2.938586
v -1.059098 0.926306 -2.693605
v -1.079561 0.072937 -2.758431
v -0.554318 0.926483 -2.815201
v -0.569537 0.078952 -2.893633
v 0.521220 0.078853 -2.885518
v -1.515895 0.072936 -2.517133
v 0.511214 0.926870 -2.817404
v -1.496047 0.925443 -2.470169
v -0.008354 1.017903 -2.773165
v -0.014681 0.112740 -2.852607
v -1.029066 1.017553 -2.612861
v -1.049765 0.101750 -2.672714
v -0.537709 1.017723 -2.725937
v -0.542115 0.107533 -2.811778
v 0.509474 0.107437 -2.806566
v -1.478054 0.101750 -2.446104
v 0.500358 1.018095 -2.742802
v -1.451269 1.016723 -2.387890
v 0.779612 0.926996 -2.738800
v 0.801721 0.075934 -2.805657
v 0.754344 1.018213 -2.664017
v 0.773944 0.104615 -2.720889
v -1.687963 0.925080 -2.317481
v -1.718419 0.072936 -2.368710
v -1.642717 1.016386 -2.251698
v -1.676057 0.101750 -2.302173
v 0.415100 4.123916 -1.105650
v 1.068450 4.090716 -1.066120
v 0.908980 4.279186 -0.922371
v 1.562119 1.900115 -1.450711
v 1.276459 1.319366 -1.741040
v 1.597719 1.179785 -1.653771
v 1.192850 4.303545 -0.775681
v 1.829880 3.302726 -1.137431
v 1.914780 3.511086 -0.968031
v 1.878430 3.778955 -1.036441
v 1.866010 2.731985 1.049099
v 1.894961 2.330115 0.812369
v 1.885280 2.188955 1.202459
v 1.853860 2.976115 1.211259
v 0.497901 3.841795 1.341200
v -0.047349 3.323815 1.643530
v -0.047349 3.779285 1.402330
v 1.050782 3.470246 1.506570
v 1.101490 3.987816 1.165100
v 1.891660 3.292346 0.998869
v 1.877090 3.013846 0.959719
v 1.889360 3.574695 1.111439
v 1.917870 3.532565 0.973549
v 1.879810 3.102435 -0.967941
v 2.037770 4.098625 0.600169
v 1.996940 3.930495 0.772369
v 1.979510 3.988436 0.835869
v 2.046170 4.258936 0.498219
v 2.074060 4.192145 0.447089
v 2.098371 4.258945 0.230889
v 2.093620 4.367116 -0.000001
v 2.123100 4.270185 -0.000001
v 2.098240 4.262956 -0.223581
v 2.044160 4.285115 -0.482251
v 2.072810 4.179756 -0.463381
v 1.998400 4.151635 -0.724231
v 2.030720 4.074235 -0.631511
v 1.950790 1.511026 1.081709
v 2.058180 -0.231995 -0.482611
v 2.062730 0.337366 -0.877791
v 2.032420 -0.005205 -1.113141
v 1.485552 1.732936 1.907089
v 1.641282 2.879066 1.535709
v 1.857832 2.101965 1.383359
v 1.825122 1.572476 1.561839
v 1.921110 1.531086 1.311359
v -1.003680 4.279186 -0.922370
v -1.163160 4.090716 -1.066120
v -0.509810 4.123916 -1.105650
v -1.692421 1.179785 -1.653769
v -1.371171 1.319366 -1.741039
v -1.656821 1.900115 -1.450709
v -1.287550 4.303545 -0.775680
v -1.973130 3.778955 -1.036439
v -2.009490 3.511086 -0.968029
v -1.924590 3.302726 -1.137429
v -1.979980 2.188955 1.202461
v -1.989660 2.330115 0.812371
v -1.960710 2.731985 1.049101
v -1.948560 2.976115 1.211261
v -0.592599 3.841795 1.341200
v -1.145478 3.470246 1.506570
v -1.196190 3.987816 1.165100
v -1.971800 3.013846 0.959721
v -1.986370 3.292346 0.998871
v -1.984070 3.574695 1.111441
v -2.012569 3.532565 0.973551
v -1.974520 3.102435 -0.967939
v -2.074220 3.988436 0.835861
v -2.091650 3.930495 0.772371
v -2.132470 4.098625 0.600171
v -2.140870 4.258936 0.498221
v -2.168760 4.192145 0.447091
v -2.193069 4.258945 0.230891
v -2.188320 4.367116 0.026331
v -2.217800 4.270185 0.010921
v -2.192940 4.262956 -0.223579
v -2.138870 4.285115 -0.482249
v -2.167520 4.179756 -0.463379
v -2.093100 4.151635 -0.724229
v -2.125420 4.074235 -0.631509
v -2.045490 1.511026 1.081711
v -2.127120 -0.005205 -1.113139
v -2.157430 0.337366 -0.877789
v -2.152880 -0.231995 -0.482609
v -1.952538 2.101965 1.383361
v -1.735978 2.879066 1.535711
v -1.580248 1.732936 1.907091
v -1.919818 1.572476 1.561831
v -2.015810 1.531086 1.311351
v 0.303200 4.394536 -0.837610
v -0.047350 4.353285 -0.901910
v -0.047350 4.075445 -1.153230
v 0.472280 3.717405 -1.313750
v -0.047350 3.656296 -1.350770
v 0.472680 3.233695 -1.437900
v -0.047350 3.165245 -1.463000
v 0.473510 2.659405 -1.504780
v -0.047350 2.617055 -1.524300
v 0.453750 2.036615 -1.596010
v -0.047350 2.024915 -1.613170
v 0.448329 1.459745 -1.788010
v -0.047341 1.420515 -1.819020
v 0.954010 3.291345 -1.390950
v 1.032250 3.823436 -1.221940
v 0.907690 2.682456 -1.469900
v 0.874680 2.031136 -1.566290
v 0.842590 1.427875 -1.745420
v 0.284580 4.187225 -0.679550
v -0.047350 4.203395 -0.741050
v 0.549260 4.252175 -0.547510
v 0.625400 4.475886 -0.677240
v 0.425581 4.169225 1.073270
v -0.047349 4.103295 1.188710
v -0.047349 4.336236 0.898280
v 0.330251 4.376495 0.831930
v 0.301411 4.200865 0.665890
v -0.047349 4.134265 0.719010
v 0.664370 4.463185 0.642330
v 0.916041 4.339396 0.820729
v 0.579460 4.272145 0.547960
v 0.756910 4.350366 -0.349790
v 0.867460 4.567515 -0.415380
v 1.079810 4.514705 -0.501961
v 0.804710 4.387136 0.296160
v 0.878110 4.578714 0.345440
v 1.167940 4.538345 0.377129
v 0.855520 4.393796 -0.000001
v 0.950530 4.619595 -0.000001
v 1.185880 4.593735 -0.000001
v 1.706000 4.061145 0.979659
v 1.636232 3.562445 1.375609
v 1.294930 4.400466 0.644539
v 1.807090 4.328055 0.606449
v 1.393470 4.565515 -0.000001
v 1.836160 4.492766 -0.000001
v 1.780520 4.379685 -0.554321
v 1.288040 4.466416 -0.553421
v 1.668210 3.809176 -1.121391
v 1.622720 3.306835 -1.295671
v 1.804140 2.726065 -1.147761
v 1.560509 2.690195 -1.363862
v 1.863850 1.717175 -1.175351
v 1.921901 1.000275 -1.320931
v 1.132229 1.055655 -1.914060
v 0.800940 1.145995 -1.951880
v 1.607129 0.810926 -1.759272
v 0.502769 0.741625 -2.126890
v 0.545679 0.878706 -2.096480
v -0.047341 0.900175 -2.105130
v -0.047341 0.766666 -2.135230
v 0.796939 0.686695 -2.100710
v 0.857319 0.811115 -2.096300
v 1.441789 0.583575 -1.948081
v 1.386279 0.492715 -1.945912
v 1.820769 0.291705 -1.629871
v 1.778209 0.197645 -1.620721
v 1.964530 -0.107435 -1.133981
v 1.985541 -0.341725 -0.477841
v 2.062911 -0.285945 -0.000001
v 1.989190 -0.389045 -0.000001
v 1.923640 -0.333795 0.431344
v 1.976730 -0.224435 0.448654
v 1.769070 -0.273225 1.318669
v 1.795630 -0.167085 1.352459
v 1.952159 0.452435 -1.382412
v 1.973410 1.586285 -0.643221
v 2.043390 0.909345 -0.754011
v 2.073451 0.887385 -0.000001
v 2.015861 1.485126 -0.000001
v 1.958170 2.037745 -0.000001
v 1.920540 2.175036 -0.563991
v 1.931901 2.297645 -0.000001
v 1.900970 2.458675 -0.556641
v 2.070590 0.765390 0.439999
v 2.003390 1.489725 0.442009
v 1.937660 2.079185 0.439999
v 1.772480 2.354315 -0.000001
v 1.741550 2.507205 -0.528261
v 1.880280 2.703575 -0.814321
v 1.720860 2.739725 -0.772921
v 1.720390 3.118426 -0.918811
v 1.705380 4.031636 -0.997971
v 1.743240 4.251606 -0.774461
v 1.913100 2.367275 0.388439
v 1.753680 2.420415 0.369079
v 1.891920 2.554986 0.670709
v 1.732500 2.598635 0.637099
v 1.876740 2.819485 0.884509
v 1.717320 2.849765 0.840119
v 0.503862 -0.167495 2.086110
v -0.047349 -0.159545 2.105030
v -0.047349 -0.089745 2.119230
v 0.507642 -0.086685 2.103570
v 1.092012 -0.180865 1.949400
v 1.104222 -0.107065 1.967450
v 1.544552 -0.134215 1.675729
v 1.537292 -0.213325 1.647729
v 1.808262 0.796226 1.611579
v 1.385482 1.039935 1.987589
v 1.951180 0.688215 1.325099
v 2.051030 0.670786 0.948149
v 0.406819 1.166625 -1.959180
v -0.047349 1.990915 2.040270
v 0.813631 1.955815 2.000780
v 0.684522 1.209745 2.114980
v -0.047349 1.267535 2.135230
v -0.047349 2.736905 1.863750
v 0.941581 2.781226 1.796810
v 1.717670 3.034305 0.911539
v 1.837520 3.904716 0.733689
v 1.758450 3.526845 0.924699
v 1.732240 3.298745 0.948739
v 1.920260 3.978416 -0.922541
v 1.755360 3.506445 -0.918931
v 1.825330 3.862416 -0.773731
v 1.984750 3.885955 -0.815111
v 1.963681 4.250566 0.010639
v 1.937010 4.225735 0.235829
v 1.914640 4.153185 0.424819
v 1.937600 4.231456 -0.222901
v 1.913390 4.141416 -0.439761
v 1.868260 4.033355 -0.610901
v 1.878380 4.065995 0.570029
v 0.445651 -0.292745 1.874950
v -0.047349 -0.289735 1.932920
v 0.933271 -0.315625 1.673680
v 1.269972 -0.340505 1.431980
v 1.514370 -0.367325 1.144649
v 1.659990 -0.389085 0.851279
v 1.804630 -0.429845 -0.000001
v 1.788410 -0.389795 -0.440231
v 1.611910 -0.218105 -1.006581
v 1.356159 -0.005995 -1.402520
v 1.099199 0.185305 -1.643570
v 0.692587 0.367715 -1.846490
v -0.047341 0.531285 -1.961890
v 0.385720 0.467275 -1.934310
v -0.397900 4.394536 -0.837610
v -0.566980 3.717405 -1.313750
v -0.567390 3.233695 -1.437900
v -0.568210 2.659405 -1.504780
v -0.548460 2.036615 -1.596010
v -0.543040 1.459745 -1.788010
v -1.126960 3.823436 -1.221940
v -1.048721 3.291345 -1.390950
v -1.002391 2.682456 -1.469900
v -0.969380 2.031136 -1.566290
v -0.937300 1.427875 -1.745420
v -0.379290 4.187225 -0.679550
v -0.643960 4.252175 -0.547510
v -0.720110 4.475886 -0.677239
v -0.520289 4.169225 1.073270
v -0.424959 4.376495 0.831930
v -0.396119 4.200865 0.665890
v -1.010740 4.339396 0.820731
v -0.759080 4.463185 0.642331
v -0.674160 4.272145 0.547960
v -0.851610 4.350366 -0.349790
v -0.962160 4.567515 -0.415380
v -1.174510 4.514705 -0.501959
v -0.972810 4.578714 0.345440
v -0.899410 4.387136 0.296160
v -1.262650 4.538345 0.377131
v -0.950230 4.393796 0.033520
v -1.045230 4.619595 0.050010
v -1.280590 4.593735 0.072951
v -1.730938 3.562445 1.375611
v -1.800700 4.061145 0.979661
v -1.901800 4.328055 0.606451
v -1.389640 4.400466 0.644541
v -1.930870 4.492766 0.056931
v -1.488170 4.565515 0.073031
v -1.875230 4.379685 -0.554319
v -1.382750 4.466416 -0.553419
v -1.717430 3.306835 -1.295669
v -1.762920 3.809176 -1.121389
v -1.898840 2.726065 -1.147759
v -1.655211 2.690195 -1.363859
v -1.958560 1.717175 -1.175349
v -2.016610 1.000275 -1.320929
v -1.226941 1.055655 -1.914060
v -0.895650 1.145995 -1.951880
v -1.701831 0.810926 -1.759269
v -0.640391 0.878706 -2.096480
v -0.597471 0.741625 -2.126890
v -0.952021 0.811115 -2.096300
v -0.891641 0.686695 -2.100710
v -1.536491 0.583575 -1.948079
v -1.480991 0.492715 -1.945909
v -1.915471 0.291705 -1.629869
v -1.872921 0.197645 -1.620719
v -2.059230 -0.107435 -1.133979
v -2.080240 -0.341725 -0.477839
v -2.157609 -0.285945 0.000001
v -2.083899 -0.389045 0.000001
v -2.071430 -0.224435 0.440001
v -2.018350 -0.333795 0.440001
v -1.890340 -0.167085 1.352461
v -1.863780 -0.273225 1.318671
v -2.046870 0.452435 -1.382409
v -2.168149 0.887385 0.000001
v -2.138090 0.909345 -0.754009
v -2.068110 1.586285 -0.643219
v -2.110569 1.485126 0.000001
v -2.015240 2.175036 -0.563989
v -2.052870 2.037745 0.000001
v -1.995680 2.458675 -0.556639
v -2.026599 2.297645 0.000001
v -2.165290 0.818646 0.436206
v -2.098090 1.489725 0.442011
v -2.032360 2.079185 0.440001
v -1.867180 2.354315 0.000001
v -1.836260 2.507205 -0.528259
v -1.974980 2.703575 -0.814319
v -1.815560 2.739725 -0.772920
v -1.815100 3.118426 -0.918809
v -1.800080 4.031636 -0.997969
v -1.837940 4.251606 -0.774459
v -2.007800 2.367275 0.388441
v -1.848380 2.420415 0.369081
v -1.827200 2.598635 0.637101
v -1.986620 2.554986 0.670711
v -1.812020 2.849765 0.840121
v -1.971440 2.819485 0.884511
v -0.598558 -0.167495 2.086110
v -0.602348 -0.086685 2.103570
v -1.639248 -0.134215 1.675731
v -1.198918 -0.107065 1.967450
v -1.186718 -0.180865 1.949400
v -1.631988 -0.213325 1.647731
v -1.480188 1.039935 1.987591
v -1.902958 0.796226 1.611581
v -2.045890 0.688215 1.325101
v -2.145740 0.670786 0.948151
v -0.501530 1.166625 -1.959180
v -0.779218 1.209745 2.114980
v -0.908339 1.955815 2.000780
v -1.036288 2.781226 1.796810
v -1.812380 3.034305 0.911541
v -1.853150 3.526845 0.924701
v -1.932230 3.904716 0.733691
v -1.826940 3.298745 0.948741
v -2.014970 3.978416 -0.922539
v -1.920030 3.862416 -0.773730
v -1.850060 3.506445 -0.918929
v -2.079450 3.885955 -0.815109
v -2.058380 4.250566 0.010641
v -2.031720 4.225735 0.235831
v -2.009340 4.153185 0.424821
v -2.032310 4.231456 -0.222899
v -2.008090 4.141416 -0.439759
v -1.962970 4.033355 -0.610899
v -1.973090 4.065995 0.570031
v -0.540359 -0.292745 1.874950
v -1.027968 -0.315625 1.673680
v -1.364678 -0.340505 1.431981
v -1.609070 -0.367325 1.144651
v -1.754700 -0.389085 0.851281
v -1.899340 -0.429845 0.000001
v -1.883110 -0.389795 -0.440229
v -1.706620 -0.218105 -1.006579
v -1.450861 -0.005995 -1.402519
v -1.193901 0.185305 -1.643570
v -0.787287 0.367715 -1.846490
v -0.480422 0.467275 -1.934310
v -0.047349 -1.636855 0.696020
v 0.333931 -1.636855 0.572140
v -0.047350 -1.739595 0.047350
v 0.569570 -1.636855 0.247800
v 0.569570 -1.636855 -0.153100
v 0.333930 -1.636855 -0.477440
v -0.047350 -1.636855 -0.601320
v -0.428629 -1.636855 0.572140
v -0.664280 -1.636855 0.250000
v -0.664280 -1.636855 -0.153100
v -0.428630 -1.636855 -0.477440
v -1.220811 -0.289125 -1.567780
v -1.662480 -0.874295 -0.477439
v -1.662480 -0.874295 0.572141
v -1.045548 -0.874295 1.421260
v -0.047349 -0.874295 1.745600
v 0.950851 -0.874295 1.421260
v 1.567780 -0.874295 0.572139
v 1.567780 -0.874295 -0.477441
v 0.950850 -0.874295 -1.326560
v 1.126109 -0.289125 -1.567780
v -0.047351 -0.289125 -1.949050
v -0.047350 -0.874295 -1.650890
v 0.677891 -1.338695 1.045550
v -0.047349 -1.338695 1.281200
v 1.126110 -1.338695 0.428629
v 1.126110 -1.338695 -0.333931
v 0.677890 -1.338695 -0.950850
v -0.047350 -1.338695 -1.186500
v -1.045550 -0.874295 -1.326560
v -0.772589 -1.338695 1.045550
v -1.220810 -1.338695 0.428631
v -1.220810 -1.338695 -0.333929
v -0.772590 -1.338695 -0.950850
v 0.950001 3.707435 0.847830
v -0.949999 3.707435 0.847977
v 0.950000 3.707435 -0.772315
v -0.950000 3.707435 -0.770047
v 0.950001 4.164322 0.853191
v -0.949999 4.164322 0.853193
v 0.950000 4.205762 -0.846197
v -0.950000 4.205762 -0.846195
v -0.949705 4.407436 0.296160
v -0.950295 4.407436 -0.349790
v 0.984674 4.541735 -0.349790
v 0.950000 4.407436 0.296160
v -2.008090 4.267435 -0.439759
v -2.009340 4.267435 0.424821
v 1.963819 4.265451 0.424819
v 1.962569 4.253680 -0.439761
v 0.950000 2.507435 -0.770001
v 0.950001 2.507435 0.849999
v 1.758450 3.711860 1.009484
v 1.755360 3.673131 -0.980723
v 1.767527 2.207435 -0.979337
v 1.699882 2.207435 0.912204
v -0.949999 2.507435 0.852713
v -0.950000 2.507435 -0.770000
v -1.700000 2.207435 -0.979999
v -1.700000 2.207435 0.910001
v -1.941444 3.677435 -1.007621
v -2.002820 3.677435 1.066566
v 1.603602 -1.691154 0.006543
v 1.215342 -1.691096 -0.548154
v 1.708174 -1.691096 -0.634923
v 2.083352 -1.691096 -0.487806
v 2.200182 -1.691096 -0.279668
v 2.180450 -1.685531 0.367852
v 1.994451 -1.691110 0.526334
v 1.587465 -1.691110 0.575790
v 1.156405 -1.687553 0.487168
v 1.046805 -1.686115 0.355025
v 1.046923 -1.687593 -0.358406
v 1.712232 -3.018584 0.014673
v 2.298540 -2.983547 0.407494
v 2.322492 -2.990049 -0.323423
v 2.121677 -2.973265 0.603652
v 1.521748 -2.974385 0.684120
v 1.020669 -2.965828 0.558421
v 0.907131 -2.965132 0.377344
v 0.915664 -2.959743 -0.423271
v 1.111245 -2.965281 -0.646967
v 1.708316 -2.982394 -0.752822
v 2.208036 -2.981040 -0.554049
v 1.205082 -4.059033 0.476913
v 1.378258 -4.050138 0.489723
v 1.298172 -4.232114 0.440753
v 1.396482 -4.398804 0.371053
v 1.255592 -4.333513 0.378203
v 1.158091 -4.224773 0.399663
v 1.085421 -4.057923 0.481633
v 1.506072 -3.848913 0.552733
v 1.708467 -3.713794 0.480782
v -0.547978 0.726350 0.319340
v -0.665441 0.469283 0.523984
v -0.757871 0.582533 0.159398
v -0.806595 0.150134 0.523495
v -0.893833 0.279595 0.266729
v -0.917521 -0.109197 0.318058
v -0.955851 -0.209648 -0.013856
v -0.972301 0.090446 -0.015774
v -0.906943 -0.112855 -0.345467
v -0.789479 0.144209 -0.550112
v -0.648323 0.463359 -0.549623
v -0.884835 0.276482 -0.297700
v -0.537400 0.722690 -0.344185
v -0.752309 0.580608 -0.189438
v -0.286090 0.798328 0.448023
v -0.499072 0.823145 -0.012271
v -0.218777 0.931553 -0.008402
v -0.447766 0.444507 0.729691
v -0.642044 0.005230 0.729017
v -0.794724 -0.351706 0.446259
v -0.847477 -0.489967 -0.010582
v -0.780164 -0.356741 -0.467006
v -0.618486 -0.002924 -0.748676
v -0.424208 0.436354 -0.748002
v -0.271531 0.793292 -0.465242
v 0.002154 0.791419 0.532850
v 0.081290 0.948033 -0.003709
v -0.187907 0.375474 0.863972
v -0.416295 -0.140923 0.863180
v -0.595775 -0.560530 0.530776
v -0.657794 -0.723064 -0.006272
v -0.578659 -0.566452 -0.542831
v -0.388601 -0.150506 -0.873953
v -0.160214 0.365892 -0.873161
v 0.019270 0.785497 -0.540757
v 0.288545 0.706297 0.565519
v 0.371754 0.870972 0.001348
v 0.088705 0.268949 0.913681
v -0.151439 -0.274024 0.912848
v -0.340157 -0.715222 0.563338
v -0.405368 -0.886124 -0.001348
v -0.322161 -0.721450 -0.565520
v -0.122319 -0.284101 -0.913682
v 0.117824 0.258872 -0.912849
v 0.306542 0.700068 -0.563339
v 0.624182 0.707912 0.006271
v 0.545047 0.551300 0.542830
v 0.354986 0.135354 0.873952
v 0.126597 -0.381045 0.873160
v -0.052885 -0.800650 0.540756
v -0.114905 -0.963185 0.003707
v -0.035770 -0.806572 -0.532852
v 0.154291 -0.390627 -0.863973
v 0.382680 0.125772 -0.863181
v 0.562163 0.545378 -0.530777
v 0.813866 0.474816 0.010581
v 0.746551 0.341589 0.467006
v 0.584872 -0.012229 0.748675
v 0.390593 -0.451506 0.748001
v 0.237915 -0.808444 0.465241
v 0.185162 -0.946706 0.008400
v 0.252474 -0.813480 -0.448024
v 0.414151 -0.459659 -0.729693
v 0.608430 -0.020382 -0.729019
v 0.761111 0.336554 -0.446259
v 0.922239 0.194497 0.013856
v 0.873330 0.097703 0.345467
v 0.755866 -0.159360 0.550112
v 0.614711 -0.478512 0.549622
v 0.503787 -0.737843 0.344185
v 0.465458 -0.838297 0.012271
v 0.514365 -0.741504 -0.319340
v 0.631829 -0.484436 -0.523985
v 0.772982 -0.165285 -0.523495
v 0.883909 0.094045 -0.318059
v 0.938689 -0.105597 0.015774
v 0.912976 -0.156487 0.190112
v 0.851221 -0.291635 0.297700
v 0.777013 -0.459424 0.297443
v 0.718696 -0.595761 0.189438
v 0.698545 -0.648573 0.014940
v 0.724258 -0.597688 -0.159398
v 0.786013 -0.462539 -0.266986
v 0.860220 -0.294747 -0.266729
v 0.897594 -0.161211 -0.159043
v 1.949072 -1.166944 -0.010178
v 1.884322 -1.184854 -0.321358
v 2.022182 -1.661933 -0.321688
v 2.088272 -1.661933 -0.008428
v 2.012621 -1.661933 0.309872
v 1.887582 -1.184313 0.288232
v 1.725052 -0.729293 -0.009337
v 1.669352 -0.756534 -0.312607
v 1.312302 -0.305044 -0.304617
v 1.351352 -0.261223 -0.010287
v 1.675982 -0.758964 0.277503
v 1.322642 -0.309053 0.268053
v 1.736602 -1.232513 -0.467228
v 1.829572 -1.661933 -0.488218
v 1.555372 -0.808343 -0.446727
v 1.256352 -0.380434 -0.420787
v 1.049022 -0.619133 -0.516127
v 1.274332 -0.958993 -0.515927
v 1.442302 -1.309073 -0.515267
v 1.510212 -1.661933 -0.511377
v 0.850652 -0.829214 -0.442147
v 1.037162 -1.105834 -0.420337
v 1.169732 -1.370274 -0.406907
v 1.219722 -1.661933 -0.427147
v 1.809642 -1.661933 0.462892
v 1.715992 -1.207833 0.444612
v 1.537272 -0.826354 0.434333
v 1.229442 -0.413424 0.424033
v 1.475172 -1.661933 0.480223
v 1.391282 -1.303823 0.484433
v 1.236001 -0.984993 0.486143
v 1.008811 -0.684114 0.486843
v 1.246892 -1.661933 0.392573
v 1.162931 -1.370873 0.373343
v 1.022431 -1.104124 0.382783
v 0.836962 -0.855633 0.392203
v 1.138401 -1.661933 -0.153967
v 1.056861 -1.394564 -0.147257
v 0.919762 -1.157393 -0.153377
v 0.740241 -0.937974 -0.144697
v 0.743881 -0.938284 0.137613
v 0.919422 -1.156824 0.126563
v 1.057182 -1.394393 0.123093
v 1.138071 -1.661933 0.142193
v 1.105011 -3.818383 0.690393
v 0.964741 -3.823103 0.619843
v 0.958681 -3.616833 0.602843
v 1.742682 -4.312527 0.373452
v 0.839570 -0.091146 -0.447295
v 0.888020 0.016034 -0.281704
v 0.719225 -0.357360 -0.526775
v 0.566825 -0.694489 -0.445109
v 0.925981 0.100008 -0.004890
v 0.900302 0.043202 0.295547
v 0.690668 -0.420534 0.499730
v 0.823580 -0.126514 0.439910
v 0.590070 -0.643067 0.384798
v 0.513346 -0.812790 -0.134871
v 0.531543 -0.768583 0.135780
v 1.408972 -3.292456 0.603033
v 1.300152 -3.854134 0.700683
v 1.179387 -3.288584 0.594038
v 1.453652 -3.850153 0.638833
v 1.600792 -3.286164 0.556428
v 2.019933 -3.288683 0.400792
v 1.636592 -3.288584 0.480757
v 1.971043 -3.033484 0.369032
v 1.618422 -3.033484 0.403481
v 1.019401 -3.285919 0.532108
v 0.970741 -3.288584 0.330468
v 1.113071 -3.033484 0.310913
v 1.144991 -3.033484 0.448143
v 0.901411 -3.620493 0.365723
v 1.994122 -4.206843 0.282074
v 1.939212 -4.194433 0.363452
v 2.101467 -3.718524 0.328494
v 2.041517 -3.714994 0.411442
v 2.029212 -4.216673 -0.234138
v 2.143762 -3.717474 -0.264863
v 1.389692 -4.261623 -0.462397
v 1.361177 -3.730154 -0.553967
v 1.197522 -4.251244 -0.427647
v 1.101362 -3.757789 -0.503387
v 1.091861 -4.234453 -0.332567
v 0.946971 -3.762677 -0.379867
v 1.137741 -3.288584 -0.506682
v 1.374222 -3.288584 -0.531527
v 1.398442 -3.033484 -0.467187
v 1.210802 -3.033484 -0.439157
v 0.990452 -3.288584 -0.391807
v 1.116782 -3.033484 -0.329277
v 2.021808 -3.288584 -0.425678
v 2.134167 -3.288584 -0.267248
v 1.999832 -3.033484 -0.382418
v 2.105142 -3.033484 -0.245878
v 2.039657 -3.719369 -0.439048
v 1.937232 -4.218843 -0.379788
v 1.916422 -4.367233 -0.229428
v 1.871672 -4.336473 -0.345938
v 2.086562 -3.287444 0.321179
v 2.056292 -3.033484 0.290144
v 0.937561 -3.843443 0.362270
v 1.217732 -4.380504 -0.308757
v 1.230652 -4.372633 0.314413
v 1.099182 -4.223393 0.334473
v 1.389582 -4.453664 0.268225
v 1.364882 -4.478503 -0.241537
v 1.387132 -4.411603 -0.385197
v 1.700182 -4.488033 -0.232607
v 1.676942 -4.457534 0.257855
v 1.881942 -4.360924 0.259304
v 1.577532 -3.033484 0.478523
v 1.433792 -3.033484 0.512863
v 1.234941 -3.033484 0.506193
v 1.093542 -3.983624 0.656823
v 0.994292 -3.936073 0.602313
v 0.993101 -3.971864 0.493273
v 1.219231 -3.985363 0.665423
v 1.362312 -3.939424 0.651113
v -0.895222 0.380950 -0.016147
v 2.280362 -1.776574 -0.301622
v 2.248157 -1.776574 0.396472
v 2.139583 -1.776574 -0.539178
v 1.719372 -1.776574 -0.694687
v 1.182022 -1.776574 -0.599967
v 0.994082 -1.775774 -0.386477
v 0.992211 -1.776073 0.386724
v 1.112592 -1.776983 0.532883
v 1.581190 -1.776574 0.628614
v 2.032647 -1.776574 0.575665
v 2.243311 -2.910853 -0.584993
v 1.712842 -2.907454 -0.802077
v 1.080101 -2.903473 -0.678277
v 0.872521 -2.894659 -0.438467
v 0.861276 -2.897388 0.398309
v 0.987411 -2.902914 0.597463
v 1.519320 -2.901634 0.732654
v 2.149967 -2.898719 0.638499
v 2.341397 -2.903348 0.430598
v 2.372302 -2.907533 -0.333422
v 1.030686 -2.301528 0.581948
v 1.552225 -2.296043 0.702834
v 2.113139 -2.298320 0.623429
v 2.318105 -2.288299 0.417002
v 2.349642 -2.286929 -0.316652
v 2.214410 -2.295464 -0.575623
v 1.715652 -2.301194 -0.770807
v 1.112212 -2.300819 -0.657537
v 0.911199 -2.299803 -0.420900
v 0.904416 -2.300814 0.397684
v -1.708173 -1.691096 -0.634927
v -1.215341 -1.691096 -0.548158
v -1.603600 -1.691154 0.006544
v -2.083351 -1.691096 -0.487810
v -2.200182 -1.691096 -0.279671
v -2.180450 -1.685531 0.367848
v -1.992093 -1.691096 0.526026
v -1.587132 -1.691096 0.575236
v -1.158217 -1.687559 0.487055
v -1.049162 -1.686129 0.355569
v -1.046923 -1.687593 -0.358411
v -2.322490 -2.988945 -0.323421
v -2.257882 -2.982442 0.374195
v -1.712230 -3.018584 0.014674
v -1.521746 -2.973281 0.684121
v -2.081020 -2.972162 0.570354
v -1.020668 -2.964724 0.558422
v -0.907130 -2.964026 0.377345
v -0.915663 -2.958638 -0.423270
v -1.111244 -2.964175 -0.646966
v -1.708314 -2.981291 -0.752821
v -2.208035 -2.979937 -0.554046
v -1.298170 -4.232114 0.440754
v -1.378256 -4.050138 0.489724
v -1.205080 -4.059033 0.476914
v -1.255590 -4.333513 0.378204
v -1.396480 -4.398804 0.371054
v -1.158090 -4.224773 0.399664
v -1.085420 -4.057923 0.481634
v -1.708465 -3.713794 0.480784
v -1.506070 -3.848913 0.552734
v 0.757872 0.582533 0.159397
v 0.665441 0.469283 0.523984
v 0.547979 0.726350 0.319339
v 0.893833 0.279595 0.266728
v 0.806595 0.150134 0.523494
v 0.972301 0.090446 -0.015775
v 0.955852 -0.209648 -0.013857
v 0.917521 -0.109197 0.318057
v 0.906943 -0.112855 -0.345468
v 0.884835 0.276482 -0.297701
v 0.648324 0.463359 -0.549623
v 0.789479 0.144209 -0.550113
v 0.752310 0.580608 -0.189439
v 0.537401 0.722690 -0.344186
v 0.499073 0.823145 -0.012272
v 0.286090 0.798328 0.448023
v 0.218777 0.931553 -0.008402
v 0.447765 0.444507 0.729692
v 0.642046 0.005230 0.729018
v 0.794725 -0.351706 0.446258
v 0.847478 -0.489967 -0.010583
v 0.780165 -0.356741 -0.467007
v 0.618485 -0.002924 -0.748676
v 0.424207 0.436354 -0.748002
v 0.271530 0.793292 -0.465242
v -0.002154 0.791419 0.532850
v -0.081290 0.948033 -0.003709
v 0.187907 0.375474 0.863972
v 0.416295 -0.140923 0.863180
v 0.595776 -0.560530 0.530776
v 0.657794 -0.723064 -0.006273
v 0.578660 -0.566452 -0.542831
v 0.388600 -0.150506 -0.873953
v 0.160211 0.365892 -0.873161
v -0.019270 0.785497 -0.540757
v -0.288545 0.706297 0.565519
v -0.371753 0.870972 0.001348
v -0.088705 0.268949 0.913681
v 0.151438 -0.274024 0.912848
v 0.340157 -0.715222 0.563338
v 0.405368 -0.886124 -0.001349
v 0.322160 -0.721450 -0.565520
v 0.122318 -0.284101 -0.913682
v -0.117826 0.258872 -0.912849
v -0.306543 0.700068 -0.563339
v -0.545046 0.551300 0.542830
v -0.624181 0.707912 0.006272
v -0.354986 0.135354 0.873952
v -0.126597 -0.381045 0.873160
v 0.052885 -0.800650 0.540756
v 0.114904 -0.963185 0.003707
v 0.035768 -0.806572 -0.532851
v -0.154292 -0.390627 -0.863973
v -0.382680 0.125772 -0.863181
v -0.562162 0.545378 -0.530777
v -0.746550 0.341589 0.467007
v -0.813864 0.474816 0.010582
v -0.584871 -0.012229 0.748674
v -0.390593 -0.451506 0.748001
v -0.237916 -0.808444 0.465241
v -0.185162 -0.946706 0.008400
v -0.252476 -0.813480 -0.448024
v -0.414151 -0.459659 -0.729693
v -0.608431 -0.020382 -0.729019
v -0.761110 0.336554 -0.446258
v -0.873329 0.097703 0.345468
v -0.922237 0.194497 0.013857
v -0.755865 -0.159360 0.550113
v -0.614710 -0.478512 0.549622
v -0.503786 -0.737843 0.344186
v -0.465457 -0.838297 0.012272
v -0.514364 -0.741504 -0.319340
v -0.631827 -0.484436 -0.523985
v -0.772981 -0.165285 -0.523494
v -0.883907 0.094045 -0.318058
v -0.912975 -0.156487 0.190113
v -0.938687 -0.105597 0.015774
v -0.851220 -0.291635 0.297701
v -0.777012 -0.459424 0.297444
v -0.718695 -0.595761 0.189439
v -0.698545 -0.648573 0.014941
v -0.724257 -0.597688 -0.159397
v -0.786011 -0.462539 -0.266985
v -0.860219 -0.294747 -0.266728
v -0.897592 -0.161211 -0.159042
v -2.022180 -1.661933 -0.321686
v -1.884320 -1.184854 -0.321356
v -1.949070 -1.166944 -0.010176
v -2.088270 -1.661933 -0.008426
v -2.012620 -1.661933 0.309874
v -1.887580 -1.184313 0.288234
v -1.669350 -0.756534 -0.312606
v -1.725050 -0.729293 -0.009336
v -1.312300 -0.305044 -0.304616
v -1.351350 -0.261223 -0.010286
v -1.675980 -0.758964 0.277504
v -1.322640 -0.309053 0.268054
v -1.829570 -1.661933 -0.488216
v -1.736600 -1.232513 -0.467226
v -1.555370 -0.808343 -0.446726
v -1.256350 -0.380434 -0.420786
v -1.274330 -0.958993 -0.515926
v -1.049020 -0.619133 -0.516126
v -1.442300 -1.309073 -0.515266
v -1.510210 -1.661933 -0.511376
v -0.850650 -0.829214 -0.442146
v -1.037160 -1.105834 -0.420336
v -1.169730 -1.370274 -0.406906
v -1.219720 -1.661933 -0.427146
v -1.715990 -1.207833 0.444614
v -1.809640 -1.661933 0.462894
v -1.537270 -0.826354 0.434334
v -1.229440 -0.413424 0.424034
v -1.391280 -1.303823 0.484434
v -1.475170 -1.661933 0.480224
v -1.236000 -0.984993 0.486144
v -1.008810 -0.684114 0.486844
v -1.246890 -1.661933 0.392574
v -1.162930 -1.370873 0.373344
v -1.022430 -1.104124 0.382784
v -0.836960 -0.855633 0.392204
v -1.138400 -1.661933 -0.153966
v -1.056860 -1.394564 -0.147256
v -0.919760 -1.157393 -0.153376
v -0.740240 -0.937974 -0.144696
v -0.743880 -0.938284 0.137614
v -0.919420 -1.156824 0.126564
v -1.057180 -1.394393 0.123094
v -1.138070 -1.661933 0.142194
v -0.958680 -3.616833 0.602844
v -0.964740 -3.823103 0.619844
v -1.105010 -3.818383 0.690394
v -1.742680 -4.312527 0.373454
v -0.839568 -0.091146 -0.447294
v -0.888019 0.016034 -0.281704
v -0.719224 -0.357360 -0.526774
v -0.566824 -0.694489 -0.445108
v -0.925980 0.100008 -0.004890
v -0.900301 0.043202 0.295548
v -0.690666 -0.420534 0.499731
v -0.823579 -0.126514 0.439911
v -0.590069 -0.643067 0.384799
v -0.513345 -0.812790 -0.134870
v -0.531542 -0.768583 0.135780
v -1.300150 -3.854134 0.700684
v -1.179385 -3.288584 0.594039
v -1.408970 -3.292456 0.603034
v -1.453650 -3.850153 0.638834
v -1.600790 -3.286164 0.556429
v -1.618420 -3.033484 0.403482
v -1.636590 -3.288584 0.480757
v -1.971040 -3.033484 0.369034
v -2.019930 -3.288683 0.400794
v -1.019400 -3.285919 0.532109
v -0.970740 -3.288584 0.330469
v -1.113070 -3.033484 0.310914
v -1.144990 -3.033484 0.448144
v -0.901410 -3.620493 0.365724
v -1.994120 -4.206843 0.282076
v -2.101465 -3.718524 0.328496
v -1.939210 -4.194433 0.363454
v -2.041515 -3.714994 0.411444
v -2.029210 -4.216673 -0.234136
v -2.143760 -3.717474 -0.264861
v -1.101360 -3.757789 -0.503386
v -1.361175 -3.730154 -0.553966
v -1.197520 -4.251244 -0.427646
v -1.389690 -4.261623 -0.462396
v -1.091860 -4.234453 -0.332566
v -0.946970 -3.762677 -0.379866
v -1.137740 -3.288584 -0.506681
v -1.374220 -3.288584 -0.531526
v -1.210800 -3.033484 -0.439156
v -1.398440 -3.033484 -0.467186
v -0.990450 -3.288584 -0.391806
v -1.116780 -3.033484 -0.329276
v -2.021805 -3.288584 -0.425676
v -1.999830 -3.033484 -0.382416
v -2.134165 -3.288584 -0.267246
v -2.105140 -3.033484 -0.245876
v -2.039655 -3.719369 -0.439046
v -1.937230 -4.218843 -0.379786
v -1.916420 -4.367233 -0.229426
v -1.871670 -4.336473 -0.345936
v -2.086560 -3.287444 0.321181
v -2.056290 -3.033484 0.290146
v -0.937560 -3.843443 0.362270
v -1.217730 -4.380504 -0.308756
v -1.230650 -4.372633 0.314414
v -1.099180 -4.223393 0.334474
v -1.364880 -4.478503 -0.241536
v -1.389580 -4.453664 0.268226
v -1.387130 -4.411603 -0.385196
v -1.700180 -4.488033 -0.232606
v -1.676940 -4.457534 0.257856
v -1.881940 -4.360924 0.259306
v -1.577530 -3.033484 0.478524
v -1.234940 -3.033484 0.506194
v -1.433790 -3.033484 0.512864
v -0.993100 -3.971864 0.493274
v -0.994290 -3.936073 0.602314
v -1.093540 -3.983624 0.656824
v -1.219230 -3.985363 0.665424
v -1.362310 -3.939424 0.651114
v 0.895223 0.380950 -0.016148
v -2.280360 -1.776574 -0.301620
v -2.248155 -1.776574 0.396474
v -2.032645 -1.776574 0.575666
v -1.581188 -1.776574 0.628615
v -1.112590 -1.776983 0.532884
v -0.992210 -1.776073 0.386725
v -0.994080 -1.775774 -0.386476
v -1.182020 -1.776574 -0.599966
v -1.719370 -1.776574 -0.694686
v -2.139580 -1.776574 -0.539175
v -2.113137 -2.298320 0.623432
v -2.318103 -2.288299 0.417004
v -1.552223 -2.296043 0.702835
v -1.030685 -2.301528 0.581949
v -0.904415 -2.300814 0.397685
v -0.911197 -2.299803 -0.420899
v -1.112210 -2.300819 -0.657536
v -1.715650 -2.301194 -0.770806
v -2.214407 -2.295464 -0.575620
v -2.349640 -2.286929 -0.316650
v -1.080100 -2.903473 -0.678276
v -0.872520 -2.894659 -0.438466
v -1.712840 -2.907454 -0.802076
v -2.243310 -2.910853 -0.584990
v -2.372300 -2.907533 -0.333420
v -2.312622 -2.905077 0.412187
v -2.149965 -2.898719 0.638502
v -1.519318 -2.901634 0.732655
v -0.987410 -2.902914 0.597464
v -0.861275 -2.897388 0.398310
v -0.065128 3.376175 2.137790
v -0.136864 3.449869 2.284630
v -0.073717 3.500483 2.137790
v 0.000001 3.537798 2.138865
v 0.000001 3.588389 2.266450
v 0.000001 3.342549 2.137790
v -0.069184 3.320555 2.302645
v -0.122145 3.372399 2.293930
v -2.527586 2.716019 -0.115099
v -2.503141 1.967697 -0.022198
v -2.513641 2.610415 -0.357514
v -2.517817 2.499226 0.337775
v -2.526626 2.670716 0.180234
v -2.437576 2.027317 -0.621393
v -2.477492 2.383770 -0.534097
v -2.342066 1.362141 -0.400674
v -2.326157 1.222059 -0.169279
v -2.337615 1.220754 0.092948
v -2.335307 1.317623 0.289236
v -0.118845 3.526320 2.276830
v -0.064725 3.570304 2.269850
v 0.000001 3.300699 2.306040
v -2.473756 2.250550 0.476590
v -2.413805 1.833809 0.498707
v -2.366517 1.524522 0.441987
v -2.380347 1.617435 -0.537082
v -1.514872 0.507258 -0.370239
v -1.511355 0.564585 -0.370239
v -1.541140 0.614106 -0.370239
v -1.578827 0.475332 -0.370239
v -1.594367 0.634119 -0.370239
v -1.653797 0.493939 -0.370239
v -1.643524 0.631276 -0.370239
v -1.691917 0.531543 -0.370239
v -1.674719 0.602909 -0.370239
v -1.596076 0.434940 -0.784579
v -1.636127 0.448850 -0.722960
v -1.682647 0.486309 -0.681639
v -1.721137 0.531853 -0.712759
v -1.712080 0.613819 -0.841899
v -1.728576 0.573079 -0.760729
v -1.857868 3.354810 -1.447809
v -1.874007 3.427929 -1.097219
v -1.903606 3.432088 -1.350069
v -1.834117 3.357179 -1.097219
v -1.880996 3.497570 -1.097219
v -1.904377 3.495679 -1.318789
v -1.811147 3.338965 -1.521719
v -1.795237 3.338471 -1.097219
v -1.757842 3.357418 -1.577649
v -1.745891 3.357369 -1.097219
v -1.709127 3.415820 -1.097219
v -1.722947 3.424520 -1.608409
v -1.831549 3.558723 -1.097219
v -1.867213 3.533312 -1.097219
v -1.775106 3.565990 -1.097219
v -1.732768 3.536041 -1.097219
v -1.710263 3.487139 -1.097219
v -1.836280 3.571264 -1.397049
v -1.882053 3.541942 -1.333189
v -1.791867 3.577060 -1.464669
v -1.746578 3.552125 -1.524209
v -1.724608 3.503210 -1.578739
v -1.533398 0.539840 -1.028489
v -1.526907 0.498518 -0.964189
v -1.569117 0.587130 -1.038149
v -1.611767 0.616567 -1.021539
v -1.669273 0.626686 -0.939729
v -1.549967 0.450070 -0.881700
v 0.073719 3.500483 2.137790
v 0.136868 3.449869 2.284630
v 0.065129 3.376175 2.137790
v 0.069188 3.320555 2.302645
v 0.122147 3.372399 2.293930
v 2.513641 2.610415 -0.357516
v 2.503141 1.967697 -0.022199
v 2.527586 2.716019 -0.115101
v 2.526627 2.670716 0.180232
v 2.517817 2.499226 0.337773
v 2.477492 2.383770 -0.534099
v 2.437576 2.027317 -0.621395
v 2.326158 1.222059 -0.169281
v 2.342066 1.362141 -0.400675
v 2.335307 1.317623 0.289235
v 2.337616 1.220754 0.092946
v 0.118847 3.526320 2.276830
v 0.064727 3.570304 2.269850
v 2.473756 2.250550 0.476588
v 2.380347 1.617435 -0.537084
v 2.352148 1.387249 0.379269
v 2.397346 1.713849 0.486849
v 1.541140 0.614106 -0.370241
v 1.511355 0.564585 -0.370241
v 1.514872 0.507258 -0.370241
v 1.578827 0.475332 -0.370241
v 1.594367 0.634119 -0.370241
v 1.653797 0.493939 -0.370241
v 1.643524 0.631276 -0.370241
v 1.691917 0.531543 -0.370241
v 1.674719 0.602909 -0.370241
v 1.596076 0.434940 -0.784581
v 1.636127 0.448850 -0.722961
v 1.682647 0.486309 -0.681641
v 1.721137 0.531853 -0.712761
v 1.712080 0.613819 -0.841901
v 1.728577 0.573079 -0.760731
v 1.903606 3.432088 -1.350071
v 1.874007 3.427929 -1.097221
v 1.857866 3.354810 -1.447811
v 1.834117 3.357179 -1.097221
v 1.904377 3.495679 -1.318792
v 1.880996 3.497570 -1.097221
v 1.795237 3.338471 -1.097221
v 1.811146 3.338965 -1.521721
v 1.745891 3.357369 -1.097221
v 1.757841 3.357418 -1.577652
v 1.709127 3.415820 -1.097221
v 1.722946 3.424520 -1.608411
v 1.775106 3.565990 -1.097221
v 1.867213 3.533312 -1.097221
v 1.831550 3.558723 -1.097221
v 1.732769 3.536041 -1.097221
v 1.710264 3.487139 -1.097221
v 1.882053 3.541942 -1.333191
v 1.836278 3.571264 -1.397051
v 1.791865 3.577060 -1.464671
v 1.746576 3.552125 -1.524211
v 1.724606 3.503210 -1.578741
v 1.526907 0.498518 -0.964191
v 1.533398 0.539840 -1.028491
v 1.569117 0.587130 -1.038151
v 1.611768 0.616567 -1.021541
v 1.669273 0.626686 -0.939731
v 1.549968 0.450070 -0.881701
v -0.605635 3.489809 2.212420
v -0.893415 3.471639 2.114800
v -0.642945 3.714470 2.138440
v -0.293566 1.390149 2.305680
v -0.352816 1.290600 2.315670
v -0.344006 1.396730 2.277480
v -0.708638 3.815400 -2.085570
v -1.043938 3.770030 -1.965920
v -0.737828 3.552310 -2.217270
v -1.342788 3.704770 -1.812590
v -1.589738 3.675829 -1.641329
v -1.384157 3.460059 -1.914739
v -0.000001 4.188229 -1.934400
v -0.352648 4.172670 -1.917180
v -0.000001 3.908271 -2.143660
v -0.693677 4.117569 -1.871360
v -0.367408 3.875380 -2.134790
v -1.021828 4.030730 -1.789310
v -1.325857 3.922240 -1.669690
v -1.518517 3.843719 -1.568959
v -0.366307 4.463970 -1.605950
v -0.720487 4.393720 -1.579120
v -1.072708 4.273030 -1.521080
v -1.386927 4.105980 -1.443619
v -1.778528 3.687769 -1.409319
v -0.000000 4.490860 -1.607790
v -0.384127 4.701020 -1.237150
v -1.148977 4.472650 -1.184170
v -1.486357 4.260748 -1.142169
v -1.628288 3.930329 -1.402069
v -1.942986 3.716779 -1.128909
v -1.753587 4.015409 -1.127789
v -2.079226 3.728990 -0.782549
v -1.856997 4.071579 -0.773789
v -1.885977 3.579568 -1.300869
v -1.926116 3.480740 -1.292589
v -1.902858 3.350880 -1.382599
v -1.926387 3.409499 -1.323679
v -1.990287 3.242369 -1.303289
v -1.921907 3.093490 -1.465229
v -1.869297 3.308150 -1.450919
v -0.526195 2.470349 2.150540
v -0.619505 2.451159 2.121040
v -0.640585 2.582899 2.149980
v -1.108415 3.420810 2.018410
v -0.938336 3.656949 2.043900
v -1.455335 3.550070 1.745001
v -1.285515 3.712390 1.815080
v -1.331535 3.446119 1.871090
v -1.019915 3.848289 1.917920
v -1.172094 3.563680 1.946840
v -0.699886 3.946449 2.007710
v -1.367355 3.874569 1.660951
v -1.097415 4.039459 1.744450
v -0.750786 4.178199 1.813440
v -0.347476 4.004179 2.065940
v -0.381766 4.268229 1.845790
v -1.151605 4.254359 1.490270
v -0.789176 4.401889 1.539820
v -1.456765 4.053209 1.430621
v -1.694915 3.802530 1.368171
v -1.541577 4.213880 1.131211
v -1.205157 4.440589 1.169440
v -0.821816 4.604300 1.196440
v -0.399496 4.494360 1.565140
v -0.835756 4.760659 0.815761
v -0.418646 4.705589 1.203400
v -1.244607 4.586779 0.805161
v -1.608577 4.340670 0.782711
v -0.415536 4.862850 0.810130
v 0.000001 4.746499 1.187870
v -0.827697 4.863709 0.405580
v -1.261567 4.684350 0.411461
v -1.650616 4.423900 0.403781
v -1.252307 4.728350 0.004020
v -1.661937 4.459450 0.000001
v -1.972057 4.123169 0.000001
v -1.637777 4.447730 -0.439999
v -1.577497 4.381359 -0.765719
v -1.231327 4.710850 -0.439999
v -1.203367 4.622180 -0.794259
v -0.829337 4.867029 -0.440000
v -0.836857 4.895859 0.000000
v -0.771297 4.616131 -1.222300
v -0.809167 4.773529 -0.829340
v -0.407417 4.991329 0.000000
v -0.402217 4.861989 -0.845100
v -0.000000 4.736809 -1.222110
v -0.473896 2.030620 2.108040
v -0.472746 2.134669 2.103570
v -0.381426 2.028740 2.129620
v -0.255335 1.214540 2.434030
v -0.250944 1.166409 2.414760
v -0.388726 1.209419 2.308073
v -0.252715 1.109900 2.363010
v -0.137754 1.309070 2.496870
v -0.141984 1.209760 2.496570
v -0.250014 1.298369 2.428390
v 0.000002 1.214159 2.519120
v 0.000002 1.171789 2.495700
v -0.334886 0.343960 1.995840
v -0.372786 0.263120 1.912570
v -0.473336 0.374759 2.003750
v -0.689056 0.460879 2.009150
v -0.600156 0.413999 1.999810
v -0.731546 0.403080 1.944640
v -1.659655 2.448329 1.663641
v -1.734705 2.319920 1.598191
v -1.708365 2.527210 1.626721
v -1.851245 2.049189 1.484351
v -1.840055 2.189650 1.498481
v -1.800645 2.058310 1.529641
v -1.914294 2.206668 1.416561
v -1.832204 1.938580 1.502381
v -1.783985 1.968450 1.537911
v -1.903374 1.899079 1.420591
v -1.918345 2.045160 1.407291
v -1.780845 1.782480 1.558751
v -1.733615 1.820188 1.590511
v -1.648864 1.677630 1.685421
v -1.683396 1.626109 1.656101
v -1.574945 1.527019 1.756751
v -1.758265 1.439409 1.556121
v -1.702257 3.479449 -1.619229
v -1.714118 3.384079 -1.633919
v -1.653208 3.427309 -1.708059
v -1.706168 3.526789 -1.588609
v -1.771888 3.313000 -1.582059
v -1.824238 3.292159 -1.519039
v -1.716828 3.580920 -1.546429
v -1.751407 3.609100 -1.484029
v -1.807998 3.623770 -1.401309
v -1.540595 1.598189 1.777691
v -0.529885 1.873098 2.116910
v -0.493566 1.944019 2.113500
v -0.429536 1.841201 2.149610
v -0.129998 1.501649 2.355230
v -0.129998 1.400599 2.409090
v -0.240525 1.483669 2.288840
v -0.187024 1.601420 2.260400
v -0.285636 1.495310 2.259820
v 0.000002 1.412020 2.450780
v -0.065044 1.626160 2.308980
v -0.052610 1.772829 2.239425
v 0.000001 1.630450 2.318360
v -0.393836 4.962449 0.388190
v -0.409617 4.957919 -0.440000
v -0.000000 4.891910 -0.839460
v 0.000000 5.003130 -0.000000
v -0.282995 3.232600 2.298520
v 0.000001 3.215789 2.313830
v -0.293016 3.057269 2.291100
v 0.000001 4.038359 2.072550
v -0.271405 3.717979 2.216630
v -1.730827 0.531553 -0.693329
v -1.749407 0.530983 -0.656049
v -1.683527 0.479320 -0.669249
v -1.738446 0.582049 -0.751399
v -1.443854 1.473789 1.870691
v -1.185906 0.089809 -0.799149
v -0.998097 -0.028911 -0.764840
v -1.080587 0.151659 -1.042900
v -1.354377 0.227430 -0.823150
v -1.255137 0.272499 -1.035990
v -1.377377 0.412739 -1.086329
v -1.497057 0.389849 -0.865859
v -1.524497 0.421080 -0.874079
v -1.584347 0.413679 -0.762449
v -1.242567 0.433729 -1.262450
v -1.500897 0.578520 -1.149059
v -1.521158 0.550199 -1.060779
v -1.554147 0.590180 -1.059009
v -1.611507 0.633047 -1.040429
v -1.685163 0.648279 -0.942480
v -1.785767 0.778389 -0.957319
v -1.739697 0.627239 -0.825689
v -1.500617 0.484238 -0.979980
v -1.631267 0.439019 -0.707999
v 0.000001 4.306230 1.846170
v -0.109999 1.759420 2.223120
v -0.156045 1.745919 2.210550
v -0.893025 3.283099 2.139880
v -0.596415 3.276060 2.240190
v -0.901255 3.114369 2.140300
v -0.604195 3.092520 2.236380
v -0.268386 3.510770 2.274350
v -0.611995 1.758060 2.130150
v -0.535145 1.673179 2.174340
v -0.662265 1.709999 2.132440
v -0.562045 1.820009 2.123830
v -0.129998 1.614969 2.292330
v -0.394636 1.295400 2.291470
v 0.000001 4.898709 0.792380
v 0.000001 4.989920 0.374730
v 0.000001 4.534120 1.557690
v 0.000002 1.507500 2.384680
v 0.000002 1.312160 2.518980
v -2.132737 3.065571 -1.140869
v -2.059127 3.381729 -1.137189
v -1.608737 0.368670 -0.616919
v -1.913276 0.768569 -0.654869
v -1.689828 3.138359 -1.748039
v -0.538535 2.339109 2.121820
v -0.739855 2.554529 2.114720
v -0.863645 2.616159 2.084300
v -1.035895 2.658339 2.028890
v -1.003755 2.713989 2.060120
v -1.227595 2.657709 1.939660
v -1.423985 2.614199 1.837851
v -1.421605 2.697510 1.846081
v -1.558775 2.532869 1.743051
v -1.900896 4.027719 0.746091
v -0.494586 2.237519 2.109100
v -0.415996 2.256060 2.134050
v -0.728135 1.659439 2.127290
v -0.619145 1.622270 2.173430
v -1.269105 1.513379 1.971100
v -1.117515 1.516761 2.045760
v -1.119825 1.469069 2.054800
v -0.630166 0.345679 1.927170
v -0.794776 0.475390 1.975570
v -1.784525 2.174180 1.549361
v 0.000001 1.773960 2.242600
v 0.000001 1.899009 2.194790
v 0.000000 4.983590 -0.443940
v 0.000001 3.033729 2.304380
v 0.000001 3.730900 2.223490
v -1.423665 1.539219 1.871761
v -1.608927 0.785200 -1.228989
v -0.072775 2.001649 2.156930
v 0.000001 1.950123 2.177790
v -0.066475 1.897049 2.190420
v -1.062488 0.417460 -1.394160
v -1.179407 0.813410 -1.658180
v -1.790437 1.241209 -1.347479
v -2.132236 1.227419 -0.656310
v -1.334777 0.057289 -0.278949
v -1.659547 0.336479 -0.323349
v -0.823696 -0.005280 1.303020
v -0.711186 -0.120081 0.980291
v -1.054987 0.009839 1.007500
v -1.040717 0.082359 1.262230
v -1.669986 0.327620 0.247911
v -1.994496 0.727610 0.000001
v -1.937977 0.728370 0.553431
v -1.576906 0.337520 0.789081
v -1.810127 0.776260 1.081051
v -1.507957 0.359909 1.046161
v -2.324496 2.774990 -0.717979
v -2.199136 3.414530 -0.787119
v -1.356365 0.449090 1.477520
v -1.000795 0.155210 1.455460
v -2.090576 1.807980 1.124711
v -2.116025 2.223410 1.129281
v -0.878276 0.289769 1.750170
v -1.157045 0.544359 1.800300
v -0.838525 0.697479 2.098260
v -0.800406 0.583459 2.040340
v -0.620415 0.648459 2.151040
v -0.562745 0.779409 2.220500
v -0.502515 0.655609 2.183740
v -0.488066 1.151979 2.285370
v -0.716335 1.135829 2.235490
v -0.520915 1.252209 2.270770
v -0.000001 3.623690 -2.305410
v -0.208125 0.322729 1.994670
v -1.407565 2.814570 1.860851
v -1.661715 3.139860 1.645971
v -1.332695 3.109089 1.912870
v -0.438676 1.550600 2.220940
v -0.573045 1.502239 2.212550
v -0.423246 1.071150 2.297520
v -0.530307 -0.003910 -1.201940
v 0.642949 3.714470 2.138440
v 0.893419 3.471639 2.114800
v 0.605639 3.489809 2.212420
v 0.344008 1.396730 2.277480
v 0.352818 1.290600 2.315670
v 0.293567 1.390149 2.305680
v 0.737826 3.552310 -2.217270
v 1.043936 3.770030 -1.965920
v 0.708636 3.815400 -2.085570
v 1.384156 3.460059 -1.914741
v 1.589736 3.675829 -1.641331
v 1.342786 3.704770 -1.812590
v 0.352646 4.172670 -1.917180
v 0.367406 3.875380 -2.134790
v 0.693677 4.117569 -1.871360
v 1.021826 4.030730 -1.789310
v 1.325856 3.922240 -1.669690
v 1.518516 3.843719 -1.568961
v 0.366307 4.463970 -1.605950
v 0.720487 4.393720 -1.579120
v 1.072706 4.273030 -1.521080
v 1.386926 4.105980 -1.443622
v 1.778526 3.687769 -1.409321
v 0.384127 4.701020 -1.237150
v 1.148977 4.472650 -1.184170
v 1.628286 3.930329 -1.402072
v 1.486357 4.260748 -1.142171
v 1.753587 4.015409 -1.127791
v 1.942986 3.716779 -1.128911
v 1.856997 4.071579 -0.773791
v 2.079226 3.728990 -0.782551
v 1.926116 3.480740 -1.292591
v 1.885978 3.579568 -1.300871
v 1.869296 3.308150 -1.450921
v 0.640589 2.582899 2.149980
v 0.619509 2.451159 2.121040
v 0.526199 2.470349 2.150540
v 0.938338 3.656949 2.043900
v 1.108418 3.420810 2.018410
v 1.331538 3.446119 1.871090
v 1.285518 3.712390 1.815080
v 1.455338 3.550070 1.744999
v 1.172098 3.563680 1.946840
v 1.019919 3.848289 1.917920
v 0.699888 3.946449 2.007710
v 1.367358 3.874569 1.660949
v 1.097418 4.039459 1.744450
v 0.750788 4.178199 1.813440
v 0.381768 4.268229 1.845790
v 0.347477 4.004179 2.065940
v 1.151608 4.254359 1.490270
v 0.789178 4.401889 1.539820
v 1.541577 4.213880 1.131209
v 1.694918 3.802530 1.368169
v 1.456768 4.053209 1.430619
v 1.205157 4.440589 1.169440
v 0.399498 4.494360 1.565140
v 0.821818 4.604300 1.196440
v 0.418648 4.705589 1.203400
v 0.835758 4.760659 0.815759
v 1.244607 4.586779 0.805159
v 1.608577 4.340670 0.782709
v 0.415538 4.862850 0.810130
v 0.827697 4.863709 0.405580
v 1.261567 4.684350 0.411459
v 1.650616 4.423900 0.403779
v 1.252307 4.728350 0.004019
v 1.661937 4.459450 -0.000001
v 1.972057 4.123169 -0.000001
v 1.637777 4.447730 -0.440001
v 1.577497 4.381359 -0.765721
v 1.231327 4.710850 -0.440001
v 1.203367 4.622180 -0.794261
v 0.836857 4.895859 -0.000001
v 0.829337 4.867029 -0.440000
v 0.809167 4.773529 -0.829341
v 0.771297 4.616131 -1.222300
v 0.407417 4.991329 -0.000000
v 0.402217 4.861989 -0.845100
v 0.381428 2.028740 2.129620
v 0.472748 2.134669 2.103570
v 0.473898 2.030620 2.108040
v 0.388728 1.209419 2.308073
v 0.250948 1.166409 2.414760
v 0.255338 1.214540 2.434030
v 0.252717 1.109900 2.363010
v 0.250018 1.298369 2.428390
v 0.141988 1.209760 2.496570
v 0.137758 1.309070 2.496870
v 0.473338 0.374759 2.003750
v 0.372788 0.263120 1.912570
v 0.334888 0.343960 1.995840
v 0.731548 0.403080 1.944640
v 0.600158 0.413999 1.999810
v 0.689058 0.460879 2.009150
v 1.708369 2.527210 1.626719
v 1.734708 2.319920 1.598189
v 1.659658 2.448329 1.663639
v 1.800648 2.058310 1.529639
v 1.840058 2.189650 1.498479
v 1.851248 2.049189 1.484349
v 1.914298 2.206668 1.416559
v 1.783988 1.968450 1.537909
v 1.832208 1.938580 1.502379
v 1.918348 2.045160 1.407289
v 1.903378 1.899079 1.420589
v 1.733618 1.820188 1.590509
v 1.780848 1.782480 1.558749
v 1.648868 1.677630 1.685419
v 1.758268 1.439409 1.556119
v 1.574948 1.527019 1.756749
v 1.683398 1.626109 1.656099
v 1.653206 3.427309 -1.708062
v 1.714116 3.384079 -1.633921
v 1.702256 3.479449 -1.619232
v 1.706166 3.526789 -1.588612
v 1.771886 3.313000 -1.582061
v 1.824236 3.292159 -1.519041
v 1.751406 3.609100 -1.484032
v 1.716826 3.580920 -1.546431
v 1.807996 3.623770 -1.401311
v 1.540598 1.598189 1.777689
v 0.429538 1.841201 2.149610
v 0.493568 1.944019 2.113500
v 0.529889 1.873098 2.116910
v 0.240528 1.483669 2.288840
v 0.130002 1.400599 2.409090
v 0.130002 1.501649 2.355230
v 0.187027 1.601420 2.260400
v 0.285637 1.495310 2.259820
v 0.052612 1.772829 2.239425
v 0.065048 1.626160 2.308980
v 0.393838 4.962449 0.388190
v 0.409617 4.957919 -0.438960
v 0.293018 3.057269 2.291100
v 0.282997 3.232600 2.298520
v 0.271407 3.717979 2.216630
v 1.683527 0.479320 -0.669251
v 1.749407 0.530983 -0.656051
v 1.730827 0.531553 -0.693331
v 1.738447 0.582049 -0.751401
v 1.443858 1.473789 1.870689
v 1.080587 0.151659 -1.042900
v 0.998097 -0.028911 -0.764841
v 1.185906 0.089809 -0.799151
v 1.255137 0.272499 -1.035990
v 1.354377 0.227430 -0.823151
v 1.497057 0.389849 -0.865861
v 1.377378 0.412739 -1.086331
v 1.584347 0.413679 -0.762451
v 1.524497 0.421080 -0.874081
v 1.500898 0.578520 -1.149061
v 1.242567 0.433729 -1.262450
v 1.521158 0.550199 -1.060781
v 1.611507 0.633047 -1.040431
v 1.554147 0.590180 -1.059011
v 1.785767 0.778389 -0.957321
v 1.685163 0.648279 -0.942481
v 1.739697 0.627239 -0.825691
v 1.500617 0.484238 -0.979981
v 1.631267 0.439019 -0.708001
v 0.156047 1.745919 2.210550
v 0.110001 1.759420 2.223120
v 0.901259 3.114369 2.140300
v 0.596419 3.276060 2.240190
v 0.893029 3.283099 2.139880
v 0.604199 3.092520 2.236380
v 0.268387 3.510770 2.274350
v 0.662268 1.709999 2.132440
v 0.535149 1.673179 2.174340
v 0.611999 1.758060 2.130150
v 0.562049 1.820009 2.123830
v 0.130002 1.614969 2.292330
v 0.394638 1.295400 2.291470
v 1.921906 3.093490 -1.465231
v 2.059127 3.381729 -1.137191
v 1.926387 3.409499 -1.323681
v 1.608737 0.368670 -0.616921
v 1.913276 0.768569 -0.654871
v 1.689826 3.138359 -1.748042
v 1.902856 3.350880 -1.382601
v 0.820349 1.534660 2.149210
v 0.835699 1.597560 2.117810
v 0.957749 1.552240 2.092120
v 0.538539 2.339109 2.121820
v 0.739859 2.554529 2.114720
v 1.003759 2.713989 2.060120
v 1.035899 2.658339 2.028890
v 0.863649 2.616159 2.084300
v 1.421608 2.697510 1.846079
v 1.423988 2.614199 1.837849
v 1.227598 2.657709 1.939660
v 1.558778 2.532869 1.743049
v 1.900896 4.027719 0.746089
v 0.415998 2.256060 2.134050
v 0.494588 2.237519 2.109100
v 0.619149 1.622270 2.173430
v 0.728139 1.659439 2.127290
v 1.119828 1.469069 2.054800
v 1.117518 1.516761 2.045760
v 1.269109 1.513379 1.971100
v 0.630168 0.345679 1.927170
v 0.794778 0.475390 1.975570
v 1.784528 2.174180 1.549359
v 1.423668 1.539219 1.871759
v 1.608927 0.785200 -1.228991
v 0.066477 1.897049 2.190420
v 0.072777 2.001649 2.156930
v 1.179406 0.813410 -1.658180
v 1.062486 0.417460 -1.394160
v 2.132236 1.227419 -0.657771
v 1.790437 1.241209 -1.347482
v 1.334777 0.057289 -0.278951
v 1.659547 0.336479 -0.323351
v 1.054987 0.009839 1.007500
v 0.711188 -0.120081 0.980289
v 0.823698 -0.005280 1.303020
v 1.040717 0.082359 1.262230
v 1.994496 0.727610 -0.000001
v 1.669986 0.327620 0.247909
v 1.937977 0.728370 0.553429
v 1.576906 0.337520 0.789079
v 1.810126 0.776260 1.081049
v 1.507957 0.359909 1.046159
v 2.199136 3.414530 -0.787121
v 2.132737 3.065571 -1.140871
v 1.000799 0.155210 1.455460
v 1.356369 0.449090 1.477520
v 2.090576 1.807980 1.124709
v 2.116026 2.223410 1.129279
v 1.157048 0.544359 1.800300
v 0.878278 0.289769 1.750170
v 0.800408 0.583459 2.040340
v 0.838529 0.697479 2.098260
v 0.562749 0.779409 2.220500
v 0.620419 0.648459 2.151040
v 0.502519 0.655609 2.183740
v 0.520919 1.252209 2.270770
v 0.716339 1.135829 2.235490
v 0.488068 1.151979 2.285370
v 0.208127 0.322729 1.994670
v 1.332698 3.109089 1.912870
v 1.661718 3.139860 1.645969
v 1.407568 2.814570 1.860849
v 0.438678 1.550600 2.220940
v 0.573049 1.502239 2.212550
v 0.423248 1.071150 2.297520
v 0.530307 -0.003910 -1.201940
v -0.580415 0.588670 2.117960
v -0.692667 0.577139 2.083386
v 0.580419 0.588670 2.117960
v 0.690002 0.577139 2.080870
v -0.957745 1.552240 2.092120
v -0.820345 1.534660 2.149210
v -0.835695 1.597560 2.117810
v -1.778555 2.641069 1.561391
v 1.778558 2.641069 1.561389
v 0.000001 0.215829 1.896260
v 0.000001 0.312260 2.000410
v 0.000001 2.131089 2.147510
v 2.345747 2.761059 0.550339
v 2.403486 2.760450 -0.119261
v 2.278656 2.239149 0.496067
v 2.162518 1.220449 -0.025661
v 2.153107 1.222599 0.601979
v 2.237947 1.736974 0.462009
v 2.213788 1.733170 -0.548939
v 2.324496 2.774990 -0.717982
v 2.245360 2.220049 -0.579852
v -2.162517 1.220449 -0.025659
v -2.213787 1.733170 -0.550099
v -2.237947 1.803400 0.462010
v -2.153107 1.222599 0.601981
v -2.403486 2.760450 -0.119259
v -2.345747 2.761059 0.550341
v -2.278656 2.176231 0.478986
v -2.245359 2.220049 -0.580099
v -1.960378 2.814030 -1.488719
v 1.960376 2.814030 -1.488721
v -0.924426 1.621399 1.914660
v -0.807906 1.661639 1.945460
v -0.723856 1.704940 1.961390
v -1.066365 1.594619 1.873130
v -1.203085 1.596350 1.794690
v -1.326465 1.621689 1.706690
v -1.436185 1.676390 1.624791
v -1.542925 1.739429 1.547151
v -1.633185 1.838160 1.486311
v -1.700205 1.961969 1.461621
v -1.729314 2.047630 1.466481
v -0.657906 1.752730 1.962240
v -0.623516 1.782049 1.964730
v -0.577136 1.830790 1.967250
v -0.545226 1.873069 1.968710
v -0.508996 1.937130 1.968220
v -0.479996 2.020740 1.968010
v -0.476076 2.128649 1.981190
v -0.501626 2.236820 1.991680
v -0.560066 2.352820 1.999460
v -0.634236 2.443119 2.007510
v -0.734746 2.527600 2.004190
v -0.845706 2.579840 1.994630
v -1.021005 2.622028 1.942170
v -1.202224 2.625020 1.868440
v -1.516894 2.498240 1.699091
v -1.599885 2.408480 1.623681
v -1.664255 2.298300 1.548501
v -1.714465 2.149660 1.476581
v -1.385005 2.577620 1.780811
v 1.202228 2.625020 1.868440
v 1.021009 2.622028 1.942170
v 1.385008 2.577620 1.780809
v 1.516898 2.498240 1.699089
v 1.599888 2.408480 1.623679
v 1.664258 2.298300 1.548499
v 1.714468 2.149660 1.476579
v 1.729318 2.047630 1.466479
v 1.700208 1.961969 1.461619
v 1.633188 1.838160 1.486309
v 1.542928 1.739429 1.547149
v 1.436188 1.676390 1.624789
v 1.203088 1.596350 1.794690
v 1.326468 1.621689 1.706690
v 1.066369 1.594619 1.873130
v 0.924427 1.621399 1.914660
v 0.807908 1.661639 1.945460
v 0.723858 1.704940 1.961390
v 0.657908 1.752730 1.962240
v 0.623518 1.782049 1.964730
v 0.577138 1.830790 1.967250
v 0.545228 1.873069 1.968710
v 0.508998 1.937130 1.968220
v 0.479998 2.020740 1.968010
v 0.476078 2.128649 1.981190
v 0.501628 2.236820 1.991680
v 0.560068 2.352820 1.999460
v 0.634238 2.443119 2.007510
v 0.734748 2.527600 2.004190
v 0.845708 2.579840 1.994630
v -2.207227 2.033348 -0.666604
v -2.257846 2.411784 -0.568209
v -2.300581 2.636751 -0.390632
v -2.165616 1.617748 -0.570372
v -2.315657 2.760450 -0.128399
v -2.312097 2.703637 0.186124
v -2.123491 1.375154 -0.433446
v -2.130247 1.220449 -0.182004
v -2.135675 1.233824 0.082928
v -2.144785 1.330527 0.288338
v -2.175282 1.548089 0.444278
v -2.292837 2.525080 0.352671
v -2.262821 2.269678 0.493890
v -2.220345 1.853650 0.512440
v 2.257846 2.411784 -0.568211
v 2.207227 2.033348 -0.666606
v 2.300581 2.636751 -0.390634
v 2.165617 1.617748 -0.570374
v 2.315657 2.759723 -0.128401
v 2.312098 2.703637 0.186122
v 2.123491 1.375154 -0.433448
v 2.130248 1.220449 -0.182006
v 2.135676 1.233824 0.082926
v 2.144786 1.330527 0.288336
v 2.166048 1.405304 0.379350
v 2.202431 1.738309 0.495967
v 2.292837 2.525080 0.352669
v 2.262821 2.269678 0.493888
v -0.236215 0.616549 2.193860
v 0.000001 0.621470 2.211905
v 0.001325 0.631702 2.182930
v -0.235776 0.626630 2.168130
v -0.469556 0.599509 2.150050
v -0.466876 0.609699 2.128290
v -0.001323 0.631702 2.182930
v 0.236217 0.616549 2.193860
v 0.235777 0.626630 2.168130
v 0.469558 0.599509 2.150050
v 0.466878 0.609699 2.128290
v -0.214966 0.344589 1.977020
v 0.000001 0.336020 1.985440
v -0.334676 0.366320 1.983200
v -0.461096 0.390420 1.983440
v -0.580566 0.430559 1.985620
v -0.670936 0.471330 1.989920
v -0.580945 0.596409 2.094600
v -0.677915 0.590030 2.058430
v 0.580568 0.430559 1.985620
v 0.670938 0.471330 1.989920
v 0.461098 0.390420 1.983440
v 0.334678 0.366320 1.983200
v 0.214967 0.344589 1.977020
v 0.677919 0.590030 2.058430
v 0.580949 0.596409 2.094600
v -0.457057 -0.132251 -1.012140
v -0.000000 -0.121201 -1.099820
v -0.000000 0.001019 -1.318560
v -0.891147 -0.121341 -0.684560
v -1.183427 -0.026300 -0.251059
v -1.057377 -0.083321 -0.222090
v -1.187097 -0.023731 0.225140
v -1.041987 -0.077790 0.206070
v -1.029347 -0.057570 0.665911
v -0.882267 -0.113111 0.601441
v -0.621626 -0.158270 0.850410
v -0.391146 -0.164671 1.100550
v -0.337086 -0.189581 0.970010
v 0.000001 -0.176141 1.183160
v 0.000001 -0.197311 1.030800
v -0.456476 -0.086671 1.364070
v 0.000001 -0.107120 1.410500
v -0.573767 0.386780 -1.617720
v -0.000000 0.421929 -1.738490
v -0.000001 0.859260 -2.046350
v -0.627807 0.830620 -1.936610
v -0.000001 1.350510 -2.280390
v -0.687248 1.293759 -2.153920
v -0.000001 1.850679 -2.429280
v -0.732248 1.797480 -2.301750
v -0.762548 2.347910 -2.393530
v -0.000001 2.370449 -2.519120
v -0.776648 2.963180 -2.378600
v -0.000001 3.011000 -2.501250
v -1.438328 2.891059 -2.029300
v -1.427158 2.302399 -2.038670
v -1.374758 1.760078 -1.963829
v -1.294518 1.268679 -1.842490
v -1.944007 2.249949 -1.503889
v -1.885288 1.733070 -1.448859
v -1.337427 0.054988 0.234371
v -1.197547 0.028839 0.734861
v -2.003576 1.310680 1.123101
v -2.310377 3.452829 0.000001
v -2.230066 3.374999 0.650931
v -2.088366 2.688259 1.167731
v -1.973696 3.241309 1.252011
v -1.624785 0.868719 1.522811
v -0.462006 -0.028991 1.493890
v 0.000001 -0.058580 1.517100
v -0.812096 0.063860 1.466860
v -0.431796 0.111540 1.726010
v 0.000001 0.065929 1.715610
v -0.731156 0.208859 1.736540
v -1.387654 0.929720 1.837471
v -1.457945 1.331420 1.857571
v -2.200847 3.750719 0.000001
v -2.105986 3.698279 0.700061
v -1.864786 3.521719 1.308931
v -1.573515 3.354709 1.693941
v -1.067035 1.025229 2.092420
v -1.113185 1.356039 2.073440
v -0.787565 1.420939 2.182510
v -1.283704 3.258119 1.935380
v -0.619285 2.764459 2.188600
v -0.264876 2.765820 2.246260
v -0.940435 2.824109 2.100190
v 0.000001 2.762980 2.257170
v 0.000001 2.522699 2.205060
v -0.184585 2.505800 2.196500
v -0.130605 2.274410 2.158230
v 0.000001 2.267390 2.158960
v -0.277065 2.263450 2.148450
v -0.378016 2.497829 2.177720
v -0.243746 2.024149 2.141270
v -0.301866 1.792430 2.172330
v -0.274106 0.776690 2.267320
v -0.251616 0.662540 2.225550
v 0.000001 0.761129 2.275640
v 0.000001 0.661119 2.236360
v 0.000001 0.980339 2.322830
v -0.274296 1.017359 2.314950
v 0.000002 1.106540 2.402950
v 0.457057 -0.132251 -1.012140
v 0.891147 -0.121341 -0.684561
v 1.057377 -0.083321 -0.222091
v 1.183427 -0.026300 -0.251061
v 1.041987 -0.077790 0.206069
v 1.187097 -0.023731 0.225139
v 0.882267 -0.113111 0.601439
v 1.029347 -0.057570 0.665909
v 0.621628 -0.158270 0.850410
v 0.391148 -0.164671 1.100550
v 0.337088 -0.189581 0.970010
v 0.456478 -0.086671 1.364070
v 0.573767 0.386780 -1.617720
v 0.627807 0.830620 -1.936610
v 0.687246 1.293759 -2.153920
v 0.732246 1.797480 -2.301750
v 0.762546 2.347910 -2.393530
v 0.776646 2.963180 -2.378600
v 1.438326 2.891059 -2.029300
v 1.427156 2.302399 -2.038670
v 1.374756 1.760078 -1.963831
v 1.294516 1.268679 -1.842490
v 1.944006 2.249949 -1.503891
v 1.885286 1.733070 -1.448861
v 1.337427 0.054988 0.234369
v 1.197547 0.028839 0.734859
v 2.003576 1.310680 1.123099
v 2.310377 3.452829 -0.000001
v 2.230066 3.374999 0.650929
v 2.088367 2.688259 1.167729
v 1.973696 3.241309 1.252009
v 1.624788 0.868719 1.522809
v 0.462008 -0.028991 1.493890
v 0.812098 0.063860 1.466860
v 0.431798 0.111540 1.726010
v 0.731158 0.208859 1.736540
v 1.387658 0.929720 1.837469
v 1.457948 1.331420 1.857569
v 2.200847 3.750719 -0.000001
v 2.105987 3.698279 0.700059
v 1.864787 3.521719 1.308929
v 1.573518 3.354709 1.693939
v 1.067039 1.025229 2.092420
v 1.113188 1.356039 2.073440
v 0.787569 1.420939 2.182510
v 1.283708 3.258119 1.935380
v 0.619289 2.764459 2.188600
v 0.264877 2.765820 2.246260
v 0.940438 2.824109 2.100190
v 0.184587 2.505800 2.196500
v 0.130607 2.274410 2.158230
v 0.378018 2.497829 2.177720
v 0.277067 2.263450 2.148450
v 0.243747 2.024149 2.141270
v 0.301867 1.792430 2.172330
v 0.251617 0.662540 2.225550
v 0.274108 0.776690 2.267320
v 0.274297 1.017359 2.314950
v -1.700000 1.350450 0.000001
v -1.700000 3.147776 0.000001
v 1.700000 1.350450 -0.000001
v 1.700000 3.147776 -0.000001
v 1.753002 1.704606 1.491613
v 1.787002 2.639566 1.488386
v -1.769998 1.704606 1.491615
v -1.769998 2.639566 1.488388
v 0.000001 1.350450 2.011146
v 0.000000 1.350450 -0.000000
v 0.000001 3.150450 2.121102
v 0.000000 3.150450 -0.000000
v 0.700002 3.150450 2.120000
v -0.699998 3.150450 2.120000
v 0.486596 1.350450 2.228235
v -0.486594 1.350450 2.228235
v 0.790001 0.732044 1.141889
v 0.790001 0.263120 1.078889
v -0.794776 0.732044 1.141889
v -0.789999 0.263120 1.078889
v -0.659999 0.404383 1.932578
v -0.794776 0.575933 2.030608
v 0.660001 0.404383 1.932578
v 0.794778 0.575933 2.030608
v 0.371451 0.264391 1.905944
v -0.369999 0.261783 1.896034
v 0.370001 0.680450 2.172493
v -0.369999 0.680450 2.168069
v 0.074627 1.314066 0.041505
v -0.351950 -0.942821 0.000000
v -0.271930 -0.942821 0.219850
v -0.009930 -1.003130 -0.000000
v -0.069319 -0.942821 0.336820
v 0.161081 -0.942821 0.296200
v 0.311460 -0.942821 0.116980
v 0.311460 -0.942821 -0.116980
v 0.161080 -0.942821 -0.296200
v -0.069320 -0.942821 -0.336820
v -0.271930 -0.942821 -0.219850
v -0.764340 0.170520 0.633021
v -0.994740 0.170520 0.000000
v -0.180939 0.170520 0.969850
v 0.482471 0.170520 0.852870
v 0.915490 0.170520 0.336820
v 0.915490 0.170520 -0.336820
v 0.482470 0.170520 -0.852870
v -0.180940 0.170520 -0.969850
v -0.764340 0.170520 -0.633019
v -0.764340 -0.176770 0.633021
v -0.994740 -0.176770 0.000000
v -0.180939 -0.176770 0.969850
v 0.482471 -0.176770 0.852870
v 0.915490 -0.176770 0.336820
v 0.915490 -0.176770 -0.336820
v 0.482470 -0.176770 -0.852870
v -0.180940 -0.176770 -0.969850
v -0.764340 -0.176770 -0.633019
v -0.673350 -0.503120 0.556670
v -0.875960 -0.503120 0.000000
v -0.160309 -0.503120 0.852870
v 0.423081 -0.503120 0.750000
v 0.803870 -0.503120 0.296200
v 0.803870 -0.503120 -0.296200
v 0.423080 -0.503120 -0.750000
v -0.160310 -0.503120 -0.852870
v -0.673350 -0.503120 -0.556670
v -0.502340 -0.769171 0.413180
v -0.652720 -0.769171 0.000000
v -0.121549 -0.769171 0.633020
v 0.311461 -0.769171 0.556670
v 0.594090 -0.769171 0.219850
v 0.594090 -0.769171 -0.219850
v 0.311460 -0.769171 -0.556670
v -0.121550 -0.769171 -0.633020
v -0.502340 -0.769171 -0.413180
v 0.669300 0.017590 -0.093815
v 0.664680 -0.147380 -0.036875
v 0.664880 -0.111040 0.055925
v 0.668860 -0.044070 0.134535
v 0.668250 0.021540 0.181825
v 0.639230 0.018310 -0.093605
v 0.641020 -0.152040 -0.291835
v 0.639400 0.067001 -0.230935
v 0.636860 -0.139940 -0.130615
v 0.641170 -0.091830 0.046305
v 0.645010 -0.030100 0.118505
v 0.636960 0.036989 0.158855
v -0.670690 0.126050 -0.302694
v -0.669470 0.066610 -0.230454
v -0.660730 -0.171431 -0.309714
v -0.670060 0.126050 -0.339834
v 0.660730 -0.171431 -0.309705
v 0.669480 0.066610 -0.230455
v 0.670690 0.126370 -0.302695
v 0.670060 0.130810 -0.339835
v -0.664680 -0.147380 -0.036874
v -0.669300 0.017590 -0.093814
v -0.664880 -0.111040 0.055916
v -0.668860 -0.044070 0.134536
v -0.668250 0.021530 0.181816
v -0.639400 0.067001 -0.230934
v -0.641020 -0.152040 -0.291844
v -0.636860 -0.139950 -0.130614
v -0.639230 0.018310 -0.093604
v -0.641170 -0.091841 0.046296
v -0.645010 -0.030100 0.118506
v -0.639010 0.036989 0.158856
v -0.470610 -0.228610 -0.311564
v 0.470620 -0.228610 -0.311565
v -0.459720 -0.148211 0.071266
v 0.459720 -0.148211 0.071265
v 0.000000 -0.264160 -0.282255
v 0.000000 0.128990 -0.305395
v 0.466100 -0.202010 -0.289585
v 0.642610 0.126050 -0.303015
v -0.466100 -0.202010 -0.289584
v -0.649870 0.126050 -0.302694
v 0.000000 -0.172790 0.107925
v 0.000021 0.075260 0.276485
v -0.346540 0.065835 0.241996
v 0.346535 0.065835 0.242000
v 0.000001 -0.070650 0.233746
v 0.000001 0.061800 0.308686
v 0.349986 0.050070 0.272825
v 0.344640 -0.066055 0.206780
v 0.000000 -0.198250 0.131795
v 0.465450 -0.177330 0.089335
v 0.466720 -0.206341 0.002635
v -0.349984 0.050070 0.272821
v -0.344640 -0.066055 0.206781
v -0.466720 -0.206341 0.002626
v -0.465450 -0.177330 0.089336
v 0.000000 0.126930 -0.340245
v 0.000000 -0.290811 -0.304785
v 0.000000 -0.255160 0.056445
v 0.000001 0.234210 0.721865
v 0.000001 -0.000000 0.758965
v -0.072369 0.222750 0.721865
v -0.137659 0.189479 0.721865
v -0.189479 0.137660 0.721865
v -0.222749 0.072370 0.721865
v -0.234209 -0.000000 0.721865
v -0.222749 -0.072381 0.721865
v -0.189479 -0.137671 0.721865
v -0.137659 -0.189490 0.721865
v -0.072369 -0.222749 0.721865
v 0.000001 -0.234221 0.721865
v 0.072381 -0.222749 0.721865
v 0.137671 -0.189490 0.721865
v 0.189491 -0.137671 0.721865
v 0.222751 -0.072381 0.721865
v 0.234221 -0.000000 0.721865
v 0.222751 0.072370 0.721865
v 0.189491 0.137660 0.721865
v 0.137671 0.189479 0.721865
v 0.072381 0.222750 0.721865
v -0.423689 0.137660 0.614215
v -0.327249 0.106330 0.676355
v -0.344089 -0.000000 0.676355
v -0.445499 -0.000000 0.614215
v -0.360419 0.261860 0.614215
v -0.278369 0.202250 0.676355
v -0.261859 0.360410 0.614215
v -0.202249 0.278380 0.676355
v -0.137659 0.423690 0.614215
v -0.106329 0.327249 0.676355
v 0.000001 0.445500 0.614215
v 0.000001 0.344090 0.676355
v 0.137671 0.423690 0.614215
v 0.106331 0.327249 0.676355
v 0.261861 0.360410 0.614215
v 0.202261 0.278380 0.676355
v 0.360421 0.261860 0.614215
v 0.278381 0.202250 0.676355
v 0.423701 0.137660 0.614215
v 0.327251 0.106330 0.676355
v 0.445501 -0.000000 0.614215
v 0.344101 -0.000000 0.676355
v 0.423701 -0.137671 0.614215
v 0.327251 -0.106330 0.676355
v 0.360421 -0.261860 0.614215
v 0.278381 -0.202260 0.676355
v 0.261861 -0.360420 0.614215
v 0.202261 -0.278380 0.676355
v 0.137671 -0.423699 0.614215
v 0.106331 -0.327250 0.676355
v 0.000001 -0.445499 0.614215
v 0.000001 -0.344100 0.676355
v -0.137659 -0.423699 0.614215
v -0.106329 -0.327250 0.676355
v -0.261859 -0.360420 0.614215
v -0.202249 -0.278380 0.676355
v -0.360419 -0.261860 0.614215
v -0.278369 -0.202260 0.676355
v -0.423689 -0.137671 0.614215
v -0.327249 -0.106330 0.676355
v 0.000000 -0.757787 0.000690
v 0.000000 -0.720840 0.235245
v 0.222751 -0.685560 0.235245
v 0.234174 -0.720702 0.000690
v 0.423700 -0.583170 0.235245
v 0.583170 -0.423699 0.235245
v 0.613064 -0.445415 0.000690
v 0.445416 -0.613064 0.000690
v 0.685560 -0.222749 0.235245
v 0.720702 -0.234174 0.000690
v 0.720840 -0.000000 0.235245
v 0.757787 -0.000000 0.000690
v 0.685560 0.222750 0.235245
v 0.720702 0.234167 0.000690
v 0.583170 0.423690 0.235245
v 0.613064 0.445416 0.000690
v 0.423700 0.583160 0.235245
v 0.445416 0.613064 0.000690
v 0.222751 0.685550 0.235245
v 0.234174 0.720695 0.000690
v 0.000000 0.720830 0.235245
v 0.000000 0.757787 0.000690
v -0.222749 0.685550 0.235245
v -0.234167 0.720695 0.000690
v -0.423690 0.583160 0.235245
v -0.445415 0.613064 0.000690
v -0.613063 0.445416 0.000690
v -0.583170 0.423690 0.235245
v -0.720695 0.234167 0.000690
v -0.685550 0.222750 0.235245
v -0.720830 -0.000000 0.235245
v -0.757786 -0.000000 0.000690
v -0.685550 -0.222749 0.235245
v -0.720695 -0.234174 0.000690
v -0.583170 -0.423699 0.235245
v -0.613063 -0.445415 0.000690
v -0.445415 -0.613064 0.000690
v -0.423690 -0.583170 0.235245
v -0.234167 -0.720702 0.000690
v -0.222749 -0.685560 0.235245
v -0.496069 0.360410 0.446535
v -0.583170 0.189479 0.446535
v -0.360419 0.496070 0.446535
v -0.189479 0.583160 0.446535
v 0.000001 0.613180 0.446535
v 0.189490 0.583160 0.446535
v 0.360421 0.496070 0.446535
v 0.496071 0.360410 0.446535
v 0.583170 0.189479 0.446535
v 0.613180 -0.000000 0.446535
v 0.583170 -0.189490 0.446535
v 0.496071 -0.360420 0.446535
v 0.360421 -0.496080 0.446535
v 0.189490 -0.583170 0.446535
v 0.000001 -0.613181 0.446535
v -0.189479 -0.583170 0.446535
v -0.360419 -0.496080 0.446535
v -0.496069 -0.360420 0.446535
v -0.583170 -0.189490 0.446535
v -0.613180 -0.000000 0.446535
v 0.000001 0.234210 0.721865
v 0.000001 -0.000000 0.758965
v -0.072369 0.222750 0.721865
v -0.137659 0.189479 0.721865
v -0.189479 0.137660 0.721865
v -0.222749 0.072370 0.721865
v -0.234209 -0.000000 0.721865
v -0.222749 -0.072381 0.721865
v -0.189479 -0.137671 0.721865
v -0.137659 -0.189490 0.721865
v -0.072369 -0.222749 0.721865
v 0.000001 -0.234221 0.721865
v 0.072381 -0.222749 0.721865
v 0.137671 -0.189490 0.721865
v 0.189491 -0.137671 0.721865
v 0.222751 -0.072381 0.721865
v 0.234221 -0.000000 0.721865
v 0.222751 0.072370 0.721865
v 0.189491 0.137660 0.721865
v 0.137671 0.189479 0.721865
v 0.072381 0.222750 0.721865
v -0.423689 0.137660 0.614215
v -0.327249 0.106330 0.676355
v -0.344089 -0.000000 0.676355
v -0.445499 -0.000000 0.614215
v -0.360419 0.261860 0.614215
v -0.278369 0.202250 0.676355
v -0.261859 0.360410 0.614215
v -0.202249 0.278380 0.676355
v -0.137659 0.423690 0.614215
v -0.106329 0.327249 0.676355
v 0.000001 0.445500 0.614215
v 0.000001 0.344090 0.676355
v 0.137671 0.423690 0.614215
v 0.106331 0.327249 0.676355
v 0.261861 0.360410 0.614215
v 0.202261 0.278380 0.676355
v 0.360421 0.261860 0.614215
v 0.278381 0.202250 0.676355
v 0.423701 0.137660 0.614215
v 0.327251 0.106330 0.676355
v 0.445501 -0.000000 0.614215
v 0.344101 -0.000000 0.676355
v 0.423701 -0.137671 0.614215
v 0.327251 -0.106330 0.676355
v 0.360421 -0.261860 0.614215
v 0.278381 -0.202260 0.676355
v 0.261861 -0.360420 0.614215
v 0.202261 -0.278380 0.676355
v 0.137671 -0.423699 0.614215
v 0.106331 -0.327250 0.676355
v 0.000001 -0.445499 0.614215
v 0.000001 -0.344100 0.676355
v -0.137659 -0.423699 0.614215
v -0.106329 -0.327250 0.676355
v -0.261859 -0.360420 0.614215
v -0.202249 -0.278380 0.676355
v -0.360419 -0.261860 0.614215
v -0.278369 -0.202260 0.676355
v -0.423689 -0.137671 0.614215
v -0.327249 -0.106330 0.676355
v 0.000000 -0.720840 0.235245
v 0.222751 -0.685560 0.235245
v 0.423700 -0.583170 0.235245
v 0.583170 -0.423699 0.235245
v 0.685560 -0.222749 0.235245
v 0.720840 -0.000000 0.235245
v 0.685560 0.222750 0.235245
v 0.583170 0.423690 0.235245
v 0.423700 0.583160 0.235245
v 0.222751 0.685550 0.235245
v 0.000000 0.720830 0.235245
v -0.222749 0.685550 0.235245
v -0.423690 0.583160 0.235245
v -0.583170 0.423690 0.235245
v -0.685550 0.222750 0.235245
v -0.720830 -0.000000 0.235245
v -0.685550 -0.222749 0.235245
v -0.583170 -0.423699 0.235245
v -0.423690 -0.583170 0.235245
v -0.222749 -0.685560 0.235245
v -0.496069 0.360410 0.446535
v -0.583170 0.189479 0.446535
v -0.360419 0.496070 0.446535
v -0.189479 0.583160 0.446535
v 0.000001 0.613180 0.446535
v 0.189490 0.583160 0.446535
v 0.360421 0.496070 0.446535
v 0.496071 0.360410 0.446535
v 0.583170 0.189479 0.446535
v 0.613180 -0.000000 0.446535
v 0.583170 -0.189490 0.446535
v 0.496071 -0.360420 0.446535
v 0.360421 -0.496080 0.446535
v 0.189490 -0.583170 0.446535
v 0.000001 -0.613181 0.446535
v -0.189479 -0.583170 0.446535
v -0.360419 -0.496080 0.446535
v -0.496069 -0.360420 0.446535
v -0.583170 -0.189490 0.446535
v -0.613180 -0.000000 0.446535
v -0.113456 -0.716330 -0.174544
v 0.329261 -0.646211 -0.174544
v 0.646211 -0.329261 -0.174544
v 0.716330 0.113456 -0.174544
v 0.512836 0.512836 -0.174544
v 0.113456 0.716330 -0.174544
v -0.329261 0.646211 -0.174544
v -0.646211 0.329261 -0.174544
v -0.716330 -0.113456 -0.174544
v -0.512836 -0.512836 -0.174544
v -0.099486 -0.628127 -0.390666
v 0.288718 -0.566641 -0.390666
v 0.566641 -0.288718 -0.390666
v 0.628127 0.099486 -0.390666
v 0.449689 0.449689 -0.390666
v 0.099486 0.628127 -0.390666
v -0.288718 0.566641 -0.390666
v -0.566641 0.288718 -0.390666
v -0.628127 -0.099486 -0.390666
v -0.449689 -0.449689 -0.390666
v -0.075777 -0.478438 -0.568546
v 0.219914 -0.431605 -0.568546
v 0.431606 -0.219914 -0.568546
v 0.478438 0.075777 -0.568546
v 0.342524 0.342524 -0.568546
v 0.075777 0.478438 -0.568546
v -0.219914 0.431606 -0.568546
v -0.431606 0.219914 -0.568546
v -0.478438 -0.075777 -0.568546
v -0.342524 -0.342524 -0.568546
v -0.044651 -0.281917 -0.690774
v 0.129583 -0.254321 -0.690774
v 0.254321 -0.129583 -0.690774
v 0.281917 0.044651 -0.690774
v 0.201830 0.201830 -0.690774
v 0.044651 0.281917 -0.690774
v -0.129583 0.254321 -0.690774
v -0.254321 0.129583 -0.690774
v -0.281917 -0.044651 -0.690774
v -0.201830 -0.201830 -0.690774
v -0.050535 -0.099180 -0.740766
v 0.078709 -0.078709 -0.740766
v 0.099180 0.050535 -0.740766
v -0.017413 0.109941 -0.740766
v -0.109941 0.017413 -0.740766
v 0.000000 0.000000 -0.750000
v 0.000001 0.234210 0.721865
v 0.000001 -0.000000 0.758965
v -0.072369 0.222750 0.721865
v -0.137659 0.189479 0.721865
v -0.189479 0.137660 0.721865
v -0.222749 0.072370 0.721865
v -0.234209 -0.000000 0.721865
v -0.222749 -0.072381 0.721865
v -0.189479 -0.137671 0.721865
v -0.137659 -0.189490 0.721865
v -0.072369 -0.222749 0.721865
v 0.000001 -0.234221 0.721865
v 0.072381 -0.222749 0.721865
v 0.137671 -0.189490 0.721865
v 0.189491 -0.137671 0.721865
v 0.222751 -0.072381 0.721865
v 0.234221 -0.000000 0.721865
v 0.222751 0.072370 0.721865
v 0.189491 0.137660 0.721865
v 0.137671 0.189479 0.721865
v 0.072381 0.222750 0.721865
v -0.423689 0.137660 0.614215
v -0.327249 0.106330 0.676355
v -0.344089 -0.000000 0.676355
v -0.445499 -0.000000 0.614215
v -0.360419 0.261860 0.614215
v -0.278369 0.202250 0.676355
v -0.261859 0.360410 0.614215
v -0.202249 0.278380 0.676355
v -0.137659 0.423690 0.614215
v -0.106329 0.327249 0.676355
v 0.000001 0.445500 0.614215
v 0.000001 0.344090 0.676355
v 0.137671 0.423690 0.614215
v 0.106331 0.327249 0.676355
v 0.261861 0.360410 0.614215
v 0.202261 0.278380 0.676355
v 0.360421 0.261860 0.614215
v 0.278381 0.202250 0.676355
v 0.423701 0.137660 0.614215
v 0.327251 0.106330 0.676355
v 0.445501 -0.000000 0.614215
v 0.344101 -0.000000 0.676355
v 0.423701 -0.137671 0.614215
v 0.327251 -0.106330 0.676355
v 0.360421 -0.261860 0.614215
v 0.278381 -0.202260 0.676355
v 0.261861 -0.360420 0.614215
v 0.202261 -0.278380 0.676355
v 0.137671 -0.423699 0.614215
v 0.106331 -0.327250 0.676355
v 0.000001 -0.445499 0.614215
v 0.000001 -0.344100 0.676355
v -0.137659 -0.423699 0.614215
v -0.106329 -0.327250 0.676355
v -0.261859 -0.360420 0.614215
v -0.202249 -0.278380 0.676355
v -0.360419 -0.261860 0.614215
v -0.278369 -0.202260 0.676355
v -0.423689 -0.137671 0.614215
v -0.327249 -0.106330 0.676355
v 0.000000 -0.757787 0.000690
v 0.000000 -0.720840 0.235245
v 0.222751 -0.685560 0.235245
v 0.234174 -0.720702 0.000690
v 0.423700 -0.583170 0.235245
v 0.583170 -0.423699 0.235245
v 0.613064 -0.445415 0.000690
v 0.445416 -0.613064 0.000690
v 0.685560 -0.222749 0.235245
v 0.720702 -0.234174 0.000690
v 0.720840 -0.000000 0.235245
v 0.757787 -0.000000 0.000690
v 0.685560 0.222750 0.235245
v 0.720702 0.234167 0.000690
v 0.583170 0.423690 0.235245
v 0.613064 0.445416 0.000690
v 0.423700 0.583160 0.235245
v 0.445416 0.613064 0.000690
v 0.222751 0.685550 0.235245
v 0.234174 0.720695 0.000690
v 0.000000 0.720830 0.235245
v 0.000000 0.757787 0.000690
v -0.222749 0.685550 0.235245
v -0.234167 0.720695 0.000690
v -0.423690 0.583160 0.235245
v -0.445415 0.613064 0.000690
v -0.613063 0.445416 0.000690
v -0.583170 0.423690 0.235245
v -0.720695 0.234167 0.000690
v -0.685550 0.222750 0.235245
v -0.720830 -0.000000 0.235245
v -0.757786 -0.000000 0.000690
v -0.685550 -0.222749 0.235245
v -0.720695 -0.234174 0.000690
v -0.583170 -0.423699 0.235245
v -0.613063 -0.445415 0.000690
v -0.445415 -0.613064 0.000690
v -0.423690 -0.583170 0.235245
v -0.234167 -0.720702 0.000690
v -0.222749 -0.685560 0.235245
v -0.496069 0.360410 0.446535
v -0.583170 0.189479 0.446535
v -0.360419 0.496070 0.446535
v -0.189479 0.583160 0.446535
v 0.000001 0.613180 0.446535
v 0.189490 0.583160 0.446535
v 0.360421 0.496070 0.446535
v 0.496071 0.360410 0.446535
v 0.583170 0.189479 0.446535
v 0.613180 -0.000000 0.446535
v 0.583170 -0.189490 0.446535
v 0.496071 -0.360420 0.446535
v 0.360421 -0.496080 0.446535
v 0.189490 -0.583170 0.446535
v 0.000001 -0.613181 0.446535
v -0.189479 -0.583170 0.446535
v -0.360419 -0.496080 0.446535
v -0.496069 -0.360420 0.446535
v -0.583170 -0.189490 0.446535
v -0.613180 -0.000000 0.446535
v 0.000001 0.234210 0.721865
v 0.000001 -0.000000 0.758965
v -0.072369 0.222750 0.721865
v -0.137659 0.189479 0.721865
v -0.189479 0.137660 0.721865
v -0.222749 0.072370 0.721865
v -0.234209 -0.000000 0.721865
v -0.222749 -0.072381 0.721865
v -0.189479 -0.137671 0.721865
v -0.137659 -0.189490 0.721865
v -0.072369 -0.222749 0.721865
v 0.000001 -0.234221 0.721865
v 0.072381 -0.222749 0.721865
v 0.137671 -0.189490 0.721865
v 0.189491 -0.137671 0.721865
v 0.222751 -0.072381 0.721865
v 0.234221 -0.000000 0.721865
v 0.222751 0.072370 0.721865
v 0.189491 0.137660 0.721865
v 0.137671 0.189479 0.721865
v 0.072381 0.222750 0.721865
v -0.423689 0.137660 0.614215
v -0.327249 0.106330 0.676355
v -0.344089 -0.000000 0.676355
v -0.445499 -0.000000 0.614215
v -0.360419 0.261860 0.614215
v -0.278369 0.202250 0.676355
v -0.261859 0.360410 0.614215
v -0.202249 0.278380 0.676355
v -0.137659 0.423690 0.614215
v -0.106329 0.327249 0.676355
v 0.000001 0.445500 0.614215
v 0.000001 0.344090 0.676355
v 0.137671 0.423690 0.614215
v 0.106331 0.327249 0.676355
v 0.261861 0.360410 0.614215
v 0.202261 0.278380 0.676355
v 0.360421 0.261860 0.614215
v 0.278381 0.202250 0.676355
v 0.423701 0.137660 0.614215
v 0.327251 0.106330 0.676355
v 0.445501 -0.000000 0.614215
v 0.344101 -0.000000 0.676355
v 0.423701 -0.137671 0.614215
v 0.327251 -0.106330 0.676355
v 0.360421 -0.261860 0.614215
v 0.278381 -0.202260 0.676355
v 0.261861 -0.360420 0.614215
v 0.202261 -0.278380 0.676355
v 0.137671 -0.423699 0.614215
v 0.106331 -0.327250 0.676355
v 0.000001 -0.445499 0.614215
v 0.000001 -0.344100 0.676355
v -0.137659 -0.423699 0.614215
v -0.106329 -0.327250 0.676355
v -0.261859 -0.360420 0.614215
v -0.202249 -0.278380 0.676355
v -0.360419 -0.261860 0.614215
v -0.278369 -0.202260 0.676355
v -0.423689 -0.137671 0.614215
v -0.327249 -0.106330 0.676355
v 0.000000 -0.720840 0.235245
v 0.222751 -0.685560 0.235245
v 0.423700 -0.583170 0.235245
v 0.583170 -0.423699 0.235245
v 0.685560 -0.222749 0.235245
v 0.720840 -0.000000 0.235245
v 0.685560 0.222750 0.235245
v 0.583170 0.423690 0.235245
v 0.423700 0.583160 0.235245
v 0.222751 0.685550 0.235245
v 0.000000 0.720830 0.235245
v -0.222749 0.685550 0.235245
v -0.423690 0.583160 0.235245
v -0.583170 0.423690 0.235245
v -0.685550 0.222750 0.235245
v -0.720830 -0.000000 0.235245
v -0.685550 -0.222749 0.235245
v -0.583170 -0.423699 0.235245
v -0.423690 -0.583170 0.235245
v -0.222749 -0.685560 0.235245
v -0.496069 0.360410 0.446535
v -0.583170 0.189479 0.446535
v -0.360419 0.496070 0.446535
v -0.189479 0.583160 0.446535
v 0.000001 0.613180 0.446535
v 0.189490 0.583160 0.446535
v 0.360421 0.496070 0.446535
v 0.496071 0.360410 0.446535
v 0.583170 0.189479 0.446535
v 0.613180 -0.000000 0.446535
v 0.583170 -0.189490 0.446535
v 0.496071 -0.360420 0.446535
v 0.360421 -0.496080 0.446535
v 0.189490 -0.583170 0.446535
v 0.000001 -0.613181 0.446535
v -0.189479 -0.583170 0.446535
v -0.360419 -0.496080 0.446535
v -0.496069 -0.360420 0.446535
v -0.583170 -0.189490 0.446535
v -0.613180 -0.000000 0.446535
v -0.113456 -0.716330 -0.174544
v 0.329261 -0.646211 -0.174544
v 0.646211 -0.329261 -0.174544
v 0.716330 0.113456 -0.174544
v 0.512836 0.512836 -0.174544
v 0.113456 0.716330 -0.174544
v -0.329261 0.646211 -0.174544
v -0.646211 0.329261 -0.174544
v -0.716330 -0.113456 -0.174544
v -0.512836 -0.512836 -0.174544
v -0.099486 -0.628127 -0.390666
v 0.288718 -0.566641 -0.390666
v 0.566641 -0.288718 -0.390666
v 0.628127 0.099486 -0.390666
v 0.449689 0.449689 -0.390666
v 0.099486 0.628127 -0.390666
v -0.288718 0.566641 -0.390666
v -0.566641 0.288718 -0.390666
v -0.628127 -0.099486 -0.390666
v -0.449689 -0.449689 -0.390666
v -0.075777 -0.478438 -0.568546
v 0.219914 -0.431605 -0.568546
v 0.431606 -0.219914 -0.568546
v 0.478438 0.075777 -0.568546
v 0.342524 0.342524 -0.568546
v 0.075777 0.478438 -0.568546
v -0.219914 0.431606 -0.568546
v -0.431606 0.219914 -0.568546
v -0.478438 -0.075777 -0.568546
v -0.342524 -0.342524 -0.568546
v -0.044651 -0.281917 -0.690774
v 0.129583 -0.254321 -0.690774
v 0.254321 -0.129583 -0.690774
v 0.281917 0.044651 -0.690774
v 0.201830 0.201830 -0.690774
v 0.044651 0.281917 -0.690774
v -0.129583 0.254321 -0.690774
v -0.254321 0.129583 -0.690774
v -0.281917 -0.044651 -0.690774
v -0.201830 -0.201830 -0.690774
v -0.050535 -0.099180 -0.740766
v 0.078709 -0.078709 -0.740766
v 0.099180 0.050535 -0.740766
v -0.017413 0.109941 -0.740766
v -0.109941 0.017413 -0.740766
v 0.000000 0.000000 -0.750000
v -0.343610 0.600744 -0.396205
v -0.361300 0.521805 -0.475145
v -0.233890 0.609334 -0.455205
v -0.444880 0.577875 -0.326795
v -0.562730 0.418315 -0.371665
v -0.535190 0.541274 -0.248695
v -0.612320 0.491855 -0.163835
v -0.709080 0.275874 -0.229225
v -0.674380 0.430815 -0.074285
v -0.786030 0.108435 -0.061775
v -0.719830 0.359685 0.017745
v -0.747560 0.280185 0.109975
v -0.756870 0.194295 0.200145
v -0.786030 -0.067626 0.114285
v -0.747560 0.104124 0.286035
v 0.343620 0.600744 -0.396205
v 0.233890 0.609334 -0.455205
v 0.361300 0.521805 -0.475145
v 0.444880 0.577875 -0.326795
v 0.562740 0.418315 -0.371665
v 0.535200 0.541274 -0.248695
v 0.612330 0.491855 -0.163835
v 0.709090 0.275874 -0.229225
v 0.674380 0.430815 -0.074285
v 0.786030 0.108435 -0.061775
v 0.719840 0.359685 0.017745
v 0.747560 0.280185 0.109975
v 0.756880 0.194295 0.200145
v 0.786030 -0.067626 0.114284
v 0.747560 0.104124 0.286035
v 0.000000 0.583135 -0.536485
v -0.038470 0.492483 -0.613275
v 0.038470 0.492483 -0.613275
v -0.100720 0.524464 -0.581295
v 0.100720 0.524464 -0.581295
v 0.242901 0.460975 0.642885
v -0.242889 0.460975 0.642885
v 0.000001 0.488174 0.670095
v 0.144550 0.696275 -0.368255
v 0.000000 0.729495 -0.335045
v -0.144550 0.696275 -0.368255
v 0.111650 0.764775 -0.232175
v 0.000000 0.777274 -0.219675
v -0.111640 0.764775 -0.232175
v -0.212360 0.728486 -0.268465
v -0.292290 0.671965 -0.324985
v 0.292300 0.671965 -0.324985
v 0.212370 0.728486 -0.268465
v -0.292290 0.371635 -0.625315
v 0.292300 0.371635 -0.625315
v -0.378440 0.670085 -0.234585
v -0.274950 0.743264 -0.161415
v -0.144550 0.790245 -0.114435
v 0.000000 0.806435 -0.098245
v 0.144550 0.790245 -0.114435
v 0.274950 0.743264 -0.161415
v 0.378440 0.670085 -0.234585
v -0.455260 0.652204 -0.137775
v -0.330770 0.740234 -0.049745
v -0.173890 0.796755 0.006775
v 0.000000 0.816235 0.026255
v 0.173900 0.796755 0.006775
v 0.330770 0.740234 -0.049745
v 0.455260 0.652204 -0.137775
v -0.520870 0.618765 -0.036915
v -0.378440 0.719485 0.063805
v -0.198950 0.784145 0.128465
v 0.000000 0.806435 0.150745
v 0.198960 0.784145 0.128465
v 0.378440 0.719485 0.063805
v 0.520880 0.618765 -0.036915
v -0.573660 0.570595 0.065495
v -0.416790 0.681514 0.176415
v -0.219119 0.752734 0.247635
v 0.000000 0.777274 0.272175
v 0.219120 0.752734 0.247635
v 0.416790 0.681514 0.176415
v 0.573670 0.570595 0.065495
v -0.612320 0.508874 0.166935
v -0.444880 0.627274 0.285335
v -0.233889 0.703295 0.361355
v 0.000001 0.729495 0.387555
v 0.233891 0.703295 0.361355
v 0.444880 0.627274 0.285335
v 0.612330 0.508874 0.166935
v -0.635910 0.435124 0.264915
v -0.462009 0.558095 0.387875
v -0.242889 0.637034 0.466825
v 0.000001 0.664245 0.494025
v 0.242900 0.637034 0.466825
v 0.462021 0.558095 0.387875
v 0.635910 0.435124 0.264915
v -0.643840 0.351174 0.357025
v -0.467769 0.475664 0.481515
v -0.245919 0.555595 0.561445
v 0.000001 0.583135 0.588985
v 0.245931 0.555595 0.561445
v 0.467781 0.475664 0.481515
v 0.643840 0.351174 0.357025
v -0.635910 0.259065 0.440975
v -0.462009 0.382025 0.563945
v 0.462021 0.382025 0.563945
v 0.635910 0.259065 0.440975
v 0.242900 -0.420165 -0.590385
v -0.242890 -0.420165 -0.590385
v -0.242890 -0.596235 -0.414315
v 0.242900 -0.596235 -0.414315
v 0.219120 -0.200985 -0.706085
v -0.219120 -0.200985 -0.706085
v 0.173900 0.039875 -0.750095
v -0.173890 0.039875 -0.750095
v 0.111650 0.278834 -0.718125
v -0.111640 0.278834 -0.718125
v 0.635910 -0.394326 -0.212415
v 0.635910 -0.218266 -0.388475
v 0.573670 -0.018836 -0.523935
v 0.455260 0.184424 -0.605545
v -0.635910 -0.218266 -0.388475
v -0.635910 -0.394326 -0.212415
v -0.573660 -0.018836 -0.523935
v -0.455260 0.184424 -0.605545
v -0.343610 0.600744 -0.396205
v -0.361300 0.521805 -0.475145
v -0.233890 0.609334 -0.455205
v -0.444880 0.577875 -0.326795
v -0.562730 0.418315 -0.371665
v -0.535190 0.541274 -0.248695
v -0.612320 0.491855 -0.163835
v -0.709080 0.275874 -0.229225
v -0.674380 0.430815 -0.074285
v -0.786030 0.108435 -0.061775
v -0.719830 0.359685 0.017745
v -0.747560 0.280185 0.109975
v -0.756870 0.194295 0.200145
v -0.786030 -0.067626 0.114285
v -0.747560 0.104124 0.286035
v 0.343620 0.600744 -0.396205
v 0.233890 0.609334 -0.455205
v 0.361300 0.521805 -0.475145
v 0.444880 0.577875 -0.326795
v 0.562740 0.418315 -0.371665
v 0.535200 0.541274 -0.248695
v 0.612330 0.491855 -0.163835
v 0.709090 0.275874 -0.229225
v 0.674380 0.430815 -0.074285
v 0.786030 0.108435 -0.061775
v 0.719840 0.359685 0.017745
v 0.747560 0.280185 0.109975
v 0.756880 0.194295 0.200145
v 0.786030 -0.067626 0.114284
v 0.747560 0.104124 0.286035
v 0.000000 0.583135 -0.536485
v -0.038470 0.492483 -0.613275
v 0.038470 0.492483 -0.613275
v -0.100720 0.524464 -0.581295
v 0.100720 0.524464 -0.581295
v 0.242901 0.460975 0.642885
v -0.242889 0.460975 0.642885
v 0.000001 0.488174 0.670095
v 0.144550 0.696275 -0.368255
v 0.000000 0.729495 -0.335045
v -0.144550 0.696275 -0.368255
v 0.111650 0.764775 -0.232175
v 0.000000 0.777274 -0.219675
v -0.111640 0.764775 -0.232175
v -0.212360 0.728486 -0.268465
v -0.292290 0.671965 -0.324985
v 0.292300 0.671965 -0.324985
v 0.212370 0.728486 -0.268465
v -0.292290 0.371635 -0.625315
v 0.292300 0.371635 -0.625315
v -0.378440 0.670085 -0.234585
v -0.274950 0.743264 -0.161415
v -0.144550 0.790245 -0.114435
v 0.000000 0.806435 -0.098245
v 0.144550 0.790245 -0.114435
v 0.274950 0.743264 -0.161415
v 0.378440 0.670085 -0.234585
v -0.455260 0.652204 -0.137775
v -0.330770 0.740234 -0.049745
v -0.173890 0.796755 0.006775
v 0.000000 0.816235 0.026255
v 0.173900 0.796755 0.006775
v 0.330770 0.740234 -0.049745
v 0.455260 0.652204 -0.137775
v -0.520870 0.618765 -0.036915
v -0.378440 0.719485 0.063805
v -0.198950 0.784145 0.128465
v 0.000000 0.806435 0.150745
v 0.198960 0.784145 0.128465
v 0.378440 0.719485 0.063805
v 0.520880 0.618765 -0.036915
v -0.573660 0.570595 0.065495
v -0.416790 0.681514 0.176415
v -0.219119 0.752734 0.247635
v 0.000000 0.777274 0.272175
v 0.219121 0.752734 0.247635
v 0.416790 0.681514 0.176415
v 0.573670 0.570595 0.065495
v -0.612320 0.508874 0.166935
v -0.444880 0.627274 0.285335
v -0.233889 0.703295 0.361355
v 0.000001 0.729495 0.387555
v 0.233891 0.703295 0.361355
v 0.444880 0.627274 0.285335
v 0.612330 0.508874 0.166935
v -0.635910 0.435124 0.264915
v -0.462009 0.558095 0.387875
v -0.242889 0.637034 0.466825
v 0.000001 0.664245 0.494025
v 0.242901 0.637034 0.466825
v 0.462021 0.558095 0.387875
v 0.635910 0.435124 0.264915
v -0.643840 0.351174 0.357025
v -0.467769 0.475664 0.481515
v -0.245919 0.555595 0.561445
v 0.000001 0.583135 0.588985
v 0.245931 0.555595 0.561445
v 0.467781 0.475664 0.481515
v 0.643840 0.351174 0.357025
v -0.635910 0.259065 0.440975
v -0.462009 0.382025 0.563945
v 0.462021 0.382025 0.563945
v 0.635910 0.259065 0.440975
v 0.242900 -0.420165 -0.590385
v -0.242890 -0.420165 -0.590385
v -0.242890 -0.596235 -0.414315
v 0.242900 -0.596235 -0.414315
v 0.219120 -0.200985 -0.706085
v -0.219120 -0.200985 -0.706085
v 0.173900 0.039875 -0.750095
v -0.173890 0.039875 -0.750095
v 0.111650 0.278834 -0.718125
v -0.111640 0.278834 -0.718125
v 0.635910 -0.218266 -0.388475
v 0.635910 -0.394326 -0.212415
v 0.573670 -0.018836 -0.523935
v 0.455260 0.184424 -0.605545
v -0.635910 -0.394326 -0.212415
v -0.635910 -0.218266 -0.388475
v -0.573660 -0.018836 -0.523935
v -0.455260 0.184424 -0.605545
# 3092 vertices

vt 0.61918 0.34106
vt 0.65968 0.32531
vt 0.63148 0.32026
vt 0.69218 0.35261
vt 0.63588 0.45348
vt 0.60628 0.36267
vt 0.59214 0.38048
vt 0.57361 0.40127
vt 0.62414 0.17415
vt 0.65967 0.17554
vt 0.69217 0.14823
vt 0.61550 0.15581
vt 0.63571 0.04790
vt 0.60109 0.13526
vt 0.58307 0.11280
vt 0.57269 0.10033
vt 0.01370 0.14106
vt 0.01438 0.14009
vt 0.01392 0.13966
vt 0.01376 0.15635
vt 0.01392 0.15768
vt 0.01444 0.15724
vt 0.51873 0.25024
vt 0.61179 0.25066
vt 0.60963 0.22185
vt 0.60931 0.27864
vt 0.60438 0.30609
vt 0.60310 0.19286
vt 0.59532 0.17149
vt 0.59730 0.32564
vt 0.53293 0.33090
vt 0.53280 0.17075
vt 0.58585 0.15210
vt 0.57732 0.13862
vt 0.56075 0.11733
vt 0.58727 0.34901
vt 0.57985 0.36242
vt 0.56182 0.38553
vt 0.58064 0.36367
vt 0.58874 0.34988
vt 0.59786 0.32818
vt 0.57892 0.13644
vt 0.59635 0.16968
vt 0.58664 0.14993
vt 0.86527 0.28856
vt 0.96999 0.33089
vt 0.98417 0.25024
vt 0.87044 0.25087
vt 0.84431 0.32534
vt 0.92931 0.40126
vt 0.81186 0.35261
vt 0.86705 0.45348
vt 0.86433 0.21230
vt 0.97012 0.17075
vt 0.84433 0.17548
vt 0.92953 0.10026
vt 0.81186 0.14823
vt 0.86723 0.04791
vt 0.77199 0.13372
vt 0.79076 0.02007
vt 0.73205 0.13372
vt 0.71218 0.02003
vt 0.77199 0.36711
vt 0.79068 0.48126
vt 0.73206 0.36712
vt 0.71224 0.48126
vt 0.03784 0.14863
vt 0.03703 0.15323
vt 0.03766 0.15346
vt 0.03851 0.14863
vt 0.03704 0.14410
vt 0.03766 0.14388
vt 0.03523 0.13966
vt 0.03472 0.14008
vt 0.03117 0.13710
vt 0.03150 0.13653
vt 0.02693 0.13487
vt 0.02681 0.13551
vt 0.02222 0.13487
vt 0.02233 0.13551
vt 0.01765 0.13653
vt 0.01798 0.13710
vt 0.03523 0.15768
vt 0.03471 0.15724
vt 0.03150 0.16080
vt 0.03116 0.16022
vt 0.02693 0.16247
vt 0.02681 0.16180
vt 0.02234 0.16180
vt 0.02222 0.16247
vt 0.01799 0.16022
vt 0.01765 0.16080
vt 0.64133 0.20666
vt 0.62604 0.20170
vt 0.63839 0.28859
vt 0.62820 0.29327
vt 0.62703 0.22413
vt 0.63648 0.22546
vt 0.62704 0.25078
vt 0.63262 0.25087
vt 0.63498 0.27340
vt 0.62832 0.27523
vt 0.61174 0.22218
vt 0.61459 0.25074
vt 0.61181 0.27856
vt 0.60625 0.30551
vt 0.60438 0.19275
vt 0.02833 0.09553
vt 0.02777 0.09576
vt 0.02856 0.09497
vt 0.02833 0.09442
vt 0.02777 0.09419
vt 0.02722 0.09442
vt 0.02698 0.09497
vt 0.02722 0.09553
vt 0.03925 0.09553
vt 0.03869 0.09576
vt 0.03948 0.09497
vt 0.03925 0.09442
vt 0.03869 0.09419
vt 0.03813 0.09442
vt 0.03790 0.09497
vt 0.03813 0.09553
vt 0.02833 0.10572
vt 0.02777 0.10595
vt 0.02856 0.10517
vt 0.02833 0.10461
vt 0.02777 0.10438
vt 0.02722 0.10461
vt 0.02698 0.10517
vt 0.02722 0.10572
vt 0.03927 0.10572
vt 0.03871 0.10595
vt 0.03950 0.10517
vt 0.03927 0.10461
vt 0.03871 0.10438
vt 0.03816 0.10461
vt 0.03793 0.10517
vt 0.03816 0.10572
vt 0.02548 0.10196
vt 0.02661 0.10270
vt 0.02548 0.10344
vt 0.02620 0.09816
vt 0.02507 0.09741
vt 0.02620 0.09667
vt 0.55767 0.24998
vt 0.57853 0.25478
vt 0.57839 0.24536
vt 0.57428 0.26319
vt 0.56661 0.26867
vt 0.55728 0.26995
vt 0.57388 0.23709
vt 0.56605 0.23186
vt 0.54842 0.26674
vt 0.54206 0.25978
vt 0.53967 0.25067
vt 0.54178 0.24149
vt 0.54792 0.23434
vt 0.55668 0.23087
vt 0.54113 0.24116
vt 0.53894 0.25068
vt 0.54142 0.26013
vt 0.54750 0.23375
vt 0.55658 0.23015
vt 0.56629 0.23117
vt 0.57442 0.23660
vt 0.57909 0.24518
vt 0.57924 0.25495
vt 0.57484 0.26367
vt 0.56688 0.26934
vt 0.55720 0.27067
vt 0.54802 0.26734
vt 0.74069 0.18526
vt 0.76337 0.18518
vt 0.71846 0.19350
vt 0.78569 0.19325
vt 0.80233 0.20736
vt 0.81494 0.22983
vt 0.81860 0.25047
vt 0.70018 0.20862
vt 0.69007 0.22630
vt 0.68512 0.25063
vt 0.68809 0.27164
vt 0.69948 0.29266
vt 0.71788 0.30840
vt 0.74054 0.31676
vt 0.76349 0.31683
vt 0.78613 0.30845
vt 0.80437 0.29273
vt 0.81591 0.27198
vt 0.03886 0.15130
vt 0.03902 0.14864
vt 0.03821 0.15366
vt 0.03714 0.15604
vt 0.03568 0.15804
vt 0.03891 0.14612
vt 0.03815 0.14371
vt 0.03729 0.14144
vt 0.03563 0.13935
vt 0.03381 0.15996
vt 0.03180 0.16129
vt 0.02953 0.16241
vt 0.02705 0.16302
vt 0.02454 0.16330
vt 0.02216 0.16302
vt 0.01967 0.16242
vt 0.01741 0.16129
vt 0.01525 0.15986
vt 0.01353 0.15804
vt 0.03391 0.13764
vt 0.03177 0.13612
vt 0.02958 0.13505
vt 0.02705 0.13433
vt 0.02446 0.13405
vt 0.02216 0.13433
vt 0.01963 0.13494
vt 0.01741 0.13606
vt 0.01527 0.13747
vt 0.01353 0.13931
vt 0.07172 0.02620
vt 0.08535 0.02088
vt 0.07270 0.02833
vt 0.07409 0.03035
vt 0.07580 0.03218
vt 0.07796 0.03360
vt 0.08022 0.03474
vt 0.08271 0.03533
vt 0.08509 0.03562
vt 0.08761 0.03533
vt 0.09009 0.03473
vt 0.09236 0.03360
vt 0.09437 0.03227
vt 0.09623 0.03035
vt 0.09769 0.02836
vt 0.09876 0.02597
vt 0.09942 0.02361
vt 0.09958 0.02095
vt 0.09946 0.01844
vt 0.09871 0.01603
vt 0.09785 0.01375
vt 0.09619 0.01167
vt 0.09446 0.00996
vt 0.09233 0.00843
vt 0.09013 0.00737
vt 0.08761 0.00665
vt 0.08501 0.00636
vt 0.08271 0.00665
vt 0.08018 0.00726
vt 0.07796 0.00838
vt 0.07582 0.00978
vt 0.07409 0.01163
vt 0.01092 0.14601
vt 0.01064 0.14863
vt 0.01131 0.14863
vt 0.01211 0.14410
vt 0.01141 0.14362
vt 0.07062 0.02092
vt 0.07083 0.01828
vt 0.07152 0.01574
vt 0.07266 0.01360
vt 0.07085 0.02354
vt 0.01214 0.15602
vt 0.01269 0.15554
vt 0.01149 0.15346
vt 0.01116 0.15388
vt 0.01212 0.15323
vt 0.01080 0.15114
vt 0.01253 0.14149
vt 0.01030 0.15122
vt 0.01007 0.14860
vt 0.01027 0.14596
vt 0.01097 0.14343
vt 0.01210 0.14128
vt 0.00990 0.15128
vt 0.01024 0.15123
vt 0.01008 0.14863
vt 0.00964 0.14862
vt 0.01026 0.14590
vt 0.00986 0.14583
vt 0.01086 0.14338
vt 0.01054 0.14328
vt 0.01198 0.14119
vt 0.01175 0.14110
vt 0.01062 0.15118
vt 0.01047 0.14863
vt 0.01070 0.14599
vt 0.01127 0.14353
vt 0.01239 0.14142
vt 0.01064 0.15257
vt 0.01030 0.15268
vt 0.01101 0.15245
vt 0.01249 0.14008
vt 0.01274 0.14024
vt 0.01307 0.14046
vt 0.07304 0.01240
vt 0.07330 0.01255
vt 0.07363 0.01278
vt 0.07338 0.01261
vt 0.07128 0.02486
vt 0.07157 0.02476
vt 0.07119 0.02489
vt 0.07086 0.02500
vt 0.07046 0.02360
vt 0.07019 0.02094
vt 0.07042 0.01814
vt 0.07109 0.01559
vt 0.07230 0.01341
vt 0.13291 0.93553
vt 0.13944 0.93520
vt 0.13785 0.93709
vt 0.14438 0.91330
vt 0.14152 0.90749
vt 0.14474 0.90609
vt 0.14069 0.93733
vt 0.14706 0.92732
vt 0.14791 0.92941
vt 0.14754 0.93209
vt 0.14742 0.92162
vt 0.14771 0.91760
vt 0.14761 0.91619
vt 0.14730 0.92406
vt 0.13374 0.93271
vt 0.12829 0.92753
vt 0.12829 0.93209
vt 0.13927 0.92900
vt 0.13977 0.93417
vt 0.14768 0.92722
vt 0.14753 0.92443
vt 0.14765 0.93004
vt 0.14794 0.92962
vt 0.14756 0.92532
vt 0.14914 0.93528
vt 0.14873 0.93360
vt 0.14856 0.93418
vt 0.14922 0.93688
vt 0.14950 0.93622
vt 0.14974 0.93689
vt 0.14970 0.93797
vt 0.14999 0.93700
vt 0.31250 0.86029
vt 0.31250 0.86249
vt 0.29853 0.86013
vt 0.28236 0.86063
vt 0.28354 0.85823
vt 0.14949 0.93609
vt 0.14920 0.93715
vt 0.14874 0.93581
vt 0.14907 0.93504
vt 0.14827 0.90941
vt 0.14934 0.89198
vt 0.14939 0.89767
vt 0.14908 0.89424
vt 0.14362 0.91163
vt 0.14517 0.92309
vt 0.14734 0.91532
vt 0.14701 0.91002
vt 0.14797 0.90961
vt 0.11872 0.93709
vt 0.11713 0.93520
vt 0.12366 0.93553
vt 0.11184 0.90609
vt 0.11505 0.90749
vt 0.11219 0.91330
vt 0.11588 0.93733
vt 0.10903 0.93209
vt 0.10867 0.92941
vt 0.10951 0.92732
vt 0.10896 0.91619
vt 0.10886 0.91760
vt 0.10915 0.92162
vt 0.10927 0.92406
vt 0.12283 0.93271
vt 0.11731 0.92900
vt 0.11680 0.93417
vt 0.10904 0.92443
vt 0.10890 0.92722
vt 0.10892 0.93004
vt 0.10863 0.92962
vt 0.10901 0.92532
vt 0.10802 0.93418
vt 0.10784 0.93360
vt 0.10744 0.93528
vt 0.10735 0.93688
vt 0.10707 0.93622
vt 0.10683 0.93689
vt 0.10688 0.93797
vt 0.10658 0.93700
vt 0.31415 0.86249
vt 0.31318 0.86029
vt 0.10783 0.93581
vt 0.10737 0.93715
vt 0.10708 0.93609
vt 0.10751 0.93504
vt 0.10831 0.90941
vt 0.10749 0.89424
vt 0.10719 0.89767
vt 0.10723 0.89198
vt 0.10923 0.91532
vt 0.11140 0.92309
vt 0.11296 0.91163
vt 0.10956 0.91002
vt 0.10860 0.90961
vt 0.13179 0.93824
vt 0.12829 0.93783
vt 0.12829 0.93505
vt 0.13348 0.93147
vt 0.12829 0.93086
vt 0.13349 0.92663
vt 0.12829 0.92595
vt 0.13350 0.92089
vt 0.12829 0.92047
vt 0.13330 0.91466
vt 0.12829 0.91454
vt 0.13324 0.90889
vt 0.12829 0.90850
vt 0.13830 0.92721
vt 0.13908 0.93253
vt 0.13784 0.92112
vt 0.13751 0.91461
vt 0.13719 0.90857
vt 0.26015 0.73433
vt 0.27003 0.72962
vt 0.26618 0.72999
vt 0.25613 0.73340
vt 0.27828 0.73110
vt 0.27017 0.73618
vt 0.13302 0.93599
vt 0.12829 0.93533
vt 0.12829 0.93766
vt 0.13206 0.93806
vt 0.35412 0.72993
vt 0.36450 0.73392
vt 0.36864 0.73301
vt 0.35744 0.72842
vt 0.13540 0.93893
vt 0.13792 0.93769
vt 0.34675 0.73155
vt 0.35265 0.73589
vt 0.29064 0.73333
vt 0.28654 0.73827
vt 0.13501 0.93905
vt 0.13956 0.93944
vt 0.13743 0.93997
vt 0.33101 0.73417
vt 0.33409 0.73852
vt 0.13754 0.94008
vt 0.14044 0.93968
vt 0.31250 0.73432
vt 0.31250 0.73945
vt 0.13827 0.94049
vt 0.14062 0.94023
vt 0.31250 0.86823
vt 0.28654 0.86705
vt 0.28113 0.86585
vt 0.31250 0.86764
vt 0.14582 0.93491
vt 0.14512 0.92992
vt 0.14171 0.93830
vt 0.14683 0.93758
vt 0.14269 0.93995
vt 0.14712 0.93922
vt 0.27786 0.86278
vt 0.31250 0.86535
vt 0.31250 0.86700
vt 0.27791 0.86475
vt 0.14544 0.93239
vt 0.14499 0.92736
vt 0.14680 0.92156
vt 0.14437 0.92120
vt 0.14740 0.91147
vt 0.14798 0.90430
vt 0.14008 0.90485
vt 0.13677 0.90576
vt 0.14483 0.90240
vt 0.13379 0.90171
vt 0.13422 0.90308
vt 0.12829 0.90330
vt 0.12829 0.90196
vt 0.13673 0.90116
vt 0.13733 0.90241
vt 0.14318 0.90013
vt 0.14262 0.89922
vt 0.14697 0.89721
vt 0.14654 0.89627
vt 0.14841 0.89322
vt 0.14862 0.89088
vt 0.31250 0.75674
vt 0.28234 0.75797
vt 0.28264 0.75547
vt 0.31250 0.75440
vt 0.33946 0.75565
vt 0.34054 0.75814
vt 0.14645 0.89156
vt 0.14672 0.89262
vt 0.14853 0.89205
vt 0.14800 0.89096
vt 0.14828 0.89882
vt 0.27230 0.79929
vt 0.26537 0.78391
vt 0.31250 0.78341
vt 0.31250 0.79699
vt 0.31250 0.80955
vt 0.27725 0.81267
vt 0.31250 0.81546
vt 0.27771 0.81912
vt 0.14849 0.91016
vt 0.14797 0.91605
vt 0.14919 0.90339
vt 0.01302 0.86547
vt 0.06548 0.83391
vt 0.00797 0.77417
vt 0.09303 0.79602
vt 0.02987 0.74738
vt 0.34000 0.78064
vt 0.34013 0.79710
vt 0.34000 0.81049
vt 0.27771 0.69034
vt 0.31250 0.68668
vt 0.31250 0.68797
vt 0.27948 0.69144
vt 0.26160 0.69590
vt 0.26419 0.69673
vt 0.25200 0.70497
vt 0.25507 0.70533
vt 0.14756 0.92133
vt 0.14777 0.91888
vt 0.02196 0.90029
vt 0.01577 0.93737
vt 0.12192 0.94721
vt 0.14164 0.93896
vt 0.14619 0.93681
vt 0.14657 0.93809
vt 0.00946 0.97403
vt 0.10119 0.98268
vt 0.33678 0.81704
vt 0.33678 0.68826
vt 0.33557 0.68947
vt 0.35442 0.69253
vt 0.35232 0.69352
vt 0.14768 0.91985
vt 0.14789 0.91797
vt 0.14814 0.91509
vt 0.36778 0.69854
vt 0.36501 0.69923
vt 0.14753 0.92249
vt 0.13380 0.89262
vt 0.12829 0.89270
vt 0.12829 0.89340
vt 0.13384 0.89343
vt 0.13968 0.89249
vt 0.13980 0.89323
vt 0.14421 0.89295
vt 0.14413 0.89216
vt 0.14684 0.90226
vt 0.14261 0.90469
vt 0.14827 0.90118
vt 0.14927 0.90100
vt 0.13283 0.90596
vt 0.55747 0.71415
vt 0.64357 0.71064
vt 0.63066 0.63603
vt 0.55747 0.64181
vt 0.12829 0.92166
vt 0.13818 0.92211
vt 0.13690 0.91385
vt 0.12829 0.91420
vt 0.37248 0.70296
vt 0.36947 0.70342
vt 0.35836 0.72320
vt 0.37029 0.71461
vt 0.37335 0.71474
vt 0.36077 0.72379
vt 0.37493 0.70928
vt 0.37180 0.70943
vt 0.14796 0.93408
vt 0.14581 0.93461
vt 0.25200 0.71426
vt 0.25507 0.71415
vt 0.26414 0.72224
vt 0.26156 0.72278
vt 0.14861 0.93316
vt 0.32693 0.73125
vt 0.31250 0.73151
vt 0.31317 0.73106
vt 0.32724 0.73050
vt 0.33905 0.72885
vt 0.34044 0.72973
vt 0.29853 0.73134
vt 0.29857 0.73063
vt 0.28354 0.72945
vt 0.28501 0.72858
vt 0.27303 0.72706
vt 0.27432 0.72613
vt 0.35001 0.72761
vt 0.34813 0.72687
vt 0.14879 0.90919
vt 0.14947 0.90195
vt 0.71076 0.68835
vt 0.70075 0.61905
vt 0.67263 0.50435
vt 0.61297 0.50639
vt 0.55747 0.50608
vt 0.10149 0.01067
vt 0.09984 0.01068
vt 0.09984 0.01111
vt 0.10168 0.01108
vt 0.10311 0.01059
vt 0.10364 0.01104
vt 0.10423 0.01051
vt 0.10512 0.01093
vt 0.10590 0.01073
vt 0.10505 0.01042
vt 0.10553 0.01034
vt 0.10641 0.01053
vt 0.10602 0.01021
vt 0.31250 0.62811
vt 0.33946 0.63029
vt 0.31250 0.62903
vt 0.28499 0.62902
vt 0.28264 0.63011
vt 0.10537 0.01091
vt 0.10596 0.01034
vt 0.10662 0.01050
vt 0.10655 0.01128
vt 0.10452 0.01162
vt 0.10593 0.01230
vt 0.10366 0.01226
vt 0.10462 0.01328
vt 0.10231 0.01287
vt 0.10266 0.01393
vt 0.09984 0.01341
vt 0.10129 0.01320
vt 0.10168 0.01411
vt 0.09984 0.01420
vt 0.12478 0.93824
vt 0.12309 0.93147
vt 0.12309 0.92663
vt 0.12308 0.92089
vt 0.12328 0.91466
vt 0.12333 0.90889
vt 0.11749 0.93253
vt 0.11827 0.92721
vt 0.11874 0.92112
vt 0.11907 0.91461
vt 0.11939 0.90857
vt 0.12356 0.93599
vt 0.12451 0.93806
vt 0.11865 0.93769
vt 0.12117 0.93893
vt 0.11701 0.93944
vt 0.12156 0.93905
vt 0.11914 0.93997
vt 0.11903 0.94008
vt 0.11613 0.93968
vt 0.31460 0.73432
vt 0.31563 0.73945
vt 0.11831 0.94049
vt 0.11595 0.94023
vt 0.31563 0.86823
vt 0.31706 0.86764
vt 0.11145 0.92992
vt 0.11075 0.93491
vt 0.10974 0.93758
vt 0.11486 0.93830
vt 0.10945 0.93922
vt 0.11388 0.93995
vt 0.31706 0.86700
vt 0.31606 0.86535
vt 0.11159 0.92736
vt 0.11113 0.93239
vt 0.10977 0.92156
vt 0.11221 0.92120
vt 0.10917 0.91147
vt 0.10859 0.90430
vt 0.11649 0.90485
vt 0.11980 0.90576
vt 0.11174 0.90240
vt 0.12236 0.90308
vt 0.12279 0.90171
vt 0.11924 0.90241
vt 0.11984 0.90116
vt 0.11340 0.90013
vt 0.11395 0.89922
vt 0.10961 0.89721
vt 0.11003 0.89627
vt 0.10817 0.89322
vt 0.10796 0.89088
vt 0.34000 0.75814
vt 0.34000 0.75565
vt 0.10805 0.89205
vt 0.10986 0.89262
vt 0.11012 0.89156
vt 0.10858 0.89096
vt 0.10829 0.89882
vt 0.10861 0.91605
vt 0.10808 0.91016
vt 0.10738 0.90339
vt 0.17464 0.83391
vt 0.22710 0.86547
vt 0.23214 0.77417
vt 0.21024 0.74738
vt 0.14708 0.79602
vt 0.33976 0.78185
vt 0.10901 0.92133
vt 0.10880 0.91888
vt 0.14064 0.94721
vt 0.24679 0.93737
vt 0.24060 0.90029
vt 0.11493 0.93896
vt 0.11001 0.93809
vt 0.11038 0.93681
vt 0.16137 0.98268
vt 0.25310 0.97403
vt 0.10868 0.91797
vt 0.10889 0.91985
vt 0.10844 0.91509
vt 0.10905 0.92249
vt 0.12277 0.89262
vt 0.12274 0.89343
vt 0.11237 0.89295
vt 0.11677 0.89323
vt 0.11689 0.89249
vt 0.11244 0.89216
vt 0.11396 0.90469
vt 0.10973 0.90226
vt 0.10830 0.90118
vt 0.10730 0.90100
vt 0.12374 0.90596
vt 0.48428 0.63603
vt 0.47137 0.71064
vt 0.11968 0.91385
vt 0.11840 0.92211
vt 0.10861 0.93408
vt 0.11076 0.93461
vt 0.10797 0.93316
vt 0.31318 0.73151
vt 0.10711 0.90248
vt 0.10778 0.90919
vt 0.40418 0.68835
vt 0.41418 0.61905
vt 0.44231 0.50435
vt 0.50197 0.50639
vt 0.09820 0.01067
vt 0.09800 0.01108
vt 0.09657 0.01059
vt 0.09604 0.01104
vt 0.09545 0.01051
vt 0.09456 0.01093
vt 0.09379 0.01073
vt 0.09464 0.01042
vt 0.09415 0.01034
vt 0.09327 0.01053
vt 0.09367 0.01021
vt 0.34000 0.63029
vt 0.09307 0.01050
vt 0.09372 0.01034
vt 0.09431 0.01091
vt 0.09314 0.01128
vt 0.09516 0.01162
vt 0.09376 0.01230
vt 0.09602 0.01226
vt 0.09506 0.01328
vt 0.09738 0.01287
vt 0.09703 0.01393
vt 0.09801 0.01411
vt 0.09840 0.01320
vt 0.25764 0.77091
vt 0.35600 0.76820
vt 0.34826 0.76820
vt 0.31546 0.76586
vt 0.32799 0.76820
vt 0.30293 0.76820
vt 0.28266 0.76820
vt 0.27492 0.76820
vt 0.32812 0.76820
vt 0.11655 0.89140
vt 0.11682 0.89615
vt 0.11425 0.89424
vt 0.10993 0.89040
vt 0.11214 0.88555
vt 0.11169 0.89211
vt 0.31250 0.79563
vt 0.28266 0.78553
vt 0.28499 0.79654
vt 0.34826 0.78553
vt 0.36571 0.79656
vt 0.11121 0.89040
vt 0.11267 0.89062
vt 0.11511 0.89089
vt 0.11830 0.88555
vt 0.11848 0.89114
vt 0.12336 0.89137
vt 0.12829 0.88555
vt 0.12829 0.89140
vt 0.13322 0.89137
vt 0.13827 0.88555
vt 0.13809 0.89114
vt 0.14146 0.89089
vt 0.14390 0.89062
vt 0.14444 0.88555
vt 0.14536 0.89040
vt 0.14488 0.89211
vt 0.14664 0.89040
vt 0.08517 0.71637
vt 0.01662 0.64966
vt 0.01172 0.74279
vt 0.14002 0.89140
vt 0.14232 0.89424
vt 0.13975 0.89615
vt 0.12089 0.89797
vt 0.13569 0.89797
vt 0.13262 0.89897
vt 0.12396 0.89897
vt 0.12829 0.89961
vt 0.13554 0.88091
vt 0.12829 0.88091
vt 0.14002 0.88091
vt 0.29163 0.77497
vt 0.33929 0.77497
vt 0.11550 0.65037
vt 0.13210 0.87793
vt 0.12829 0.87793
vt 0.13446 0.87793
vt 0.12103 0.88091
vt 0.11655 0.88091
vt 0.12880 0.65037
vt 0.15912 0.71637
vt 0.22767 0.64966
vt 0.12447 0.87793
vt 0.12212 0.87793
vt 0.23258 0.74279
vt 0.03616 0.09683
vt 0.03616 0.10317
vt 0.03076 0.09683
vt 0.03077 0.10317
vt 0.03618 0.09683
vt 0.03618 0.10317
vt 0.03051 0.09683
vt 0.03051 0.10317
vt 0.03432 0.10317
vt 0.03217 0.10317
vt 0.03217 0.09672
vt 0.03432 0.09683
vt 0.03187 0.10669
vt 0.03475 0.10670
vt 0.03475 0.09345
vt 0.03187 0.09346
vt 0.03077 0.09683
vt 0.03617 0.09683
vt 0.03670 0.09414
vt 0.03006 0.09415
vt 0.03007 0.09411
vt 0.03637 0.09433
vt 0.03007 0.10567
vt 0.03637 0.10567
vt 0.02997 0.10647
vt 0.03689 0.10668
vt 0.30957 0.80040
vt 0.27490 0.80040
vt 0.26948 0.80040
vt 0.27867 0.80040
vt 0.29168 0.80040
vt 0.33215 0.80052
vt 0.34206 0.80040
vt 0.34515 0.80040
vt 0.33961 0.80048
vt 0.33135 0.80051
vt 0.28676 0.80048
vt 0.31008 0.77023
vt 0.33463 0.77102
vt 0.28895 0.77088
vt 0.34689 0.77126
vt 0.35192 0.77123
vt 0.34406 0.77143
vt 0.33275 0.77144
vt 0.28271 0.77156
vt 0.26873 0.77144
vt 0.26211 0.77105
vt 0.27453 0.77108
vt 0.33897 0.89285
vt 0.33977 0.89306
vt 0.33671 0.88892
vt 0.33235 0.88513
vt 0.33280 0.88662
vt 0.33414 0.88909
vt 0.33926 0.89288
vt 0.34371 0.89763
vt 0.33921 0.90070
vt 0.32912 0.85534
vt 0.34191 0.84950
vt 0.31912 0.85207
vt 0.34188 0.84224
vt 0.32583 0.84519
vt 0.32904 0.83635
vt 0.30830 0.83407
vt 0.30818 0.84089
vt 0.28757 0.83627
vt 0.27478 0.84211
vt 0.27481 0.84936
vt 0.29056 0.84512
vt 0.28765 0.85526
vt 0.29732 0.85203
vt 0.33716 0.85698
vt 0.30839 0.85754
vt 0.30864 0.86000
vt 0.35477 0.84893
vt 0.35473 0.83895
vt 0.33705 0.83084
vt 0.30850 0.82770
vt 0.27997 0.83072
vt 0.26237 0.83877
vt 0.26241 0.84875
vt 0.28008 0.85686
vt 0.34246 0.85682
vt 0.30893 0.86038
vt 0.36316 0.84737
vt 0.36311 0.83563
vt 0.34233 0.82609
vt 0.30877 0.82240
vt 0.27523 0.82596
vt 0.25454 0.83541
vt 0.25459 0.84715
vt 0.27536 0.85668
vt 0.34451 0.85488
vt 0.30925 0.85863
vt 0.36627 0.84494
vt 0.36621 0.83260
vt 0.34437 0.82258
vt 0.30908 0.81869
vt 0.27382 0.82243
vt 0.25206 0.83237
vt 0.25211 0.84471
vt 0.27395 0.85474
vt 0.30955 0.85492
vt 0.34309 0.85136
vt 0.36378 0.84191
vt 0.36373 0.83017
vt 0.34296 0.82063
vt 0.30939 0.81694
vt 0.27586 0.82050
vt 0.25516 0.82995
vt 0.06011 0.49108
vt 0.00302 0.62018
vt 0.06923 0.65345
vt 0.12927 0.51771
vt 0.27599 0.85123
vt 0.25521 0.84169
vt 0.30982 0.84962
vt 0.33835 0.84659
vt 0.35595 0.83855
vt 0.35591 0.82857
vt 0.33824 0.82046
vt 0.30969 0.81732
vt 0.28116 0.82034
vt 0.26356 0.82838
vt 0.26360 0.83837
vt 0.28127 0.84648
vt 0.31003 0.84325
vt 0.33075 0.84105
vt 0.34354 0.83521
vt 0.34351 0.82796
vt 0.33067 0.82206
vt 0.30993 0.81978
vt 0.28920 0.82198
vt 0.27641 0.82782
vt 0.27644 0.83508
vt 0.28928 0.84097
vt 0.31015 0.83643
vt 0.32104 0.83527
vt 0.32777 0.83220
vt 0.32775 0.82839
vt 0.32100 0.82529
vt 0.31010 0.82409
vt 0.29920 0.82525
vt 0.29247 0.82832
vt 0.29249 0.83213
vt 0.29922 0.83517
vt 0.30853 0.95858
vt 0.28908 0.95818
vt 0.28906 0.94733
vt 0.30863 0.94733
vt 0.32853 0.94733
vt 0.32718 0.95819
vt 0.30858 0.96853
vt 0.28962 0.96791
vt 0.29012 0.97817
vt 0.30852 0.97917
vt 0.32651 0.96786
vt 0.32591 0.97808
vt 0.27996 0.95709
vt 0.27865 0.94733
vt 0.28124 0.96673
vt 0.28286 0.97646
vt 0.27690 0.97103
vt 0.27692 0.96331
vt 0.03606 0.46561
vt 0.08790 0.40593
vt -0.03869 0.35863
vt 0.27696 0.95535
vt 0.27720 0.94733
vt 0.28153 0.96626
vt 0.28289 0.95997
vt 0.28373 0.95396
vt 0.28246 0.94733
vt 0.33809 0.94733
vt 0.33695 0.95765
vt 0.33631 0.96632
vt 0.33566 0.97571
vt 0.33918 0.94733
vt 0.33944 0.95547
vt 0.33955 0.96272
vt 0.33959 0.96956
vt 0.33370 0.94733
vt 0.33250 0.95395
vt 0.33309 0.96001
vt 0.33367 0.96566
vt 0.29954 0.94733
vt 0.29996 0.95341
vt 0.29958 0.95880
vt 0.30012 0.96379
vt 0.31776 0.96378
vt 0.31707 0.95881
vt 0.31685 0.95341
vt 0.31805 0.94733
vt 0.35231 0.89832
vt 0.34790 0.89822
vt 0.34684 0.90290
vt 0.33250 0.88709
vt 0.28121 0.98303
vt 0.29155 0.98547
vt 0.27624 0.97698
vt 0.28134 0.96932
vt 0.17035 0.47138
vt 0.30886 0.98738
vt 0.32763 0.98609
vt 0.34039 0.97555
vt 0.33666 0.98223
vt 0.33321 0.97049
vt 0.30073 0.96663
vt 0.31765 0.96764
vt 0.34685 0.91028
vt 0.35295 0.89751
vt 0.34629 0.91036
vt 0.34909 0.89760
vt 0.34394 0.91042
vt 0.33421 0.91036
vt 0.33921 0.91036
vt 0.33223 0.91616
vt 0.33438 0.91616
vt 0.34242 0.91042
vt 0.32982 0.91036
vt 0.32859 0.91616
vt 0.33717 0.91616
vt 0.33202 0.90282
vt 0.32679 0.88949
vt 0.33188 0.88978
vt 0.32969 0.90059
vt 0.33488 0.90067
vt 0.29453 0.88927
vt 0.29261 0.90062
vt 0.28026 0.88825
vt 0.27454 0.90033
vt 0.28243 0.88849
vt 0.27770 0.89970
vt 0.28838 0.88887
vt 0.28542 0.89959
vt 0.27749 0.91036
vt 0.27594 0.91036
vt 0.27996 0.91616
vt 0.28171 0.91616
vt 0.28467 0.91036
vt 0.28858 0.91616
vt 0.28256 0.91036
vt 0.29246 0.91036
vt 0.28526 0.91616
vt 0.29379 0.91616
vt 0.28172 0.90057
vt 0.28542 0.88922
vt 0.29482 0.88585
vt 0.28754 0.88655
vt 0.32924 0.91039
vt 0.32730 0.91616
vt 0.33180 0.89775
vt 0.28986 0.88555
vt 0.32881 0.88573
vt 0.33007 0.88912
vt 0.32593 0.88388
vt 0.29407 0.88332
vt 0.28509 0.88484
vt 0.29462 0.88310
vt 0.32528 0.88380
vt 0.32537 0.88599
vt 0.33907 0.91616
vt 0.34122 0.91616
vt 0.34080 0.91616
vt 0.35021 0.89457
vt 0.34681 0.89565
vt 0.33999 0.89483
vt 0.35075 0.89453
vt 0.34986 0.89557
vt 0.30815 0.84749
vt 0.29031 0.79845
vt 0.33394 0.79845
vt 0.27546 0.79845
vt 0.26574 0.79845
vt 0.27166 0.79845
vt 0.28501 0.79847
vt 0.33333 0.79847
vt 0.34247 0.79845
vt 0.34845 0.79845
vt 0.34514 0.79845
vt 0.27260 0.77268
vt 0.25903 0.77275
vt 0.26677 0.77284
vt 0.28176 0.77304
vt 0.33406 0.77298
vt 0.34650 0.77286
vt 0.35495 0.77289
vt 0.34907 0.77295
vt 0.33607 0.77285
vt 0.28832 0.77275
vt 0.34553 0.78652
vt 0.35309 0.78665
vt 0.34813 0.78660
vt 0.33522 0.78682
vt 0.28937 0.78686
vt 0.27319 0.78666
vt 0.26099 0.78653
vt 0.26807 0.78654
vt 0.28286 0.78656
vt 0.33402 0.78654
vt 0.00926 0.24905
vt 0.00870 0.37030
vt 0.13581 0.24984
vt 0.12938 0.37037
vt 0.17732 0.25161
vt 0.16959 0.37058
vt 0.26943 0.80040
vt 0.27485 0.80040
vt 0.30952 0.80040
vt 0.27863 0.80040
vt 0.29163 0.80040
vt 0.33210 0.80052
vt 0.34199 0.80040
vt 0.34507 0.80040
vt 0.33956 0.80048
vt 0.33134 0.80051
vt 0.28671 0.80048
vt 0.28890 0.77090
vt 0.33250 0.77105
vt 0.31003 0.77023
vt 0.35187 0.77126
vt 0.34476 0.77128
vt 0.34402 0.77145
vt 0.33270 0.77147
vt 0.28266 0.77159
vt 0.26868 0.77146
vt 0.26206 0.77107
vt 0.27449 0.77111
vt 0.33666 0.88892
vt 0.33972 0.89306
vt 0.33892 0.89285
vt 0.33275 0.88662
vt 0.33231 0.88513
vt 0.33409 0.88909
vt 0.33922 0.89288
vt 0.33916 0.90070
vt 0.34366 0.89763
vt 0.31908 0.85207
vt 0.34186 0.84950
vt 0.32907 0.85534
vt 0.32578 0.84519
vt 0.34183 0.84224
vt 0.30813 0.84089
vt 0.30825 0.83407
vt 0.32899 0.83635
vt 0.28752 0.83627
vt 0.29051 0.84512
vt 0.27476 0.84936
vt 0.27473 0.84211
vt 0.29727 0.85203
vt 0.28760 0.85526
vt 0.30835 0.85754
vt 0.33712 0.85698
vt 0.30859 0.86000
vt 0.35472 0.84893
vt 0.35468 0.83895
vt 0.33701 0.83084
vt 0.30845 0.82770
vt 0.27993 0.83072
vt 0.26232 0.83877
vt 0.26236 0.84875
vt 0.28004 0.85686
vt 0.34242 0.85682
vt 0.30888 0.86038
vt 0.36311 0.84737
vt 0.36306 0.83563
vt 0.34229 0.82609
vt 0.30872 0.82240
vt 0.27519 0.82596
vt 0.25449 0.83541
vt 0.25454 0.84715
vt 0.27532 0.85668
vt 0.34446 0.85488
vt 0.30920 0.85863
vt 0.36622 0.84494
vt 0.36617 0.83260
vt 0.34432 0.82258
vt 0.30903 0.81869
vt 0.27377 0.82243
vt 0.25201 0.83237
vt 0.25206 0.84471
vt 0.27391 0.85474
vt 0.34304 0.85136
vt 0.30951 0.85492
vt 0.36374 0.84191
vt 0.36369 0.83017
vt 0.34291 0.82063
vt 0.30935 0.81694
vt 0.27581 0.82050
vt 0.25512 0.82995
vt 0.18316 0.65570
vt 0.24937 0.62242
vt 0.19227 0.49332
vt 0.12312 0.51995
vt 0.27594 0.85123
vt 0.25517 0.84169
vt 0.33830 0.84659
vt 0.30978 0.84962
vt 0.35591 0.83855
vt 0.35586 0.82857
vt 0.33819 0.82046
vt 0.30964 0.81732
vt 0.28111 0.82034
vt 0.26351 0.82838
vt 0.26355 0.83837
vt 0.28122 0.84648
vt 0.33071 0.84105
vt 0.30998 0.84325
vt 0.34350 0.83521
vt 0.34347 0.82796
vt 0.33063 0.82206
vt 0.30988 0.81978
vt 0.28916 0.82198
vt 0.27637 0.82782
vt 0.27640 0.83508
vt 0.28924 0.84097
vt 0.32100 0.83527
vt 0.31010 0.83643
vt 0.32772 0.83220
vt 0.32770 0.82839
vt 0.32095 0.82529
vt 0.31005 0.82409
vt 0.29915 0.82525
vt 0.29243 0.82832
vt 0.29244 0.83213
vt 0.29917 0.83517
vt 0.28901 0.94733
vt 0.28903 0.95818
vt 0.30848 0.95858
vt 0.30859 0.94733
vt 0.32848 0.94733
vt 0.32713 0.95819
vt 0.28958 0.96791
vt 0.30853 0.96853
vt 0.29008 0.97817
vt 0.30847 0.97917
vt 0.32646 0.96786
vt 0.32587 0.97808
vt 0.27860 0.94733
vt 0.27991 0.95709
vt 0.28119 0.96673
vt 0.28282 0.97646
vt 0.27687 0.96331
vt 0.27686 0.97103
vt 0.28831 0.35863
vt 0.16172 0.40593
vt 0.21356 0.46561
vt 0.27691 0.95535
vt 0.27715 0.94733
vt 0.28148 0.96626
vt 0.28284 0.95997
vt 0.28368 0.95396
vt 0.28242 0.94733
vt 0.33690 0.95765
vt 0.33805 0.94733
vt 0.33626 0.96632
vt 0.33562 0.97571
vt 0.33939 0.95547
vt 0.33913 0.94733
vt 0.33950 0.96272
vt 0.33954 0.96956
vt 0.33365 0.94733
vt 0.33245 0.95395
vt 0.33304 0.96001
vt 0.33363 0.96566
vt 0.29949 0.94733
vt 0.29991 0.95341
vt 0.29953 0.95880
vt 0.30007 0.96379
vt 0.31771 0.96378
vt 0.31702 0.95881
vt 0.31681 0.95341
vt 0.31800 0.94733
vt 0.34679 0.90290
vt 0.34785 0.89822
vt 0.35226 0.89832
vt 0.33246 0.88709
vt 0.28116 0.98303
vt 0.29151 0.98547
vt 0.27619 0.97698
vt 0.28129 0.96932
vt 0.07927 0.47138
vt 0.30881 0.98738
vt 0.32759 0.98609
vt 0.34035 0.97555
vt 0.33661 0.98223
vt 0.33316 0.97049
vt 0.30068 0.96663
vt 0.31760 0.96764
vt 0.35291 0.89751
vt 0.34624 0.91036
vt 0.34680 0.91028
vt 0.34904 0.89760
vt 0.34389 0.91042
vt 0.33433 0.91616
vt 0.33916 0.91036
vt 0.33218 0.91616
vt 0.33416 0.91036
vt 0.34237 0.91042
vt 0.32977 0.91036
vt 0.32855 0.91616
vt 0.33712 0.91616
vt 0.33197 0.90282
vt 0.32674 0.88949
vt 0.32965 0.90059
vt 0.33183 0.88978
vt 0.33483 0.90067
vt 0.29448 0.88927
vt 0.29256 0.90062
vt 0.27765 0.89970
vt 0.27449 0.90033
vt 0.28239 0.88849
vt 0.28021 0.88825
vt 0.28833 0.88887
vt 0.28537 0.89959
vt 0.27745 0.91036
vt 0.27589 0.91036
vt 0.28167 0.91616
vt 0.27992 0.91616
vt 0.28463 0.91036
vt 0.28853 0.91616
vt 0.28251 0.91036
vt 0.28521 0.91616
vt 0.29241 0.91036
vt 0.29375 0.91616
vt 0.28167 0.90057
vt 0.28538 0.88922
vt 0.29478 0.88585
vt 0.28749 0.88655
vt 0.32919 0.91039
vt 0.32725 0.91616
vt 0.33176 0.89775
vt 0.28982 0.88555
vt 0.32877 0.88573
vt 0.33002 0.88912
vt 0.29402 0.88332
vt 0.32588 0.88388
vt 0.28504 0.88484
vt 0.29458 0.88310
vt 0.32523 0.88380
vt 0.32532 0.88599
vt 0.33902 0.91616
vt 0.34075 0.91616
vt 0.34117 0.91616
vt 0.33994 0.89483
vt 0.34676 0.89565
vt 0.35017 0.89457
vt 0.35070 0.89453
vt 0.34981 0.89557
vt 0.30810 0.84749
vt 0.29026 0.79845
vt 0.33389 0.79845
vt 0.34509 0.79845
vt 0.34840 0.79845
vt 0.34242 0.79845
vt 0.33328 0.79847
vt 0.28496 0.79847
vt 0.27162 0.79845
vt 0.26570 0.79845
vt 0.27542 0.79845
vt 0.34808 0.78660
vt 0.33518 0.78682
vt 0.35304 0.78665
vt 0.34549 0.78652
vt 0.33397 0.78654
vt 0.28281 0.78656
vt 0.26802 0.78654
vt 0.26094 0.78653
vt 0.27314 0.78666
vt 0.28932 0.78686
vt 0.11612 0.12453
vt 0.07461 0.12629
vt 0.12255 0.24506
vt 0.08234 0.24526
vt 0.24267 0.12373
vt 0.24323 0.24498
vt 0.27255 0.77268
vt 0.25898 0.77275
vt 0.28828 0.77275
vt 0.33488 0.77281
vt 0.34902 0.77295
vt 0.35491 0.77289
vt 0.34646 0.77286
vt 0.33401 0.77298
vt 0.28171 0.77304
vt 0.26672 0.77284
vt 0.32373 0.35536
vt 0.32301 0.35609
vt 0.32364 0.35660
vt 0.32438 0.35697
vt 0.32438 0.35748
vt 0.32438 0.35502
vt 0.32369 0.35480
vt 0.32316 0.35532
vt 0.30531 0.94467
vt 0.31111 0.92766
vt 0.29016 0.94227
vt 0.33361 0.93974
vt 0.32376 0.94364
vt 0.27366 0.92902
vt 0.27912 0.93712
vt 0.28746 0.91390
vt 0.30192 0.91072
vt 0.31831 0.91069
vt 0.33058 0.91289
vt 0.32319 0.35686
vt 0.32373 0.35730
vt 0.32438 0.35460
vt 0.34229 0.93409
vt 0.34367 0.92462
vt 0.34012 0.91759
vt 0.27893 0.91970
vt 0.71928 0.26774
vt 0.71855 0.26932
vt 0.71928 0.26970
vt 0.71863 0.26808
vt 0.49243 0.54478
vt 0.49244 0.54507
vt 0.49229 0.54532
vt 0.49211 0.54462
vt 0.49203 0.54542
vt 0.49173 0.54472
vt 0.49178 0.54540
vt 0.49154 0.54491
vt 0.49163 0.54526
vt 0.01046 0.02981
vt 0.01065 0.02961
vt 0.01071 0.02975
vt 0.01052 0.02966
vt 0.01036 0.02979
vt 0.01033 0.02994
vt 0.01023 0.02994
vt 0.01026 0.03021
vt 0.01039 0.03017
vt 0.01049 0.03027
vt 0.01021 0.03008
vt 0.00978 0.03935
vt 0.00972 0.03959
vt 0.00962 0.03961
vt 0.00986 0.03936
vt 0.00970 0.03982
vt 0.00962 0.03982
vt 0.00993 0.03930
vt 0.00999 0.03929
vt 0.01011 0.03936
vt 0.01015 0.03936
vt 0.01027 0.03955
vt 0.01023 0.03958
vt 0.49084 0.56004
vt 0.49066 0.55991
vt 0.49112 0.56008
vt 0.49134 0.55993
vt 0.49060 0.55974
vt 0.49145 0.55968
vt 0.49063 0.55939
vt 0.49145 0.55933
vt 0.49083 0.55903
vt 0.49127 0.55903
vt 0.49102 0.55894
vt 0.00985 0.04007
vt 0.00970 0.03997
vt 0.00986 0.04003
vt 0.01005 0.04005
vt 0.01000 0.04009
vt 0.01019 0.03995
vt 0.01015 0.04001
vt 0.01027 0.03979
vt 0.01022 0.03984
vt 0.00975 0.03994
vt 0.01086 0.02996
vt 0.01093 0.03005
vt 0.01088 0.02983
vt 0.01083 0.03021
vt 0.01074 0.03012
vt 0.01066 0.03028
vt 0.01060 0.03022
vt 0.01041 0.03025
vt 0.01092 0.02986
vt 0.01080 0.02967
vt 0.32512 0.35660
vt 0.32575 0.35609
vt 0.32503 0.35536
vt 0.32507 0.35480
vt 0.32560 0.35532
vt 0.32557 0.35686
vt 0.32503 0.35730
vt 0.33620 0.91447
vt 0.34293 0.92190
vt 0.72002 0.26932
vt 0.71994 0.26808
vt 0.50771 0.54532
vt 0.50756 0.54507
vt 0.50757 0.54478
vt 0.50789 0.54462
vt 0.50797 0.54542
vt 0.50827 0.54472
vt 0.50822 0.54540
vt 0.50846 0.54491
vt 0.50837 0.54526
vt 0.02123 0.02975
vt 0.02129 0.02961
vt 0.02148 0.02981
vt 0.02142 0.02966
vt 0.02158 0.02979
vt 0.02161 0.02994
vt 0.02171 0.02994
vt 0.02145 0.03027
vt 0.02155 0.03017
vt 0.02168 0.03021
vt 0.02173 0.03008
vt 0.02232 0.03961
vt 0.02222 0.03959
vt 0.02216 0.03935
vt 0.02208 0.03936
vt 0.02232 0.03982
vt 0.02224 0.03982
vt 0.02195 0.03929
vt 0.02201 0.03930
vt 0.02179 0.03936
vt 0.02183 0.03936
vt 0.02167 0.03955
vt 0.02171 0.03958
vt 0.50888 0.56008
vt 0.50934 0.55991
vt 0.50916 0.56004
vt 0.50866 0.55993
vt 0.50941 0.55974
vt 0.50855 0.55968
vt 0.50937 0.55939
vt 0.50855 0.55933
vt 0.50917 0.55903
vt 0.50873 0.55903
vt 0.50898 0.55894
vt 0.02208 0.04003
vt 0.02224 0.03997
vt 0.02209 0.04007
vt 0.02189 0.04005
vt 0.02194 0.04009
vt 0.02175 0.03995
vt 0.02179 0.04001
vt 0.02167 0.03979
vt 0.02172 0.03984
vt 0.02219 0.03994
vt 0.02106 0.02983
vt 0.02101 0.03005
vt 0.02108 0.02996
vt 0.02111 0.03021
vt 0.02120 0.03012
vt 0.02128 0.03028
vt 0.02134 0.03022
vt 0.02153 0.03025
vt 0.02102 0.02986
vt 0.02114 0.02967
vt 0.40794 0.95964
vt 0.40140 0.95923
vt 0.40709 0.96475
vt 0.41503 0.91193
vt 0.41369 0.90966
vt 0.41389 0.91207
vt 0.40560 0.96704
vt 0.39798 0.96601
vt 0.40494 0.96106
vt 0.39119 0.96453
vt 0.38558 0.96387
vt 0.39025 0.95897
vt 0.42171 0.97552
vt 0.41369 0.97516
vt 0.42171 0.96916
vt 0.40594 0.97391
vt 0.41336 0.96841
vt 0.39849 0.97194
vt 0.39158 0.96947
vt 0.38720 0.96769
vt 0.41338 0.98178
vt 0.40533 0.98019
vt 0.39733 0.97745
vt 0.39019 0.97365
vt 0.38129 0.96414
vt 0.42171 0.98240
vt 0.41298 0.98717
vt 0.39559 0.98198
vt 0.38793 0.97717
vt 0.38470 0.96966
vt 0.37755 0.96480
vt 0.38185 0.97159
vt 0.37445 0.96508
vt 0.37950 0.97287
vt 0.37884 0.96168
vt 0.37793 0.95944
vt 0.37843 0.95978
vt 0.37844 0.95833
vt 0.37846 0.95649
vt 0.37793 0.95782
vt 0.37647 0.95402
vt 0.37803 0.95064
vt 0.37922 0.95552
vt 0.37948 0.95658
vt 0.38055 0.95622
vt 0.40975 0.93648
vt 0.40763 0.93604
vt 0.40715 0.93903
vt 0.39651 0.95808
vt 0.40038 0.96344
vt 0.38863 0.96101
vt 0.39249 0.96470
vt 0.39144 0.95865
vt 0.39853 0.96779
vt 0.39507 0.96132
vt 0.40580 0.97002
vt 0.39063 0.96839
vt 0.39676 0.97214
vt 0.40464 0.97529
vt 0.41381 0.97133
vt 0.41303 0.97734
vt 0.39553 0.97702
vt 0.40377 0.98037
vt 0.38860 0.97245
vt 0.38318 0.96675
vt 0.38667 0.97610
vt 0.39432 0.98125
vt 0.40303 0.98497
vt 0.41263 0.98248
vt 0.40271 0.98853
vt 0.41219 0.98728
vt 0.39342 0.98458
vt 0.38515 0.97898
vt 0.41226 0.99085
vt 0.42171 0.98821
vt 0.40290 0.99087
vt 0.39303 0.98679
vt 0.38419 0.98087
vt 0.33822 0.98941
vt 0.31275 0.99041
vt 0.33785 0.99348
vt 0.33774 0.98349
vt 0.31250 0.98430
vt 0.31250 0.97665
vt 0.28500 0.98403
vt 0.38586 0.97991
vt 0.28500 0.99001
vt 0.38449 0.98142
vt 0.39372 0.98740
vt 0.39436 0.98538
vt 0.28500 0.99356
vt 0.31250 0.99421
vt 0.40286 0.99094
vt 0.40418 0.98524
vt 0.40332 0.98882
vt 0.31250 0.99638
vt 0.41257 0.99083
vt 0.42171 0.98799
vt 0.41093 0.92648
vt 0.41096 0.92885
vt 0.41304 0.92644
vt 0.41590 0.90793
vt 0.41600 0.90684
vt 0.41287 0.90782
vt 0.41596 0.90556
vt 0.41857 0.91008
vt 0.41848 0.90783
vt 0.41602 0.90984
vt 0.42170 0.90793
vt 0.42170 0.90696
vt 0.41409 0.88815
vt 0.41323 0.88631
vt 0.41095 0.88885
vt 0.40604 0.89081
vt 0.40807 0.88974
vt 0.40508 0.88949
vt 0.38399 0.93597
vt 0.38228 0.93306
vt 0.38288 0.93777
vt 0.37963 0.92690
vt 0.37989 0.93010
vt 0.38078 0.92711
vt 0.37820 0.93048
vt 0.38006 0.92439
vt 0.38116 0.92507
vt 0.37845 0.92349
vt 0.37811 0.92681
vt 0.38123 0.92084
vt 0.38231 0.92170
vt 0.38423 0.91846
vt 0.38345 0.91729
vt 0.38591 0.91504
vt 0.38175 0.91304
vt 0.38302 0.95941
vt 0.38275 0.95724
vt 0.38414 0.95822
vt 0.38293 0.96048
vt 0.38255 0.95816
vt 0.38251 0.95995
vt 0.38201 0.96106
vt 0.38144 0.95563
vt 0.38176 0.95664
vt 0.38025 0.95515
vt 0.38269 0.96172
vt 0.38190 0.96236
vt 0.38062 0.96269
vt 0.38098 0.96163
vt 0.37997 0.96150
vt 0.38669 0.91665
vt 0.40966 0.92290
vt 0.41049 0.92451
vt 0.41194 0.92218
vt 0.41875 0.91446
vt 0.41875 0.91216
vt 0.41624 0.91405
vt 0.41745 0.91673
vt 0.41521 0.91432
vt 0.42171 0.91242
vt 0.42023 0.91729
vt 0.42051 0.92062
vt 0.42171 0.91739
vt 0.33676 0.99573
vt 0.41240 0.99301
vt 0.42171 0.99151
vt 0.28500 0.99562
vt 0.31250 0.99665
vt 0.41527 0.95380
vt 0.42171 0.95342
vt 0.41505 0.94981
vt 0.42171 0.97211
vt 0.41554 0.96483
vt 0.38237 0.89241
vt 0.38195 0.89240
vt 0.38345 0.89122
vt 0.38220 0.89356
vt 0.38889 0.91383
vt 0.39476 0.88237
vt 0.39902 0.87967
vt 0.39715 0.88378
vt 0.39093 0.88550
vt 0.39318 0.88652
vt 0.39040 0.88971
vt 0.38768 0.88919
vt 0.38706 0.88990
vt 0.38570 0.88973
vt 0.39347 0.89019
vt 0.38760 0.89348
vt 0.38714 0.89284
vt 0.38639 0.89374
vt 0.38508 0.89472
vt 0.38341 0.89506
vt 0.38112 0.89802
vt 0.38217 0.89459
vt 0.38686 0.89260
vt 0.38760 0.89134
vt 0.38605 0.89367
vt 0.38508 0.89434
vt 0.38377 0.89457
vt 0.38280 0.89428
vt 0.38648 0.89056
vt 0.38701 0.89166
vt 0.38242 0.89336
vt 0.38543 0.89022
vt 0.38259 0.89242
vt 0.38463 0.89031
vt 0.38452 0.89053
vt 0.38347 0.89138
vt 0.42171 0.97820
vt 0.41921 0.92032
vt 0.41816 0.92001
vt 0.40141 0.95495
vt 0.40815 0.95479
vt 0.40122 0.95111
vt 0.40797 0.95062
vt 0.41561 0.96012
vt 0.40780 0.92029
vt 0.40954 0.91836
vt 0.40665 0.91919
vt 0.40893 0.92169
vt 0.41875 0.91703
vt 0.41274 0.90977
vt 0.41276 0.99311
vt 0.42171 0.99167
vt 0.33592 0.99635
vt 0.42171 0.98338
vt 0.42171 0.91459
vt 0.42170 0.91015
vt 0.37324 0.95000
vt 0.37491 0.95719
vt 0.38515 0.88871
vt 0.37822 0.89780
vt 0.38330 0.95166
vt 0.37893 0.96083
vt 0.40947 0.93349
vt 0.40489 0.93839
vt 0.40208 0.93979
vt 0.39816 0.94075
vt 0.39889 0.94201
vt 0.39381 0.94073
vt 0.38934 0.93974
vt 0.38940 0.94164
vt 0.38628 0.93790
vt 0.37850 0.97187
vt 0.41046 0.93118
vt 0.41225 0.93160
vt 0.40516 0.91805
vt 0.40763 0.91720
vt 0.39286 0.91473
vt 0.39631 0.91480
vt 0.39625 0.91372
vt 0.40738 0.88819
vt 0.40364 0.89113
vt 0.38115 0.92974
vt 0.42171 0.92065
vt 0.42171 0.92349
vt 0.42171 0.99359
vt 0.42171 0.99404
vt 0.42171 0.94928
vt 0.42171 0.96512
vt 0.38935 0.91531
vt 0.38514 0.89818
vt 0.42171 0.99374
vt 0.42005 0.92582
vt 0.42171 0.92465
vt 0.42019 0.92345
vt 0.39756 0.88982
vt 0.39490 0.89882
vt 0.38102 0.90854
vt 0.37325 0.90823
vt 0.39137 0.88163
vt 0.38399 0.88798
vt 0.40299 0.88021
vt 0.40554 0.87760
vt 0.39773 0.88055
vt 0.39805 0.88220
vt 0.32799 0.89039
vt 0.29229 0.89059
vt 0.31250 0.89948
vt 0.34709 0.89950
vt 0.38587 0.88800
vt 0.38375 0.88778
vt 0.37766 0.89688
vt 0.38057 0.89797
vt 0.38743 0.88851
vt 0.36888 0.94340
vt 0.37173 0.95793
vt 0.39088 0.89054
vt 0.39896 0.88386
vt 0.37419 0.92142
vt 0.37361 0.93086
vt 0.40174 0.88692
vt 0.39541 0.89270
vt 0.40265 0.89618
vt 0.40351 0.89359
vt 0.40760 0.89507
vt 0.40892 0.89804
vt 0.41028 0.89523
vt 0.41061 0.90651
vt 0.40542 0.90614
vt 0.40987 0.90879
vt 0.42171 0.96269
vt 0.41698 0.88767
vt 0.38972 0.94430
vt 0.38394 0.95169
vt 0.39142 0.95099
vt 0.41174 0.91557
vt 0.40868 0.91447
vt 0.41209 0.90468
vt 0.40966 0.88024
vt 0.35913 0.97448
vt 0.37689 0.97404
vt 0.43632 0.96475
vt 0.44201 0.95923
vt 0.43547 0.95964
vt 0.42952 0.91207
vt 0.42972 0.90966
vt 0.42838 0.91193
vt 0.43848 0.96106
vt 0.44543 0.96601
vt 0.43781 0.96704
vt 0.45317 0.95897
vt 0.45784 0.96387
vt 0.45223 0.96453
vt 0.42972 0.97516
vt 0.43006 0.96841
vt 0.43747 0.97391
vt 0.44493 0.97194
vt 0.45184 0.96947
vt 0.45622 0.96769
vt 0.43003 0.98178
vt 0.43808 0.98019
vt 0.44609 0.97745
vt 0.45323 0.97365
vt 0.46213 0.96414
vt 0.43044 0.98717
vt 0.44782 0.98198
vt 0.45871 0.96966
vt 0.45549 0.97717
vt 0.46156 0.97159
vt 0.46587 0.96480
vt 0.46391 0.97287
vt 0.46896 0.96508
vt 0.46548 0.95944
vt 0.46457 0.96168
vt 0.46499 0.95978
vt 0.46497 0.95833
vt 0.46287 0.95622
vt 0.46419 0.95552
vt 0.46393 0.95658
vt 0.43626 0.93903
vt 0.43578 0.93604
vt 0.43366 0.93648
vt 0.44303 0.96344
vt 0.44690 0.95808
vt 0.45197 0.95865
vt 0.45092 0.96470
vt 0.45478 0.96101
vt 0.44834 0.96132
vt 0.44489 0.96779
vt 0.43761 0.97002
vt 0.45278 0.96839
vt 0.44665 0.97214
vt 0.43877 0.97529
vt 0.43038 0.97734
vt 0.42960 0.97133
vt 0.44788 0.97702
vt 0.43964 0.98037
vt 0.45674 0.97610
vt 0.46023 0.96675
vt 0.45481 0.97245
vt 0.44910 0.98125
vt 0.43079 0.98248
vt 0.44038 0.98497
vt 0.43122 0.98728
vt 0.44070 0.98853
vt 0.44999 0.98458
vt 0.45826 0.97898
vt 0.43115 0.99085
vt 0.44052 0.99087
vt 0.45038 0.98679
vt 0.45922 0.98087
vt 0.45756 0.97991
vt 0.44969 0.98740
vt 0.45893 0.98142
vt 0.44906 0.98538
vt 0.44056 0.99094
vt 0.44010 0.98882
vt 0.43924 0.98524
vt 0.43085 0.99083
vt 0.43037 0.92644
vt 0.43245 0.92885
vt 0.43248 0.92648
vt 0.43054 0.90782
vt 0.42741 0.90684
vt 0.42751 0.90793
vt 0.42745 0.90556
vt 0.42739 0.90984
vt 0.42493 0.90783
vt 0.42484 0.91008
vt 0.43246 0.88885
vt 0.43018 0.88631
vt 0.42932 0.88815
vt 0.43833 0.88949
vt 0.43535 0.88974
vt 0.43737 0.89081
vt 0.46053 0.93777
vt 0.46113 0.93306
vt 0.45943 0.93597
vt 0.46263 0.92711
vt 0.46353 0.93010
vt 0.46378 0.92690
vt 0.46521 0.93048
vt 0.46225 0.92507
vt 0.46335 0.92439
vt 0.46530 0.92681
vt 0.46496 0.92349
vt 0.46111 0.92170
vt 0.46218 0.92084
vt 0.45918 0.91846
vt 0.46167 0.91304
vt 0.45750 0.91504
vt 0.45996 0.91729
vt 0.45928 0.95822
vt 0.46067 0.95724
vt 0.46040 0.95941
vt 0.46048 0.96048
vt 0.46087 0.95816
vt 0.46140 0.96106
vt 0.46090 0.95995
vt 0.46166 0.95664
vt 0.46198 0.95563
vt 0.46317 0.95515
vt 0.46151 0.96236
vt 0.46073 0.96172
vt 0.46280 0.96269
vt 0.46243 0.96163
vt 0.46344 0.96150
vt 0.45672 0.91665
vt 0.43147 0.92218
vt 0.43292 0.92451
vt 0.43375 0.92290
vt 0.42717 0.91405
vt 0.42466 0.91216
vt 0.42466 0.91446
vt 0.42596 0.91673
vt 0.42820 0.91432
vt 0.42290 0.92062
vt 0.42318 0.91729
vt 0.43102 0.99301
vt 0.28506 0.99562
vt 0.42836 0.94981
vt 0.42814 0.95380
vt 0.42787 0.96483
vt 0.45997 0.89122
vt 0.46147 0.89240
vt 0.46104 0.89241
vt 0.46122 0.89356
vt 0.45452 0.91383
vt 0.44627 0.88378
vt 0.44439 0.87967
vt 0.44866 0.88237
vt 0.45023 0.88652
vt 0.45249 0.88550
vt 0.45573 0.88919
vt 0.45301 0.88971
vt 0.45772 0.88973
vt 0.45636 0.88990
vt 0.45582 0.89348
vt 0.44995 0.89019
vt 0.45628 0.89284
vt 0.45833 0.89472
vt 0.45703 0.89374
vt 0.46229 0.89802
vt 0.46001 0.89506
vt 0.46125 0.89459
vt 0.45581 0.89134
vt 0.45656 0.89260
vt 0.45737 0.89367
vt 0.45965 0.89457
vt 0.45834 0.89434
vt 0.46062 0.89428
vt 0.45641 0.89166
vt 0.45693 0.89056
vt 0.46099 0.89336
vt 0.45798 0.89022
vt 0.46082 0.89242
vt 0.45889 0.89053
vt 0.45878 0.89031
vt 0.45995 0.89138
vt 0.42525 0.92001
vt 0.42421 0.92032
vt 0.44219 0.95111
vt 0.43526 0.95479
vt 0.44200 0.95495
vt 0.43544 0.95062
vt 0.42780 0.96012
vt 0.43676 0.91919
vt 0.43387 0.91836
vt 0.43561 0.92029
vt 0.43448 0.92169
vt 0.42466 0.91703
vt 0.43067 0.90977
vt 0.43066 0.99311
vt 0.43097 0.99377
vt 0.46539 0.95064
vt 0.46851 0.95719
vt 0.46549 0.95782
vt 0.45827 0.88871
vt 0.46519 0.89780
vt 0.46011 0.95166
vt 0.46448 0.96083
vt 0.46495 0.95649
vt 0.44035 0.91521
vt 0.44070 0.91664
vt 0.44347 0.91561
vt 0.43394 0.93349
vt 0.43852 0.93839
vt 0.44452 0.94201
vt 0.44525 0.94075
vt 0.44133 0.93979
vt 0.45401 0.94164
vt 0.45407 0.93974
vt 0.44961 0.94073
vt 0.45713 0.93790
vt 0.46491 0.97187
vt 0.43116 0.93160
vt 0.43295 0.93118
vt 0.43578 0.91720
vt 0.43825 0.91805
vt 0.44716 0.91372
vt 0.44710 0.91480
vt 0.45055 0.91473
vt 0.43603 0.88819
vt 0.43977 0.89113
vt 0.46226 0.92974
vt 0.28475 0.99621
vt 0.45406 0.91531
vt 0.45827 0.89818
vt 0.42322 0.92345
vt 0.42336 0.92582
vt 0.44851 0.89882
vt 0.44586 0.88982
vt 0.47017 0.90823
vt 0.46240 0.90854
vt 0.45204 0.88163
vt 0.45942 0.88798
vt 0.44568 0.88055
vt 0.43787 0.87760
vt 0.44043 0.88021
vt 0.44536 0.88220
vt 0.46575 0.89688
vt 0.45966 0.88778
vt 0.45755 0.88800
vt 0.46285 0.89797
vt 0.45598 0.88851
vt 0.47169 0.95793
vt 0.47018 0.95000
vt 0.44445 0.88386
vt 0.45253 0.89054
vt 0.46922 0.92142
vt 0.46980 0.93086
vt 0.44800 0.89270
vt 0.44167 0.88692
vt 0.43990 0.89359
vt 0.44076 0.89618
vt 0.43449 0.89804
vt 0.43581 0.89507
vt 0.43313 0.89523
vt 0.43354 0.90879
vt 0.43799 0.90614
vt 0.43280 0.90651
vt 0.42644 0.88767
vt 0.45199 0.95099
vt 0.45947 0.95169
vt 0.45370 0.94430
vt 0.43168 0.91557
vt 0.43473 0.91447
vt 0.43132 0.90468
vt 0.43376 0.88024
vt 0.26414 0.97548
vt 0.40851 0.89371
vt 0.40596 0.89345
vt 0.43490 0.89371
vt 0.43739 0.89345
vt 0.42171 0.96189
vt 0.42023 0.96147
vt 0.42318 0.96147
vt 0.42013 0.95580
vt 0.42171 0.95535
vt 0.42328 0.95580
vt 0.42441 0.96047
vt 0.42482 0.95874
vt 0.41859 0.95874
vt 0.41900 0.96047
vt 0.42448 0.95698
vt 0.41893 0.95698
vt 0.39994 0.91561
vt 0.40306 0.91521
vt 0.40271 0.91664
vt 0.38128 0.94036
vt 0.46213 0.94036
vt 0.42171 0.88524
vt 0.42171 0.88743
vt 0.42171 0.92876
vt 0.27157 0.90041
vt 0.34690 0.94570
vt 0.30505 0.94568
vt 0.34350 0.93383
vt 0.31090 0.91068
vt 0.35012 0.91073
vt 0.34138 0.92242
vt 0.47202 0.91972
vt 0.47085 0.90807
vt 0.47633 0.94307
vt 0.47454 0.94340
vt 0.47274 0.93079
vt 0.27148 0.91084
vt 0.27812 0.92233
vt 0.34138 0.92393
vt 0.36708 0.94307
vt 0.36839 0.94308
vt 0.36992 0.92979
vt 0.37068 0.93079
vt 0.37715 0.94429
vt 0.46626 0.94429
vt 0.01289 0.03357
vt 0.01328 0.03370
vt 0.01318 0.03349
vt 0.01278 0.03334
vt 0.01356 0.03385
vt 0.01354 0.03370
vt 0.01242 0.03348
vt 0.01224 0.03322
vt 0.01174 0.03321
vt 0.01196 0.03349
vt 0.01122 0.03330
vt 0.01155 0.03357
vt 0.01083 0.03349
vt 0.01118 0.03375
vt 0.01047 0.03376
vt 0.01083 0.03396
vt 0.01019 0.03423
vt 0.01053 0.03429
vt 0.01030 0.03470
vt 0.01002 0.03473
vt 0.01021 0.03499
vt 0.00997 0.03503
vt 0.01378 0.03401
vt 0.01376 0.03387
vt 0.01389 0.03411
vt 0.01393 0.03403
vt 0.01405 0.03427
vt 0.01410 0.03423
vt 0.01415 0.03441
vt 0.01420 0.03441
vt 0.01427 0.03462
vt 0.01432 0.03465
vt 0.01437 0.03490
vt 0.01439 0.03493
vt 0.01438 0.03526
vt 0.01439 0.03528
vt 0.01430 0.03562
vt 0.01432 0.03562
vt 0.01410 0.03601
vt 0.01417 0.03596
vt 0.01386 0.03631
vt 0.01390 0.03634
vt 0.01352 0.03659
vt 0.01350 0.03668
vt 0.01315 0.03676
vt 0.01309 0.03689
vt 0.01252 0.03703
vt 0.01257 0.03691
vt 0.01188 0.03702
vt 0.01196 0.03692
vt 0.01044 0.03633
vt 0.01077 0.03661
vt 0.01091 0.03649
vt 0.01064 0.03619
vt 0.01019 0.03590
vt 0.01042 0.03583
vt 0.01002 0.03541
vt 0.01025 0.03533
vt 0.01135 0.03676
vt 0.01122 0.03688
vt 0.02006 0.03702
vt 0.01998 0.03692
vt 0.01937 0.03691
vt 0.01942 0.03703
vt 0.02072 0.03688
vt 0.02059 0.03676
vt 0.02117 0.03661
vt 0.02103 0.03649
vt 0.02150 0.03633
vt 0.02130 0.03619
vt 0.02175 0.03590
vt 0.02152 0.03583
vt 0.02192 0.03541
vt 0.02168 0.03533
vt 0.02197 0.03503
vt 0.02173 0.03499
vt 0.02192 0.03473
vt 0.02164 0.03470
vt 0.02175 0.03423
vt 0.02141 0.03429
vt 0.02111 0.03396
vt 0.02147 0.03376
vt 0.02076 0.03375
vt 0.02111 0.03349
vt 0.01998 0.03349
vt 0.02039 0.03357
vt 0.02072 0.03330
vt 0.02020 0.03321
vt 0.01952 0.03348
vt 0.01969 0.03322
vt 0.01916 0.03334
vt 0.01905 0.03357
vt 0.01876 0.03349
vt 0.01866 0.03370
vt 0.01840 0.03370
vt 0.01838 0.03385
vt 0.01818 0.03387
vt 0.01816 0.03401
vt 0.01801 0.03403
vt 0.01805 0.03411
vt 0.01784 0.03423
vt 0.01789 0.03427
vt 0.01774 0.03441
vt 0.01779 0.03441
vt 0.01761 0.03465
vt 0.01767 0.03462
vt 0.01755 0.03493
vt 0.01757 0.03490
vt 0.01755 0.03528
vt 0.01756 0.03526
vt 0.01762 0.03562
vt 0.01764 0.03562
vt 0.01776 0.03596
vt 0.01784 0.03601
vt 0.01803 0.03634
vt 0.01808 0.03631
vt 0.01844 0.03668
vt 0.01842 0.03659
vt 0.01885 0.03689
vt 0.01879 0.03676
vt 0.27084 0.92916
vt 0.27699 0.93776
vt 0.28809 0.94287
vt 0.27685 0.91971
vt 0.30448 0.94568
vt 0.32413 0.94439
vt 0.28541 0.91420
vt 0.30112 0.91068
vt 0.31768 0.91099
vt 0.33052 0.91318
vt 0.34027 0.91813
vt 0.33454 0.94033
vt 0.34337 0.93453
vt 0.34453 0.92507
vt 0.30448 0.94567
vt 0.33621 0.91488
vt 0.34350 0.92245
vt 0.01518 0.03022
vt 0.01597 0.03024
vt 0.01597 0.03027
vt 0.01518 0.03025
vt 0.01440 0.03016
vt 0.01441 0.03020
vt 0.01676 0.03022
vt 0.01676 0.03025
vt 0.01753 0.03016
vt 0.01753 0.03020
vt 0.01528 0.02924
vt 0.01525 0.02931
vt 0.01597 0.02929
vt 0.01597 0.02921
vt 0.01485 0.02931
vt 0.01485 0.02939
vt 0.01443 0.02947
vt 0.01439 0.02941
vt 0.01403 0.02960
vt 0.01397 0.02955
vt 0.01367 0.02970
vt 0.01373 0.02974
vt 0.01403 0.03015
vt 0.01371 0.03013
vt 0.01366 0.03009
vt 0.01404 0.03013
vt 0.01797 0.02955
vt 0.01791 0.02960
vt 0.01821 0.02974
vt 0.01827 0.02970
vt 0.01755 0.02941
vt 0.01751 0.02947
vt 0.01709 0.02931
vt 0.01709 0.02939
vt 0.01669 0.02931
vt 0.01666 0.02924
vt 0.01823 0.03013
vt 0.01827 0.03009
vt 0.01790 0.03013
vt 0.01791 0.03015
vt 0.41132 0.87732
vt 0.42171 0.87758
vt 0.42171 0.88035
vt 0.40145 0.87757
vt 0.39481 0.87973
vt 0.39768 0.87844
vt 0.32657 0.88240
vt 0.32538 0.88118
vt 0.29862 0.88105
vt 0.29681 0.88235
vt 0.39831 0.87902
vt 0.40165 0.87776
vt 0.39803 0.87856
vt 0.39473 0.87979
vt 0.40758 0.87673
vt 0.41282 0.87659
vt 0.41405 0.87602
vt 0.42171 0.87633
vt 0.42171 0.87585
vt 0.41133 0.87836
vt 0.42171 0.87790
vt 0.40867 0.88912
vt 0.42171 0.88992
vt 0.42171 0.89986
vt 0.40744 0.89921
vt 0.42171 0.91102
vt 0.40609 0.90973
vt 0.42171 0.92239
vt 0.40507 0.92118
vt 0.40438 0.93369
vt 0.42171 0.93420
vt 0.40406 0.94768
vt 0.42171 0.94876
vt 0.38902 0.94604
vt 0.38927 0.93266
vt 0.39046 0.92033
vt 0.39229 0.90916
vt 0.37753 0.93147
vt 0.37886 0.91972
vt 0.37139 0.91972
vt 0.32715 0.88419
vt 0.29507 0.88425
vt 0.39449 0.88099
vt 0.39131 0.88158
vt 0.37277 0.90812
vt 0.37617 0.91012
vt 0.31250 0.96142
vt 0.26763 0.94601
vt 0.26331 0.96055
vt 0.35318 0.95965
vt 0.37084 0.92132
vt 0.37424 0.94143
vt 0.37102 0.95704
vt 0.37685 0.95400
vt 0.38478 0.90007
vt 0.41121 0.87967
vt 0.42171 0.87900
vt 0.40325 0.88178
vt 0.41189 0.88287
vt 0.42171 0.88183
vt 0.40509 0.88508
vt 0.39017 0.90146
vt 0.38857 0.91059
vt 0.26359 0.96769
vt 0.31250 0.96819
vt 0.35625 0.96700
vt 0.37384 0.96438
vt 0.37932 0.96037
vt 0.38594 0.95657
vt 0.39745 0.90363
vt 0.39641 0.91115
vt 0.40381 0.91262
vt 0.39253 0.95438
vt 0.40763 0.94316
vt 0.41569 0.94319
vt 0.40033 0.94451
vt 0.42171 0.94313
vt 0.42171 0.93766
vt 0.41751 0.93728
vt 0.41874 0.93202
vt 0.42171 0.93186
vt 0.41541 0.93177
vt 0.41311 0.93710
vt 0.41617 0.92633
vt 0.41484 0.92107
vt 0.41548 0.89798
vt 0.41599 0.89539
vt 0.42171 0.89763
vt 0.42171 0.89536
vt 0.42171 0.90261
vt 0.41547 0.90345
vt 0.42171 0.90548
vt 0.42171 0.89446
vt 0.41634 0.89434
vt 0.41103 0.89396
vt 0.43210 0.87732
vt 0.44196 0.87757
vt 0.44574 0.87844
vt 0.44860 0.87973
vt 0.44539 0.87856
vt 0.44176 0.87776
vt 0.44510 0.87902
vt 0.44869 0.87979
vt 0.43583 0.87673
vt 0.43060 0.87659
vt 0.42937 0.87602
vt 0.43208 0.87836
vt 0.43475 0.88912
vt 0.43598 0.89921
vt 0.43733 0.90973
vt 0.43835 0.92118
vt 0.43904 0.93369
vt 0.43936 0.94768
vt 0.45440 0.94604
vt 0.45414 0.93266
vt 0.45295 0.92033
vt 0.45113 0.90916
vt 0.46589 0.93147
vt 0.46456 0.91972
vt 0.44892 0.88099
vt 0.45210 0.88158
vt 0.47064 0.90812
vt 0.46724 0.91012
vt 0.47257 0.91981
vt 0.47349 0.93122
vt 0.46917 0.94143
vt 0.47502 0.94308
vt 0.46656 0.95400
vt 0.47239 0.95704
vt 0.45863 0.90007
vt 0.43221 0.87967
vt 0.44016 0.88178
vt 0.43152 0.88287
vt 0.43832 0.88508
vt 0.45324 0.90146
vt 0.45484 0.91059
vt 0.46957 0.96438
vt 0.46409 0.96037
vt 0.45747 0.95657
vt 0.44596 0.90363
vt 0.44701 0.91115
vt 0.43960 0.91262
vt 0.45088 0.95438
vt 0.43578 0.94316
vt 0.42772 0.94319
vt 0.44308 0.94451
vt 0.42590 0.93728
vt 0.42467 0.93202
vt 0.43030 0.93710
vt 0.42800 0.93177
vt 0.42724 0.92633
vt 0.42857 0.92107
vt 0.42742 0.89539
vt 0.42793 0.89798
vt 0.42794 0.90345
vt 0.42707 0.89434
vt 0.43238 0.89396
vt 0.27139 0.91084
vt 0.30738 0.33510
vt 0.30738 0.35307
vt 0.34138 0.33510
vt 0.34138 0.35307
vt 0.34191 0.33864
vt 0.34225 0.34799
vt 0.30668 0.33864
vt 0.30668 0.34799
vt 0.32438 0.33510
vt 0.32438 0.35310
vt 0.33138 0.35310
vt 0.31738 0.35310
vt 0.32925 0.33510
vt 0.31951 0.33510
vt 0.33228 0.32892
vt 0.33228 0.32423
vt 0.31643 0.32892
vt 0.31648 0.32423
vt 0.31778 0.32564
vt 0.31643 0.32735
vt 0.33098 0.32564
vt 0.33233 0.32735
vt 0.32809 0.32424
vt 0.32068 0.32421
vt 0.32808 0.32840
vt 0.32068 0.32840
vt 0.29194 0.31160
vt 0.26925 0.28609
vt 0.25901 0.29965
vt 0.25901 0.32822
vt 0.26925 0.34178
vt 0.28370 0.34698
vt 0.29708 0.34650
vt 0.29708 0.28137
vt 0.28370 0.28089
vt 0.30944 0.34151
vt 0.25627 0.31394
vt 0.31722 0.33336
vt 0.32095 0.32447
vt 0.32285 0.31394
vt 0.32095 0.30340
vt 0.31722 0.29451
vt 0.30944 0.28637
vt 0.31250 0.95270
vt 0.32624 0.95270
vt 0.31250 0.95133
vt 0.33355 0.95270
vt 0.33101 0.95270
vt 0.31981 0.95270
vt 0.30519 0.95270
vt 0.29399 0.95270
vt 0.29145 0.95270
vt 0.29876 0.95270
vt 0.31250 0.97800
vt 0.35206 0.97800
vt 0.35206 0.97011
vt 0.31250 0.97011
vt 0.42185 0.98448
vt 0.42914 0.98448
vt 0.42914 0.98013
vt 0.42185 0.98013
vt 0.43743 0.98448
vt 0.43743 0.98013
vt 0.44284 0.98448
vt 0.44284 0.98013
vt 0.33355 0.97800
vt 0.29145 0.97800
vt 0.29145 0.97011
vt 0.33355 0.97011
vt 0.44285 0.98448
vt 0.44285 0.98013
vt 0.27294 0.97800
vt 0.27294 0.97011
vt 0.34729 0.96269
vt 0.31250 0.96269
vt 0.42940 0.97606
vt 0.42298 0.97606
vt 0.43669 0.97606
vt 0.44145 0.97606
vt 0.29399 0.96269
vt 0.33101 0.96269
vt 0.27771 0.96269
vt 0.33832 0.95665
vt 0.31250 0.95665
vt 0.42988 0.97273
vt 0.42512 0.97273
vt 0.43529 0.97273
vt 0.43883 0.97273
vt 0.29876 0.95665
vt 0.32624 0.95665
vt 0.28668 0.95665
vt 0.43053 0.97056
vt 0.42800 0.97056
vt 0.43341 0.97056
vt 0.43529 0.97056
vt 0.01813 0.03007
vt 0.01812 0.02952
vt 0.01812 0.02964
vt 0.01813 0.02987
vt 0.01813 0.03009
vt 0.01803 0.03007
vt 0.01804 0.02951
vt 0.01803 0.03024
vt 0.01803 0.02955
vt 0.01804 0.02971
vt 0.01805 0.02991
vt 0.01803 0.03014
vt 0.01367 0.03043
vt 0.01367 0.03024
vt 0.01370 0.02944
vt 0.01811 0.02944
vt 0.01813 0.03024
vt 0.01814 0.03043
vt 0.01814 0.03045
vt 0.01369 0.02952
vt 0.01367 0.03007
vt 0.01369 0.02964
vt 0.01367 0.02987
vt 0.01368 0.03009
vt 0.01377 0.03024
vt 0.01377 0.02951
vt 0.01378 0.02955
vt 0.01377 0.03007
vt 0.01377 0.02971
vt 0.01375 0.02991
vt 0.01377 0.03014
vt 0.01433 0.02925
vt 0.01747 0.02925
vt 0.01437 0.02952
vt 0.01744 0.02952
vt 0.01590 0.02913
vt 0.01590 0.03044
vt 0.01746 0.02934
vt 0.01805 0.03043
vt 0.01435 0.02934
vt 0.01374 0.03043
vt 0.01590 0.02944
vt 0.01590 0.03026
vt 0.01475 0.03023
vt 0.01706 0.03023
vt 0.42125 0.89132
vt 0.42125 0.89434
vt 0.42921 0.89407
vt 0.42908 0.89143
vt 0.42125 0.88842
vt 0.43644 0.89342
vt 0.43645 0.89193
vt 0.43636 0.89041
vt 0.43183 0.88890
vt 0.43186 0.88824
vt 0.43636 0.88958
vt 0.42125 0.89464
vt 0.42913 0.89443
vt 0.43573 0.89377
vt 0.43195 0.88774
vt 0.43627 0.88903
vt 0.43586 0.89580
vt 0.43648 0.89590
vt 0.43649 0.89580
vt 0.41330 0.89407
vt 0.41337 0.89443
vt 0.40673 0.89377
vt 0.40606 0.89342
vt 0.41342 0.89143
vt 0.40614 0.88958
vt 0.41064 0.88824
vt 0.41056 0.88774
vt 0.40623 0.88903
vt 0.40614 0.89041
vt 0.41067 0.88890
vt 0.40605 0.89193
vt 0.40601 0.89580
vt 0.40602 0.89580
vt 0.40648 0.89580
vt 0.42125 0.89582
vt 0.42125 0.89586
vt 0.42125 0.88632
vt 0.42125 0.88713
vt 0.01590 0.02904
vt 0.43647 0.89444
vt 0.43578 0.89445
vt 0.43646 0.89333
vt 0.43578 0.89335
vt 0.40672 0.89445
vt 0.40604 0.89444
vt 0.40672 0.89335
vt 0.40604 0.89333
vt 0.31274 0.57968
vt 0.31274 0.56295
vt 0.30757 0.57886
vt 0.30290 0.57649
vt 0.29920 0.57279
vt 0.29683 0.56812
vt 0.29601 0.56295
vt 0.29683 0.55778
vt 0.29920 0.55312
vt 0.30290 0.54942
vt 0.30757 0.54704
vt 0.31274 0.54622
vt 0.31791 0.54704
vt 0.32257 0.54942
vt 0.32627 0.55312
vt 0.32865 0.55778
vt 0.32947 0.56295
vt 0.32865 0.56812
vt 0.32627 0.57279
vt 0.32257 0.57649
vt 0.31791 0.57886
vt 0.28247 0.57279
vt 0.28936 0.57055
vt 0.28816 0.56295
vt 0.28091 0.56295
vt 0.28699 0.58166
vt 0.29285 0.57740
vt 0.29403 0.58870
vt 0.29829 0.58284
vt 0.30290 0.59322
vt 0.30514 0.58633
vt 0.31274 0.59477
vt 0.31274 0.58753
vt 0.32257 0.59322
vt 0.32033 0.58633
vt 0.33144 0.58870
vt 0.32718 0.58284
vt 0.33848 0.58166
vt 0.33262 0.57740
vt 0.34300 0.57279
vt 0.33611 0.57055
vt 0.34456 0.56295
vt 0.33731 0.56295
vt 0.34300 0.55312
vt 0.33611 0.55536
vt 0.33848 0.54425
vt 0.33262 0.54851
vt 0.33144 0.53721
vt 0.32718 0.54307
vt 0.32257 0.53269
vt 0.32033 0.53958
vt 0.31274 0.53113
vt 0.31274 0.53837
vt 0.30290 0.53269
vt 0.30514 0.53958
vt 0.29403 0.53721
vt 0.29829 0.54307
vt 0.28699 0.54425
vt 0.29285 0.54851
vt 0.28247 0.55312
vt 0.28936 0.55536
vt 0.31274 0.50882
vt 0.31274 0.51146
vt 0.32865 0.51398
vt 0.32947 0.51146
vt 0.34300 0.52130
vt 0.35439 0.53269
vt 0.35654 0.53113
vt 0.34456 0.51915
vt 0.36171 0.54704
vt 0.36423 0.54622
vt 0.36423 0.56295
vt 0.36688 0.56295
vt 0.36171 0.57886
vt 0.36423 0.57968
vt 0.35439 0.59322
vt 0.35654 0.59477
vt 0.34300 0.60461
vt 0.34456 0.60675
vt 0.32865 0.61192
vt 0.32947 0.61444
vt 0.31274 0.61444
vt 0.31274 0.61709
vt 0.29683 0.61192
vt 0.29601 0.61444
vt 0.28247 0.60461
vt 0.28092 0.60675
vt 0.26894 0.59477
vt 0.27108 0.59322
vt 0.26125 0.57968
vt 0.26377 0.57886
vt 0.26125 0.56295
vt 0.25860 0.56295
vt 0.26377 0.54704
vt 0.26125 0.54622
vt 0.27108 0.53269
vt 0.26894 0.53113
vt 0.28092 0.51915
vt 0.28247 0.52130
vt 0.29601 0.51146
vt 0.29683 0.51398
vt 0.27730 0.58870
vt 0.27108 0.57649
vt 0.28699 0.59839
vt 0.29920 0.60461
vt 0.31274 0.60675
vt 0.32627 0.60461
vt 0.33848 0.59839
vt 0.34817 0.58870
vt 0.35439 0.57649
vt 0.35653 0.56295
vt 0.35439 0.54942
vt 0.34817 0.53721
vt 0.33848 0.52752
vt 0.32627 0.52130
vt 0.31274 0.51915
vt 0.29920 0.52130
vt 0.28699 0.52752
vt 0.27730 0.53721
vt 0.27108 0.54942
vt 0.26894 0.56295
vt 0.35536 0.50816
vt 0.35717 0.50844
vt 0.35790 0.50902
vt 0.35448 0.50847
vt 0.35880 0.50927
vt 0.36010 0.51057
vt 0.36036 0.51147
vt 0.36093 0.51220
vt 0.36122 0.51401
vt 0.36090 0.51489
vt 0.36093 0.51583
vt 0.36010 0.51746
vt 0.35932 0.51798
vt 0.35880 0.51876
vt 0.35717 0.51959
vt 0.35623 0.51956
vt 0.35536 0.51987
vt 0.35355 0.51959
vt 0.35281 0.51901
vt 0.35191 0.51876
vt 0.35062 0.51746
vt 0.35036 0.51656
vt 0.34978 0.51583
vt 0.34950 0.51401
vt 0.34982 0.51314
vt 0.34978 0.51220
vt 0.35062 0.51057
vt 0.35139 0.51005
vt 0.35191 0.50927
vt 0.35355 0.50844
vt 0.35759 0.50963
vt 0.35459 0.50916
vt 0.35974 0.51178
vt 0.36022 0.51478
vt 0.35884 0.51749
vt 0.35613 0.51887
vt 0.35312 0.51840
vt 0.35097 0.51625
vt 0.35050 0.51325
vt 0.35188 0.51054
vt 0.35706 0.51068
vt 0.35477 0.51031
vt 0.35870 0.51231
vt 0.35906 0.51460
vt 0.35801 0.51666
vt 0.35594 0.51772
vt 0.35366 0.51735
vt 0.35202 0.51572
vt 0.35166 0.51343
vt 0.35271 0.51137
vt 0.35636 0.51205
vt 0.35501 0.51183
vt 0.35732 0.51301
vt 0.35754 0.51436
vt 0.35692 0.51558
vt 0.35570 0.51620
vt 0.35435 0.51598
vt 0.35339 0.51502
vt 0.35318 0.51367
vt 0.35380 0.51245
vt 0.35597 0.51341
vt 0.35497 0.51325
vt 0.35612 0.51441
vt 0.35522 0.51487
vt 0.35451 0.51415
vt 0.35536 0.51401
vt 0.43467 0.94340
vt 0.43427 0.94160
vt 0.43716 0.94359
vt 0.43237 0.94288
vt 0.42969 0.93925
vt 0.43031 0.94205
vt 0.42856 0.94092
vt 0.42636 0.93601
vt 0.42715 0.93953
vt 0.42461 0.93221
vt 0.42612 0.93792
vt 0.42549 0.93611
vt 0.42528 0.93416
vt 0.42461 0.92821
vt 0.42549 0.93211
vt 0.45029 0.94340
vt 0.44779 0.94359
vt 0.45069 0.94160
vt 0.45259 0.94288
vt 0.45527 0.93925
vt 0.45464 0.94205
vt 0.45639 0.94092
vt 0.45859 0.93601
vt 0.45780 0.93953
vt 0.46034 0.93221
vt 0.45884 0.93792
vt 0.45947 0.93611
vt 0.45968 0.93416
vt 0.46034 0.92821
vt 0.45947 0.93211
vt 0.44248 0.94300
vt 0.44160 0.94094
vt 0.44335 0.94094
vt 0.44019 0.94166
vt 0.44477 0.94166
vt 0.44800 0.94022
vt 0.43696 0.94022
vt 0.44248 0.94084
vt 0.44576 0.94557
vt 0.44248 0.94632
vt 0.43919 0.94557
vt 0.44502 0.94712
vt 0.44248 0.94741
vt 0.43994 0.94712
vt 0.43765 0.94630
vt 0.43584 0.94502
vt 0.44912 0.94502
vt 0.44730 0.94630
vt 0.43584 0.93819
vt 0.44912 0.93819
vt 0.43388 0.94497
vt 0.43623 0.94664
vt 0.43919 0.94770
vt 0.44248 0.94807
vt 0.44576 0.94770
vt 0.44873 0.94664
vt 0.45108 0.94497
vt 0.43213 0.94457
vt 0.43496 0.94657
vt 0.43853 0.94785
vt 0.44248 0.94829
vt 0.44643 0.94785
vt 0.45000 0.94657
vt 0.45282 0.94457
vt 0.43064 0.94381
vt 0.43388 0.94610
vt 0.43796 0.94757
vt 0.44700 0.94757
vt 0.45108 0.94610
vt 0.45432 0.94381
vt 0.42944 0.94271
vt 0.43301 0.94523
vt 0.43750 0.94685
vt 0.44746 0.94685
vt 0.45195 0.94523
vt 0.45552 0.94271
vt 0.42856 0.94131
vt 0.43237 0.94400
vt 0.43716 0.94573
vt 0.44779 0.94573
vt 0.45259 0.94400
vt 0.45639 0.94131
vt 0.42803 0.93963
vt 0.43198 0.94243
vt 0.43696 0.94422
vt 0.44248 0.94484
vt 0.44800 0.94422
vt 0.45298 0.94243
vt 0.45693 0.93963
vt 0.42784 0.93772
vt 0.43185 0.94055
vt 0.43689 0.94237
vt 0.44807 0.94237
vt 0.45311 0.94055
vt 0.45711 0.93772
vt 0.42803 0.93563
vt 0.43198 0.93843
vt 0.45298 0.93843
vt 0.45693 0.93563
vt 0.44800 0.92019
vt 0.43696 0.92019
vt 0.43696 0.91619
vt 0.44800 0.91619
vt 0.44746 0.92518
vt 0.43750 0.92518
vt 0.44643 0.93065
vt 0.43853 0.93065
vt 0.44502 0.93608
vt 0.43994 0.93608
vt 0.45693 0.92078
vt 0.45693 0.92478
vt 0.45552 0.92932
vt 0.45283 0.93393
vt 0.42803 0.92478
vt 0.42803 0.92078
vt 0.42944 0.92932
vt 0.43213 0.93393
vt 0.39204 0.94340
vt 0.39163 0.94160
vt 0.39453 0.94359
vt 0.38973 0.94288
vt 0.38706 0.93925
vt 0.38768 0.94205
vt 0.38593 0.94092
vt 0.38373 0.93601
vt 0.38452 0.93953
vt 0.38198 0.93221
vt 0.38349 0.93792
vt 0.38286 0.93611
vt 0.38264 0.93416
vt 0.38198 0.92821
vt 0.38286 0.93211
vt 0.40766 0.94340
vt 0.40516 0.94359
vt 0.40806 0.94160
vt 0.40996 0.94288
vt 0.41264 0.93925
vt 0.41201 0.94205
vt 0.41376 0.94092
vt 0.41596 0.93601
vt 0.41517 0.93953
vt 0.41771 0.93221
vt 0.41621 0.93792
vt 0.41684 0.93611
vt 0.41705 0.93416
vt 0.41771 0.92821
vt 0.41684 0.93211
vt 0.39985 0.94300
vt 0.39897 0.94094
vt 0.40072 0.94094
vt 0.39756 0.94166
vt 0.40213 0.94166
vt 0.40537 0.94022
vt 0.39432 0.94022
vt 0.39984 0.94084
vt 0.40313 0.94557
vt 0.39985 0.94632
vt 0.39656 0.94557
vt 0.40238 0.94712
vt 0.39985 0.94741
vt 0.39731 0.94712
vt 0.39502 0.94630
vt 0.39320 0.94502
vt 0.40649 0.94502
vt 0.40467 0.94630
vt 0.39320 0.93819
vt 0.40649 0.93819
vt 0.39124 0.94497
vt 0.39360 0.94664
vt 0.39656 0.94770
vt 0.39985 0.94807
vt 0.40313 0.94770
vt 0.40609 0.94664
vt 0.40845 0.94497
vt 0.38950 0.94457
vt 0.39233 0.94657
vt 0.39589 0.94785
vt 0.39985 0.94829
vt 0.40380 0.94785
vt 0.40736 0.94657
vt 0.41019 0.94457
vt 0.38801 0.94381
vt 0.39124 0.94610
vt 0.39532 0.94757
vt 0.40437 0.94757
vt 0.40845 0.94610
vt 0.41168 0.94381
vt 0.38681 0.94271
vt 0.39037 0.94523
vt 0.39487 0.94685
vt 0.40483 0.94685
vt 0.40932 0.94523
vt 0.41288 0.94271
vt 0.38593 0.94131
vt 0.38973 0.94400
vt 0.39453 0.94573
vt 0.40516 0.94573
vt 0.40996 0.94400
vt 0.41376 0.94131
vt 0.38539 0.93963
vt 0.38934 0.94243
vt 0.39432 0.94422
vt 0.39984 0.94484
vt 0.40537 0.94422
vt 0.41035 0.94243
vt 0.41430 0.93963
vt 0.38521 0.93772
vt 0.38921 0.94055
vt 0.39426 0.94237
vt 0.39984 0.94300
vt 0.40543 0.94237
vt 0.41048 0.94055
vt 0.41448 0.93772
vt 0.38539 0.93563
vt 0.38934 0.93843
vt 0.41035 0.93843
vt 0.41430 0.93563
vt 0.40537 0.92019
vt 0.39433 0.92019
vt 0.39433 0.91619
vt 0.40537 0.91619
vt 0.40483 0.92518
vt 0.39487 0.92518
vt 0.40380 0.93065
vt 0.39589 0.93065
vt 0.40238 0.93608
vt 0.39731 0.93608
vt 0.41430 0.92478
vt 0.41430 0.92078
vt 0.41288 0.92932
vt 0.41019 0.93393
vt 0.38539 0.92078
vt 0.38539 0.92478
vt 0.38681 0.92932
vt 0.38950 0.93393
# 3153 texture vertices

g Base_C
usemtl mCommWhite
f 72/3 73/2 74/1
f 74/1 73/2 79/4
f 74/1 79/4 80/5
f 76/6 74/1 80/5
f 76/6 80/5 77/7
f 77/7 80/5 78/8
f 63/11 64/10 65/9
f 63/11 65/9 85/12
f 46/13 63/11 85/12
f 46/13 85/12 86/14
f 87/15 46/13 86/14
f 84/16 46/13 87/15
f 89/19 84/18 6/17
f 78/22 21/21 5/20
f 11/25 12/24 3/23
f 12/24 13/26 3/23
f 13/26 14/27 3/23
f 10/28 11/25 3/23
f 3/23 9/29 10/28
f 14/27 33/30 3/23
f 3/23 33/30 2/31
f 3/23 4/32 9/29
f 4/32 8/33 9/29
f 7/34 8/33 4/32
f 7/34 4/32 6/35
f 33/30 32/36 2/31
f 2/31 32/36 34/37
f 2/31 34/37 5/38
f 77/7 29/39 76/6
f 5/38 29/39 77/7
f 77/7 78/8 5/38
f 30/40 76/6 29/39
f 74/1 76/6 30/40
f 74/1 30/40 75/41
f 72/3 74/1 75/41
f 87/15 23/42 6/35
f 6/35 84/16 87/15
f 85/12 65/9 25/43
f 25/43 86/14 85/12
f 130/44 86/14 25/43
f 87/15 86/14 130/44
f 87/15 130/44 23/42
f 5/38 34/37 29/39
f 23/42 7/34 6/35
usemtl mCommFace
f 50/47 51/46 56/45
usemtl mCommWhite
f 55/48 50/47 56/45
f 51/46 52/50 57/49
f 56/45 51/46 57/49
f 52/50 53/52 83/51
f 57/49 52/50 83/51
f 50/47 55/48 58/53
f 49/54 50/47 58/53
f 49/54 58/53 59/55
f 48/56 49/54 59/55
f 48/56 59/55 60/57
f 47/58 48/56 60/57
f 47/58 60/57 61/59
f 45/60 47/58 61/59
f 45/60 61/59 62/61
f 44/62 45/60 62/61
f 62/61 63/11 46/13
f 44/62 62/61 46/13
f 82/63 83/51 53/52
f 54/64 82/63 53/52
f 81/65 82/63 54/64
f 15/66 81/65 54/64
f 80/5 79/4 81/65
f 15/66 80/5 81/65
f 98/69 51/68 50/67
f 99/70 98/69 50/67
f 99/70 50/67 49/71
f 101/72 99/70 49/71
f 103/73 101/72 49/71
f 48/74 103/73 49/71
f 103/73 48/74 47/75
f 105/76 103/73 47/75
f 45/78 92/77 105/76
f 47/75 45/78 105/76
f 91/79 92/77 45/78
f 44/80 91/79 45/78
f 46/82 90/81 91/79
f 44/80 46/82 91/79
f 89/19 90/81 46/82
f 84/18 89/19 46/82
f 51/68 98/69 19/83
f 52/84 51/68 19/83
f 52/84 19/83 18/85
f 53/86 52/84 18/85
f 53/86 18/85 17/87
f 54/88 53/86 17/87
f 16/90 15/89 54/88
f 17/87 16/90 54/88
f 80/91 15/89 16/90
f 22/92 80/91 16/90
f 80/91 22/92 21/21
f 78/22 80/91 21/21
f 65/9 64/10 66/93
f 43/94 65/9 66/93
f 70/95 73/2 72/3
f 71/96 70/95 72/3
f 66/93 67/98 42/97
f 43/94 66/93 42/97
f 67/98 68/100 41/99
f 42/97 67/98 41/99
f 41/99 68/100 69/101
f 40/102 41/99 69/101
f 40/102 69/101 70/95
f 71/96 40/102 70/95
f 31/104 26/103 42/97
f 41/99 31/104 42/97
f 40/102 27/105 31/104
f 41/99 40/102 31/104
f 71/96 28/106 27/105
f 40/102 71/96 27/105
f 65/9 43/94 24/107
f 25/43 65/9 24/107
f 72/3 75/41 28/106
f 71/96 72/3 28/106
f 43/94 42/97 26/103
f 24/107 43/94 26/103
f 27/105 13/26 12/24
f 31/104 27/105 12/24
f 12/24 11/25 26/103
f 31/104 12/24 26/103
f 11/25 10/28 24/107
f 26/103 11/25 24/107
f 28/106 14/27 13/26
f 27/105 28/106 13/26
f 75/41 33/30 14/27
f 28/106 75/41 14/27
f 10/28 9/29 25/43
f 24/107 10/28 25/43
f 30/40 32/36 33/30
f 75/41 30/40 33/30
f 9/29 8/33 130/44
f 25/43 9/29 130/44
f 8/33 7/34 23/42
f 130/44 8/33 23/42
f 32/36 30/40 29/39
f 34/37 32/36 29/39
f 132/108 139/109 140/108
f 132/108 131/109 139/109
f 133/110 140/108 141/110
f 133/110 132/108 140/108
f 134/111 141/110 142/111
f 134/111 133/110 141/110
f 135/112 142/111 143/112
f 135/112 134/111 142/111
f 136/113 143/112 144/113
f 136/113 135/112 143/112
f 137/114 144/113 145/114
f 137/114 136/113 144/113
f 138/115 145/114 146/115
f 138/115 137/114 145/114
f 131/109 146/115 139/109
f 131/109 138/115 146/115
f 145/114 142/111 146/115
f 146/115 142/111 141/110
f 141/110 140/108 146/115
f 140/108 139/109 146/115
f 145/114 144/113 142/111
f 142/111 144/113 143/112
f 148/116 155/117 156/116
f 148/116 147/117 155/117
f 149/118 156/116 157/118
f 149/118 148/116 156/116
f 150/119 157/118 158/119
f 150/119 149/118 157/118
f 151/120 158/119 159/120
f 151/120 150/119 158/119
f 152/121 159/120 160/121
f 152/121 151/120 159/120
f 153/122 160/121 161/122
f 153/122 152/121 160/121
f 154/123 161/122 162/123
f 154/123 153/122 161/122
f 147/117 162/123 155/117
f 147/117 154/123 162/123
f 161/122 158/119 162/123
f 162/123 158/119 157/118
f 157/118 156/116 162/123
f 156/116 155/117 162/123
f 161/122 160/121 158/119
f 158/119 160/121 159/120
f 164/124 171/125 172/124
f 164/124 163/125 171/125
f 165/126 172/124 173/126
f 165/126 164/124 172/124
f 166/127 173/126 174/127
f 166/127 165/126 173/126
f 167/128 174/127 175/128
f 167/128 166/127 174/127
f 168/129 175/128 176/129
f 168/129 167/128 175/128
f 169/130 176/129 177/130
f 169/130 168/129 176/129
f 170/131 177/130 178/131
f 170/131 169/130 177/130
f 163/125 178/131 171/125
f 163/125 170/131 178/131
f 177/130 174/127 178/131
f 178/131 174/127 173/126
f 173/126 172/124 178/131
f 172/124 171/125 178/131
f 177/130 176/129 174/127
f 174/127 176/129 175/128
f 180/132 187/133 188/132
f 180/132 179/133 187/133
f 181/134 188/132 189/134
f 181/134 180/132 188/132
f 182/135 189/134 190/135
f 182/135 181/134 189/134
f 183/136 190/135 191/136
f 183/136 182/135 190/135
f 184/137 191/136 192/137
f 184/137 183/136 191/136
f 185/138 192/137 193/138
f 185/138 184/137 192/137
f 186/139 193/138 194/139
f 186/139 185/138 193/138
f 179/133 194/139 187/133
f 179/133 186/139 194/139
f 193/138 190/135 194/139
f 194/139 190/135 189/134
f 189/134 188/132 194/139
f 188/132 187/133 194/139
f 193/138 192/137 190/135
f 190/135 192/137 191/136
f 197/141 196/140 195/140
f 195/140 199/142 198/142
f 198/142 200/141 197/141
f 203/144 202/143 201/143
f 201/143 205/145 204/145
f 204/145 206/144 203/144
f 197/141 200/141 196/140
f 195/140 196/140 199/142
f 198/142 199/142 200/141
f 203/144 206/144 202/143
f 201/143 202/143 205/145
f 204/145 205/145 206/144
f 201/143 204/145 203/144
f 195/140 198/142 197/141
f 209/148 208/147 207/146
f 208/147 210/149 207/146
f 207/146 210/149 211/150
f 207/146 211/150 212/151
f 213/152 209/148 207/146
f 213/152 207/146 214/153
f 215/154 207/146 212/151
f 216/155 207/146 215/154
f 207/146 216/155 217/156
f 218/157 207/146 217/156
f 219/158 207/146 218/157
f 220/159 207/146 219/158
f 220/159 214/153 207/146
f 222/161 221/160 218/157
f 217/156 222/161 218/157
f 216/155 223/162 222/161
f 217/156 216/155 222/161
f 219/158 218/157 221/160
f 224/163 219/158 221/160
f 225/164 220/159 219/158
f 224/163 225/164 219/158
f 220/159 225/164 226/165
f 214/153 220/159 226/165
f 213/152 214/153 226/165
f 227/166 213/152 226/165
f 209/148 213/152 227/166
f 228/167 209/148 227/166
f 208/147 209/148 228/167
f 229/168 208/147 228/167
f 210/149 208/147 229/168
f 230/169 210/149 229/168
f 210/149 230/169 231/170
f 211/150 210/149 231/170
f 212/151 211/150 231/170
f 232/171 212/151 231/170
f 215/154 212/151 232/171
f 233/172 215/154 232/171
f 215/154 233/172 223/162
f 216/155 215/154 223/162
f 62/61 61/59 114/174 115/173
f 115/173 117/175 63/11 62/61
f 114/174 61/59 60/57 113/176
f 113/176 60/57 59/55 112/177
f 112/177 59/55 58/53 116/178
f 116/178 58/53 55/48 118/179
f 119/180 64/10 63/11 117/175
f 121/181 66/93 64/10 119/180
f 124/182 69/101 68/100
f 127/183 69/101 124/182
f 70/95 69/101 127/183
f 124/182 67/98 121/181
f 124/182 68/100 67/98
f 67/98 66/93 121/181
f 129/184 73/2 70/95 127/183
f 128/185 79/4 73/2 129/184
f 126/186 81/65 79/4 128/185
f 125/187 82/63 81/65 126/186
f 123/188 83/51 82/63 125/187
f 122/189 57/49 83/51 123/188
f 120/190 56/45 57/49 122/189
f 118/179 55/48 56/45 120/190
f 99/70 100/192 234/191
f 98/69 99/70 234/191
f 98/69 234/191 97/193
f 236/194 98/69 97/193
f 19/83 98/69 236/194
f 19/83 236/194 109/195
f 100/192 99/70 235/196
f 235/196 99/70 101/72
f 102/197 235/196 101/72
f 102/197 101/72 237/198
f 237/198 101/72 103/73
f 103/73 104/199 237/198
f 238/200 19/83 109/195
f 18/85 19/83 238/200
f 18/85 238/200 107/201
f 239/202 18/85 107/201
usemtl mCommFace
f 17/87 18/85 239/202
f 17/87 239/202 108/203
usemtl mCommWhite
f 240/204 17/87 108/203
usemtl mCommFace
f 16/90 17/87 240/204
usemtl mCommWhite
f 16/90 240/204 38/205
usemtl mCommFace
f 248/206 16/90 38/205
usemtl mCommWhite
f 16/90 248/206 22/92
f 22/92 248/206 37/207
f 246/208 22/92 37/207
f 21/21 22/92 246/208
f 21/21 246/208 36/209
f 104/199 103/73 241/210
f 241/210 103/73 105/76
f 106/211 241/210 105/76
f 106/211 105/76 242/212
f 242/212 105/76 92/77
f 95/213 242/212 92/77
f 95/213 92/77 243/214
f 243/214 92/77 91/79
f 96/215 243/214 91/79
f 96/215 91/79 244/216
f 244/216 91/79 90/81
f 94/217 244/216 90/81
f 94/217 90/81 245/218
f 245/218 90/81 89/19
f 93/219 245/218 89/19
f 247/222 111/221 35/220
f 36/223 111/221 247/222
f 111/221 36/223 246/224
f 37/225 111/221 246/224
f 111/221 37/225 248/226
f 38/227 111/221 248/226
f 111/221 38/227 240/228
f 108/229 111/221 240/228
f 111/221 108/229 239/230
f 107/231 111/221 239/230
f 111/221 107/231 238/232
f 109/233 111/221 238/232
f 111/221 109/233 236/234
f 97/235 111/221 236/234
f 111/221 97/235 234/236
f 100/237 111/221 234/236
f 111/221 100/237 235/238
f 102/239 111/221 235/238
f 111/221 102/239 237/240
f 104/241 111/221 237/240
f 111/221 104/241 241/242
f 106/243 111/221 241/242
f 111/221 106/243 242/244
f 95/245 111/221 242/244
f 111/221 95/245 243/246
f 96/247 111/221 243/246
f 111/221 96/247 244/248
f 94/249 111/221 244/248
f 111/221 94/249 245/250
f 93/251 111/221 245/250
f 3/254 1/253 249/252
f 3/254 249/252 4/255
f 4/255 249/252 88/256
f 111/221 250/258 39/257
f 110/259 250/258 111/221
f 252/260 110/259 111/221
f 93/251 252/260 111/221
f 251/261 35/220 111/221
f 39/257 251/261 111/221
f 253/263 21/21 36/209 247/262
f 35/265 20/264 253/263 247/262
f 253/263 5/20 21/21
f 2/266 5/20 253/263
f 2/266 253/263 20/264
f 254/267 2/266 20/264
f 255/268 4/255 88/256
f 3/254 2/266 254/267
f 3/254 254/267 1/253
f 4/255 255/268 6/17
f 6/17 255/268 89/19
f 251/269 254/267 20/264 35/265
f 39/270 1/253 254/267 251/269
f 250/271 249/252 1/253 39/270
f 110/272 88/256 249/252 250/271
f 252/273 255/268 88/256 110/272
f 93/219 89/19 255/268 252/273
f 257/277 256/276 264/275 262/274
f 261/279 260/278 256/276 257/277
f 259/281 258/280 260/278 261/279
f 263/283 265/282 258/280 259/281
f 256/276 266/285 274/284 264/275
f 260/278 270/286 266/285 256/276
f 258/280 268/287 270/286 260/278
f 265/282 275/288 268/287 258/280
f 277/290 262/274 264/275 276/289
f 276/289 264/275 274/284 278/291
f 280/293 265/282 263/283 281/292
f 282/294 275/288 265/282 280/293
f 283/298 282/297 280/296 281/295
f 277/302 276/301 278/300 279/299
f 272/261 262/303 277/302 279/299
f 271/258 261/305 257/304 267/257
f 273/260 263/307 259/306 269/259
f 267/257 257/304 262/303 272/261
f 269/259 259/306 261/305 271/258
f 283/298 281/295 263/307 273/260
g Body_C
f 286/310 285/309 284/308
f 289/313 288/312 287/311
f 286/310 290/314 285/309
f 293/317 292/316 291/315
f 296/320 295/319 294/318
f 294/318 297/321 296/320
f 300/324 299/323 298/322
f 298/322 299/323 301/325
f 302/326 298/322 301/325
f 297/321 304/328 303/327
f 303/327 305/329 297/321
f 303/327 306/330 305/329
f 291/315 292/316 307/331
f 310/334 309/333 308/332
f 311/335 310/334 308/332
f 311/335 308/332 312/336
f 313/337 311/335 312/336
f 314/338 311/335 313/337
f 314/338 313/337 315/339
f 316/342 314/341 315/340
f 317/343 314/341 316/342
f 317/343 316/342 318/344
f 319/347 317/346 318/345
f 319/347 318/345 320/348
f 295/319 296/320 321/349
f 324/352 323/351 322/350
f 327/355 326/354 325/353
f 328/356 327/355 325/353
f 329/357 327/355 328/356
f 332/360 331/359 330/358
f 335/363 334/362 333/361
f 331/359 336/364 330/358
f 339/367 338/366 337/365
f 342/370 341/369 340/368
f 340/368 343/371 342/370
f 344/372 299/323 300/324
f 345/373 299/323 344/372
f 345/373 344/372 346/374
f 348/376 347/375 343/371
f 343/371 349/377 348/376
f 349/377 350/378 348/376
f 351/379 338/366 339/367
f 354/382 353/381 352/380
f 354/382 352/380 355/383
f 356/384 354/382 355/383
f 356/384 355/383 357/385
f 357/385 355/383 358/386
f 359/387 357/385 358/386
f 359/389 358/388 360/342
f 360/342 358/388 361/343
f 362/344 360/342 361/343
f 362/392 361/391 363/390
f 364/393 362/392 363/390
f 365/394 340/368 341/369
f 368/397 367/396 366/395
f 371/400 370/399 369/398
f 371/400 369/398 372/401
f 372/401 369/398 373/402
f 375/404 374/403 284/308
f 376/405 375/404 284/308
f 376/405 284/308 377/406
f 378/407 376/405 377/406
f 378/407 377/406 379/408
f 380/409 378/407 379/408
f 380/409 379/408 381/410
f 382/411 380/409 381/410
f 382/411 381/410 383/412
f 384/413 382/411 383/412
f 384/413 383/412 385/414
f 386/415 384/413 385/414
f 377/406 388/417 387/416
f 379/408 377/406 387/416
f 379/408 387/416 389/418
f 381/410 379/408 389/418
f 390/419 383/412 381/410
f 389/418 390/419 381/410
f 391/420 385/414 383/412
f 390/419 391/420 383/412
f 393/423 392/422 374/421
f 375/424 393/423 374/421
f 374/421 392/422 394/425
f 395/426 374/421 394/425
f 398/429 397/428 396/427
f 399/430 398/429 396/427
f 398/433 399/432 400/431
f 401/434 398/433 400/431
f 397/428 300/324 298/322
f 396/427 397/428 298/322
f 396/427 403/436 402/435
f 399/430 396/427 402/435
f 399/432 402/438 404/437
f 400/431 399/432 404/437
f 395/426 394/425 405/439
f 406/440 395/426 405/439
f 407/442 286/310 395/441
f 406/443 407/442 395/441
f 402/438 409/445 408/444
f 404/437 402/438 408/444
f 409/446 402/435 403/436
f 410/447 409/446 403/436
f 396/427 298/322 302/326
f 403/436 396/427 302/326
f 411/448 408/444 409/445
f 412/449 411/448 409/445
f 412/450 409/446 410/447
f 413/451 412/450 410/447
f 411/448 412/449 406/440
f 405/439 411/448 406/440
f 407/454 406/453 412/452
f 413/455 407/454 412/452
f 415/457 414/456 302/326
f 301/325 415/457 302/326
f 414/456 417/459 416/458
f 302/326 414/456 416/458
f 416/458 410/447 403/436
f 302/326 416/458 403/436
f 417/459 419/461 418/460
f 416/458 417/459 418/460
f 418/460 413/451 410/447
f 416/458 418/460 410/447
f 418/464 419/463 420/462
f 421/465 418/464 420/462
f 413/455 418/464 421/465
f 407/454 413/455 421/465
f 415/457 326/354 297/321
f 305/329 415/457 297/321
f 296/320 297/321 326/354
f 327/355 296/320 326/354
f 291/315 423/467 422/466
f 293/317 291/315 422/466
f 423/467 291/315 424/468
f 425/469 423/467 424/468
f 287/311 425/469 424/468
f 426/470 287/311 424/468
f 289/313 287/311 426/470
f 427/471 289/313 426/470
f 391/420 288/312 428/472
f 429/473 391/420 428/472
f 428/472 288/312 289/313
f 430/474 428/472 289/313
f 433/477 432/476 431/475
f 434/478 433/477 431/475
f 432/476 436/480 435/479
f 431/475 432/476 435/479
f 428/472 430/474 437/481
f 436/480 428/472 437/481
f 436/480 437/481 438/482
f 435/479 436/480 438/482
f 438/482 437/481 439/483
f 440/484 438/482 439/483
f 436/480 432/476 429/473
f 428/472 436/480 429/473
f 440/484 439/483 324/352
f 441/485 440/484 324/352
f 441/485 324/352 322/350
f 442/486 441/485 322/350
f 442/489 322/488 443/487
f 444/490 442/489 443/487
f 443/487 446/492 445/491
f 444/490 443/487 445/491
f 446/495 448/494 447/493
f 445/496 446/495 447/493
f 324/352 439/483 449/497
f 323/351 324/352 449/497
f 452/500 451/499 450/498
f 453/501 452/500 450/498
f 450/498 455/503 454/502
f 453/501 450/498 454/502
f 455/503 457/505 456/504
f 454/502 455/503 456/504
f 455/507 450/506 426/470
f 424/468 455/507 426/470
f 450/506 451/508 427/471
f 426/470 450/506 427/471
f 451/508 323/351 449/497
f 427/471 451/508 449/497
f 430/474 289/313 427/471
f 449/511 430/510 427/509
f 439/513 437/512 430/510
f 449/511 439/513 430/510
f 458/514 452/500 453/501
f 459/515 458/514 453/501
f 459/515 453/501 454/502
f 460/516 459/515 454/502
f 461/519 456/518 457/517
f 462/520 461/519 457/517
f 462/520 457/517 463/521
f 464/522 462/520 463/521
f 464/522 463/521 307/523
f 465/524 464/522 307/523
f 455/507 424/468 463/525
f 457/526 455/507 463/525
f 307/331 463/525 424/468
f 291/315 307/331 424/468
f 284/308 285/309 388/417
f 377/406 284/308 388/417
f 284/308 374/403 395/441
f 286/310 284/308 395/441
f 285/529 466/528 422/527
f 388/417 285/309 422/466
f 423/467 387/416 388/417
f 422/466 423/467 388/417
f 425/469 389/418 387/416
f 423/467 425/469 387/416
f 390/419 389/418 425/469
f 287/311 390/419 425/469
f 407/442 421/530 290/314
f 286/310 407/442 290/314
f 421/530 420/532 467/531
f 290/314 421/530 467/531
f 290/534 467/533 466/528
f 285/529 290/534 466/528
f 460/516 454/502 456/504
f 468/535 460/516 456/504
f 468/536 456/518 461/519
f 469/537 468/536 461/519
f 469/537 471/539 470/538
f 468/536 469/537 470/538
f 468/541 470/540 295/319
f 460/542 468/541 295/319
f 471/539 473/544 472/543
f 470/538 471/539 472/543
f 470/540 472/545 294/318
f 295/319 470/540 294/318
f 476/548 475/547 474/546
f 477/549 476/548 474/546
f 480/552 479/551 478/550
f 481/553 480/552 478/550
f 448/494 480/552 481/553
f 447/493 448/494 481/553
f 483/555 482/554 328/356
f 325/353 483/555 328/356
f 327/355 329/357 321/349
f 296/320 327/355 321/349
f 321/349 329/357 484/556
f 485/557 321/349 484/556
f 329/357 328/356 482/554
f 484/556 329/357 482/554
f 390/419 287/311 288/312
f 391/420 390/419 288/312
f 385/414 391/420 429/473
f 486/558 385/414 429/473
f 486/558 429/473 432/476
f 433/477 486/558 432/476
f 386/415 385/414 486/558
f 433/477 386/415 486/558
f 489/561 488/560 487/559
f 490/562 489/561 487/559
f 488/565 492/564 491/563
f 487/566 488/565 491/563
f 492/564 301/325 299/323
f 491/563 492/564 299/323
f 473/544 493/568 304/567
f 472/543 473/544 304/567
f 304/328 297/321 294/318
f 472/545 304/328 294/318
f 306/571 495/570 494/569
f 309/572 306/571 494/569
f 310/334 305/329 306/330
f 309/333 310/334 306/330
f 496/574 303/573 304/567
f 493/568 496/574 304/567
f 495/570 306/571 303/573
f 496/574 495/570 303/573
f 417/459 414/456 310/334
f 311/335 417/459 310/334
f 414/456 415/457 305/329
f 310/334 414/456 305/329
f 311/335 314/338 419/461
f 417/459 311/335 419/461
f 467/531 319/347 497/575
f 466/576 467/531 497/575
f 419/463 314/341 317/343
f 420/462 419/463 317/343
f 420/532 317/346 319/347
f 467/531 420/532 319/347
f 499/579 498/578 292/577
f 500/580 499/579 292/577
f 498/578 465/524 307/523
f 292/577 498/578 307/523
f 500/581 292/316 293/317
f 497/575 500/581 293/317
f 466/576 497/575 293/317
f 422/466 466/576 293/317
f 501/584 315/583 313/582
f 502/585 501/584 313/582
f 312/587 503/586 502/585
f 313/582 312/587 502/585
f 316/588 315/583 501/584
f 504/589 316/588 501/584
f 504/589 505/591 318/590
f 316/588 504/589 318/590
f 320/592 318/590 505/591
f 506/593 320/592 505/591
f 506/593 499/579 500/580
f 320/592 506/593 500/580
f 503/586 312/587 308/594
f 507/595 503/586 308/594
f 309/572 494/569 507/595
f 308/594 309/572 507/595
f 319/347 320/348 500/581
f 497/575 319/347 500/581
f 485/557 458/597 459/596
f 321/349 485/557 459/596
f 321/349 459/596 460/542
f 295/319 321/349 460/542
f 477/549 474/546 478/550
f 479/551 477/549 478/550
f 325/598 488/560 489/561
f 483/599 325/598 489/561
f 492/564 488/565 325/353
f 326/354 492/564 325/353
f 301/325 492/564 326/354
f 415/457 301/325 326/354
f 448/494 446/495 485/557
f 484/556 448/494 485/557
f 452/500 458/514 443/487
f 480/552 448/494 484/556
f 482/554 480/552 484/556
f 479/551 480/552 482/554
f 483/555 479/551 482/554
f 479/600 483/599 489/561
f 477/601 479/600 489/561
f 477/601 489/561 490/562
f 476/602 477/601 490/562
f 475/605 509/604 508/603
f 474/606 475/605 508/603
f 474/606 508/603 510/607
f 478/608 474/606 510/607
f 478/608 510/607 511/609
f 481/610 478/608 511/609
f 447/611 481/610 511/609
f 512/612 447/611 511/609
f 447/611 512/612 513/613
f 445/614 447/611 513/613
f 445/614 513/613 514/615
f 444/618 445/617 514/616
f 444/618 514/616 515/619
f 442/620 444/618 515/619
f 442/623 515/622 516/621
f 441/624 442/623 516/621
f 441/624 516/621 517/625
f 440/626 441/624 517/625
f 440/626 517/625 518/627
f 438/628 440/626 518/627
f 438/628 518/627 519/629
f 435/630 438/628 519/629
f 431/633 521/632 520/631
f 434/634 431/633 520/631
f 435/630 519/629 521/632
f 431/633 435/630 521/632
f 332/360 522/635 375/404
f 376/405 332/360 375/404
f 523/636 332/360 376/405
f 378/407 523/636 376/405
f 524/637 523/636 378/407
f 380/409 524/637 378/407
f 525/638 524/637 380/409
f 382/411 525/638 380/409
f 526/639 525/638 382/411
f 384/413 526/639 382/411
f 527/640 526/639 384/413
f 386/415 527/640 384/413
f 529/642 528/641 523/636
f 524/637 529/642 523/636
f 530/643 529/642 524/637
f 525/638 530/643 524/637
f 525/638 526/639 531/644
f 530/643 525/638 531/644
f 526/639 527/640 532/645
f 531/644 526/639 532/645
f 522/421 533/422 393/423
f 375/424 522/421 393/423
f 534/425 533/422 522/421
f 535/426 534/425 522/421
f 536/646 397/428 398/429
f 537/647 536/646 398/429
f 538/431 537/432 398/433
f 401/434 538/431 398/433
f 344/372 300/324 397/428
f 536/646 344/372 397/428
f 540/649 539/648 536/646
f 537/647 540/649 536/646
f 541/437 540/438 537/432
f 538/431 541/437 537/432
f 542/439 534/425 535/426
f 543/440 542/439 535/426
f 535/651 330/358 544/650
f 543/652 535/651 544/650
f 546/444 545/445 540/438
f 541/437 546/444 540/438
f 539/648 540/649 545/653
f 547/654 539/648 545/653
f 346/374 344/372 536/646
f 539/648 346/374 536/646
f 545/445 546/444 548/655
f 549/656 545/445 548/655
f 547/654 545/653 549/657
f 550/658 547/654 549/657
f 543/440 549/656 548/655
f 542/439 543/440 548/655
f 549/659 543/453 544/454
f 550/660 549/659 544/454
f 346/374 552/662 551/661
f 345/373 346/374 551/661
f 554/664 553/663 552/662
f 346/374 554/664 552/662
f 539/648 547/654 554/664
f 346/374 539/648 554/664
f 556/666 555/665 553/663
f 554/664 556/666 553/663
f 547/654 550/658 556/666
f 554/664 547/654 556/666
f 557/462 555/668 556/667
f 558/465 557/462 556/667
f 558/465 556/667 550/660
f 544/454 558/465 550/660
f 343/371 370/399 551/661
f 349/377 343/371 551/661
f 370/399 343/371 340/368
f 369/398 370/399 340/368
f 560/670 559/669 339/367
f 337/365 560/670 339/367
f 561/671 339/367 559/669
f 562/672 561/671 559/669
f 561/671 562/672 335/363
f 563/673 561/671 335/363
f 563/673 335/363 333/361
f 564/674 563/673 333/361
f 565/675 334/362 532/645
f 566/676 565/675 532/645
f 333/361 334/362 565/675
f 567/677 333/361 565/675
f 569/679 568/678 433/477
f 434/478 569/679 433/477
f 571/681 570/680 568/678
f 569/679 571/681 568/678
f 572/682 567/677 565/675
f 570/680 572/682 565/675
f 573/683 572/682 570/680
f 571/681 573/683 570/680
f 574/684 572/682 573/683
f 575/685 574/684 573/683
f 566/676 568/678 570/680
f 565/675 566/676 570/680
f 366/395 574/684 575/685
f 576/686 366/395 575/685
f 368/397 366/395 576/686
f 577/687 368/397 576/686
f 578/487 368/488 577/489
f 579/490 578/487 577/489
f 581/689 580/688 578/487
f 579/490 581/689 578/487
f 583/692 582/691 580/690
f 581/693 583/692 580/690
f 584/694 574/684 366/395
f 367/396 584/694 366/395
f 587/498 586/499 585/500
f 588/501 587/498 585/500
f 590/502 589/503 587/498
f 588/501 590/502 587/498
f 592/504 591/505 589/503
f 590/502 592/504 589/503
f 563/673 587/696 589/695
f 561/671 563/673 589/695
f 564/674 586/697 587/696
f 563/673 564/674 587/696
f 584/694 367/396 586/697
f 564/674 584/694 586/697
f 564/674 333/361 567/677
f 584/700 564/699 567/698
f 567/698 572/702 574/701
f 584/700 567/698 574/701
f 588/501 585/500 593/703
f 594/515 588/501 593/703
f 590/502 588/501 594/515
f 595/516 590/502 594/515
f 591/517 592/518 596/519
f 597/520 591/517 596/519
f 598/521 591/517 597/520
f 599/522 598/521 597/520
f 351/523 598/521 599/522
f 600/524 351/523 599/522
f 598/704 561/671 589/695
f 591/705 598/704 589/695
f 561/671 598/704 351/379
f 339/367 561/671 351/379
f 528/641 331/359 332/360
f 523/636 528/641 332/360
f 535/651 522/635 332/360
f 330/358 535/651 332/360
f 560/708 601/707 331/706
f 528/641 560/670 331/359
f 528/641 529/642 559/669
f 560/670 528/641 559/669
f 529/642 530/643 562/672
f 559/669 529/642 562/672
f 562/672 530/643 531/644
f 335/363 562/672 531/644
f 336/364 558/709 544/650
f 330/358 336/364 544/650
f 602/711 557/710 558/709
f 336/364 602/711 558/709
f 601/707 602/713 336/712
f 331/706 601/707 336/712
f 592/504 590/502 595/516
f 603/535 592/504 595/516
f 596/519 592/518 603/536
f 604/537 596/519 603/536
f 606/538 605/539 604/537
f 603/536 606/538 604/537
f 341/369 606/715 603/714
f 595/716 341/369 603/714
f 608/543 607/544 605/539
f 606/538 608/543 605/539
f 342/370 608/717 606/715
f 341/369 342/370 606/715
f 609/718 475/547 476/548
f 610/719 609/718 476/548
f 613/722 612/721 611/720
f 614/723 613/722 611/720
f 614/723 611/720 582/691
f 583/692 614/723 582/691
f 372/401 616/725 615/724
f 371/400 372/401 615/724
f 365/394 373/402 369/398
f 340/368 365/394 369/398
f 617/726 373/402 365/394
f 618/727 617/726 365/394
f 616/725 372/401 373/402
f 617/726 616/725 373/402
f 334/362 335/363 531/644
f 532/645 334/362 531/644
f 566/676 532/645 527/640
f 619/728 566/676 527/640
f 568/678 566/676 619/728
f 433/477 568/678 619/728
f 619/728 527/640 386/415
f 433/477 619/728 386/415
f 487/559 621/730 620/729
f 490/562 487/559 620/729
f 491/563 622/732 621/731
f 487/566 491/563 621/731
f 299/323 345/373 622/732
f 491/563 299/323 622/732
f 347/567 623/568 607/544
f 608/543 347/567 607/544
f 342/370 343/371 347/375
f 608/717 342/370 347/375
f 625/569 624/570 350/571
f 353/572 625/569 350/571
f 350/378 349/377 352/380
f 353/381 350/378 352/380
f 347/567 348/573 626/574
f 623/568 347/567 626/574
f 348/573 350/571 624/570
f 626/574 348/573 624/570
f 352/380 552/662 553/663
f 355/383 352/380 553/663
f 349/377 551/661 552/662
f 352/380 349/377 552/662
f 555/665 358/386 355/383
f 553/663 555/665 355/383
f 627/733 363/390 602/711
f 601/734 627/733 602/711
f 361/343 358/388 555/668
f 557/462 361/343 555/668
f 363/390 361/391 557/710
f 602/711 363/390 557/710
f 338/577 629/578 628/579
f 630/580 338/577 628/579
f 351/523 600/524 629/578
f 338/577 351/523 629/578
f 337/365 338/366 630/735
f 627/733 337/365 630/735
f 337/365 627/733 601/734
f 560/670 337/365 601/734
f 357/582 359/736 631/584
f 632/585 357/582 631/584
f 632/585 633/586 356/587
f 357/582 632/585 356/587
f 631/584 359/736 360/588
f 634/589 631/584 360/588
f 362/590 635/591 634/589
f 360/588 362/590 634/589
f 635/591 362/590 364/592
f 636/593 635/591 364/592
f 630/580 628/579 636/593
f 364/592 630/580 636/593
f 354/594 356/587 633/586
f 637/595 354/594 633/586
f 637/595 625/569 353/572
f 354/594 637/595 353/572
f 630/735 364/393 363/390
f 627/733 630/735 363/390
f 594/738 593/737 618/727
f 365/394 594/738 618/727
f 595/716 594/738 365/394
f 341/369 595/716 365/394
f 613/722 609/718 610/719
f 612/721 613/722 610/719
f 620/729 621/730 371/739
f 615/740 620/729 371/739
f 371/400 621/731 622/732
f 370/399 371/400 622/732
f 370/399 622/732 345/373
f 551/661 370/399 345/373
f 618/727 580/690 582/691
f 617/726 618/727 582/691
f 578/487 593/703 585/500
f 368/488 578/487 585/500
f 617/726 582/691 611/720
f 616/725 617/726 611/720
f 616/725 611/720 612/721
f 615/724 616/725 612/721
f 620/729 615/740 612/741
f 610/742 620/729 612/741
f 490/562 620/729 610/742
f 476/602 490/562 610/742
f 638/743 509/604 475/605
f 609/744 638/743 475/605
f 639/745 638/743 609/744
f 613/746 639/745 609/744
f 640/747 639/745 613/746
f 614/748 640/747 613/746
f 640/747 614/748 583/749
f 641/750 640/747 583/749
f 642/751 641/750 583/749
f 581/752 642/751 583/749
f 643/753 642/751 581/752
f 579/618 643/616 581/754
f 644/619 643/616 579/618
f 577/620 644/619 579/618
f 645/757 644/756 577/755
f 576/758 645/757 577/755
f 646/759 645/757 576/758
f 575/760 646/759 576/758
f 647/761 646/759 575/760
f 573/762 647/761 575/760
f 648/763 647/761 573/762
f 571/764 648/763 573/762
f 520/631 649/766 569/765
f 434/634 520/631 569/765
f 649/766 648/763 571/764
f 569/765 649/766 571/764
f 452/500 443/487 322/488
f 586/499 367/767 585/500
f 585/500 367/767 368/488
f 451/499 452/500 323/767
f 323/767 452/500 322/488
f 446/492 443/487 458/514
f 458/597 485/557 446/495
f 580/688 593/703 578/487
f 618/727 593/737 580/690
f 652/770 651/769 650/768
f 652/770 653/771 651/769
f 652/770 654/772 653/771
f 652/770 655/773 654/772
f 652/770 656/774 655/773
f 650/768 657/769 652/770
f 657/769 658/775 652/770
f 658/775 659/772 652/770
f 659/772 660/773 652/770
f 660/773 656/774 652/770
f 646/778 647/777 661/776
f 645/781 662/780 644/779
f 644/784 662/783 643/782
f 643/782 662/783 663/785
f 642/786 643/782 663/785
f 663/780 641/788 642/787
f 640/789 641/788 663/780
f 640/789 663/780 664/790
f 640/789 664/790 639/791
f 639/791 664/790 638/792
f 638/792 664/790 665/793
f 509/794 638/792 665/793
f 509/794 665/793 508/795
f 666/796 508/795 665/793
f 510/797 508/795 666/796
f 510/797 666/796 511/798
f 666/796 512/799 511/798
f 667/800 512/799 666/796
f 513/801 512/799 667/800
f 513/786 667/785 514/782
f 514/782 667/785 668/783
f 514/782 668/783 515/784
f 515/803 668/800 516/802
f 516/806 668/805 669/804
f 670/807 516/802 669/796
f 517/808 516/802 670/807
f 670/807 518/809 517/808
f 671/794 518/809 670/807
f 671/794 661/776 647/777
f 647/777 648/810 671/794
f 671/794 519/811 518/809
f 671/794 521/812 519/811
f 671/794 648/810 649/813
f 649/813 520/814 671/794
f 671/794 520/814 521/812
f 645/781 646/778 661/776
f 669/796 672/793 671/794
f 670/807 669/796 671/794
f 674/816 673/815 666/796
f 665/793 674/816 666/796
f 673/815 675/817 667/800
f 666/796 673/815 667/800
f 676/818 668/783 667/785
f 675/819 676/818 667/785
f 677/820 669/804 668/805
f 676/817 677/815 668/800
f 678/816 672/793 669/796
f 677/815 678/816 669/796
f 651/821 673/815 674/816
f 650/822 651/821 674/816
f 653/823 675/817 673/815
f 651/821 653/823 673/815
f 654/772 676/818 675/819
f 653/771 654/772 675/819
f 654/823 655/821 677/815
f 676/817 654/823 677/815
f 655/821 656/822 678/816
f 677/815 655/821 678/816
f 671/794 672/793 679/790
f 661/776 671/794 679/790
f 664/790 680/824 674/816
f 665/793 664/790 674/816
f 663/780 681/825 680/824
f 664/790 663/780 680/824
f 662/783 682/818 681/819
f 663/785 662/783 681/819
f 662/828 679/827 683/826
f 682/825 662/780 683/824
f 679/790 672/793 678/816
f 683/824 679/790 678/816
f 674/816 680/824 657/829
f 650/822 674/816 657/829
f 680/824 681/825 658/830
f 657/829 680/824 658/830
f 682/818 659/772 658/775
f 681/819 682/818 658/775
f 683/824 660/829 659/830
f 682/825 683/824 659/830
f 678/816 656/822 660/829
f 683/824 678/816 660/829
f 645/781 661/776 679/790
f 662/828 645/831 679/827
f 686/834 685/833 684/832
f 686/834 687/835 685/833
f 685/833 688/836 684/832
f 685/833 689/837 688/836
f 690/838 687/835 686/834
f 690/838 691/839 687/835
f 687/835 692/840 685/833
f 687/835 693/841 692/840
f 684/832 694/842 686/834
f 684/832 695/843 694/842
f 694/842 690/838 686/834
f 684/832 688/836 695/843
f 689/837 685/833 692/840
f 693/841 687/835 691/839
f 685/833 696/844 687/835
f 685/833 697/845 696/844
f 684/832 699/847 698/846
f 684/832 686/834 699/847
f 686/834 701/849 700/848
f 686/834 684/832 701/849
f 702/850 684/832 698/846
f 699/847 686/834 703/851
f 700/848 705/853 704/852
f 700/848 701/849 705/853
f 701/849 702/850 705/853
f 701/849 684/832 702/850
f 703/851 700/848 704/852
f 703/851 686/834 700/848
f 685/833 707/835 706/837
f 685/833 687/835 707/835
f 708/854 706/837 707/835
f 708/854 709/855 706/837
f 687/835 696/844 710/856
f 711/857 697/845 685/833
f 711/857 706/837 709/855
f 711/857 685/833 706/837
f 707/835 710/856 708/854
f 707/835 687/835 710/856
g Arm_R_C
f 714/860 713/859 712/858
f 715/861 714/860 712/858
f 716/862 715/861 712/858
f 716/862 712/858 717/863
f 717/863 712/858 718/864
f 718/864 712/858 719/865
f 712/858 720/866 719/865
f 721/867 720/866 712/858
f 722/868 721/867 712/858
f 713/859 722/868 712/858
f 725/871 724/870 723/869
f 727/873 723/869 726/872
f 723/869 724/870 726/872
f 727/873 728/874 723/869
f 723/869 728/874 729/875
f 730/876 723/869 729/875
f 723/869 730/876 731/877
f 731/877 732/878 723/869
f 723/869 732/878 733/879
f 733/879 725/871 723/869
usemtl mCommFace
f 736/882 735/881 734/880
f 738/884 737/883 736/882
f 738/884 736/882 739/885
f 739/885 736/882 734/880
f 740/886 739/885 734/880
f 735/881 742/888 741/887
usemtl mCommWhite
f 745/891 744/890 743/889
f 747/893 746/892 744/890
f 750/896 749/895 748/894
f 750/896 751/897 749/895
f 754/900 753/899 752/898
f 756/902 755/901 753/899
f 758/904 743/889 757/903
f 758/904 757/903 759/905
f 743/889 744/890 760/906
f 743/889 760/906 757/903
f 744/890 746/892 761/907
f 744/890 761/907 760/906
f 748/894 762/908 761/907
f 748/894 761/907 746/892
f 749/895 763/909 762/908
f 749/895 762/908 748/894
f 749/895 751/897 764/910
f 749/895 764/910 763/909
f 751/897 752/898 765/911
f 751/897 765/911 764/910
f 753/899 766/912 765/911
f 753/899 765/911 752/898
f 755/901 767/913 766/912
f 755/901 766/912 753/899
f 758/904 759/905 767/913
f 758/904 767/913 755/901
f 759/905 757/903 768/914
f 759/905 768/914 769/915
f 757/903 760/906 770/916
f 757/903 770/916 768/914
f 761/907 771/917 770/916
f 761/907 770/916 760/906
f 762/908 772/918 771/917
f 762/908 771/917 761/907
f 763/909 773/919 772/918
f 763/909 772/918 762/908
f 763/909 764/910 774/920
f 763/909 774/920 773/919
f 764/910 765/911 775/921
f 764/910 775/921 774/920
f 766/912 776/922 775/921
f 766/912 775/921 765/911
f 767/913 777/923 776/922
f 767/913 776/922 766/912
f 759/905 769/915 777/923
f 759/905 777/923 767/913
f 769/915 768/914 778/924
f 769/915 778/924 779/925
f 768/914 770/916 780/926
f 768/914 780/926 778/924
f 770/916 771/917 781/927
f 770/916 781/927 780/926
f 772/918 782/928 781/927
f 772/918 781/927 771/917
f 773/919 783/929 782/928
f 773/919 782/928 772/918
f 773/919 774/920 784/930
f 773/919 784/930 783/929
f 774/920 775/921 785/931
f 774/920 785/931 784/930
f 775/921 776/922 786/932
f 775/921 786/932 785/931
f 777/923 787/933 786/932
f 777/923 786/932 776/922
f 769/915 779/925 787/933
f 769/915 787/933 777/923
f 778/924 789/935 788/934
f 778/924 788/934 779/925
f 780/926 790/936 789/935
f 780/926 789/935 778/924
f 781/927 791/937 790/936
f 781/927 790/936 780/926
f 781/927 782/928 792/938
f 781/927 792/938 791/937
f 782/928 783/929 793/939
f 782/928 793/939 792/938
f 784/930 794/940 793/939
f 784/930 793/939 783/929
f 785/931 795/941 794/940
f 785/931 794/940 784/930
f 786/944 796/943 795/942
f 786/944 795/942 785/945
f 786/932 787/933 797/946
f 786/932 797/946 796/947
f 787/933 779/925 788/934
f 787/933 788/934 797/946
f 789/935 799/949 798/948
f 789/935 798/948 788/934
f 790/936 800/950 799/949
f 790/936 799/949 789/935
f 790/936 791/937 801/951
f 790/936 801/951 800/950
f 791/937 792/938 802/952
f 791/937 802/952 801/951
f 792/938 793/939 803/953
f 792/938 803/953 802/952
f 794/940 804/954 803/953
f 794/940 803/953 793/939
f 795/941 805/955 804/954
f 795/941 804/954 794/940
f 795/941 796/947 806/956
f 795/941 806/956 805/955
f 796/947 797/946 807/957
f 796/947 807/957 806/956
f 797/946 788/934 798/948
f 797/946 798/948 807/957
f 799/949 809/959 808/958
f 799/949 808/958 798/948
f 800/950 810/960 809/959
f 800/950 809/959 799/949
f 801/951 811/961 810/960
f 801/951 810/960 800/950
f 801/951 802/952 812/962
f 801/951 812/962 811/961
f 802/952 803/953 813/963
f 802/952 813/963 812/962
f 804/954 814/964 813/963
f 804/954 813/963 803/953
f 805/955 815/965 814/964
f 805/955 814/964 804/954
f 806/956 816/966 815/965
f 806/956 815/965 805/955
f 806/956 807/957 817/967
f 806/956 817/967 816/966
f 807/957 798/948 808/958
f 807/957 808/958 817/967
f 809/959 819/969 818/968
f 809/959 818/968 808/958
f 810/960 820/970 819/969
f 810/960 819/969 809/959
f 811/961 821/971 820/970
f 811/961 820/970 810/960
f 811/961 812/962 822/972
f 811/961 822/972 821/971
f 812/962 813/963 823/973
f 812/962 823/973 822/972
f 814/964 824/974 823/973
f 814/964 823/973 813/963
f 815/965 825/975 824/974
f 815/965 824/974 814/964
f 815/965 816/966 826/976
f 815/965 826/976 825/975
f 816/966 817/967 827/977
f 816/966 827/977 826/976
f 817/967 808/958 818/968
f 817/967 818/968 827/977
usemtl mCommFace
f 830/980 829/979 828/978
f 830/980 828/978 831/981
f 832/982 831/981 828/978
f 832/982 828/978 833/983
f 829/979 835/985 834/984
f 829/979 834/984 828/978
f 834/984 835/985 836/986
f 834/984 836/986 837/987
f 834/984 838/988 833/983
f 834/984 833/983 828/978
f 839/989 838/988 834/984
f 839/989 834/984 837/987
f 841/991 840/990 829/979
f 841/991 829/979 830/980
f 840/990 842/992 835/985
f 840/990 835/985 829/979
f 835/985 842/992 843/993
f 835/985 843/993 836/986
f 842/992 845/995 844/994
f 842/998 844/997 843/996
f 846/999 845/995 842/992
f 846/999 842/992 840/990
f 847/1000 846/999 840/990
f 847/1000 840/990 841/991
f 848/1001 844/994 845/995
f 848/1001 845/995 849/1002
f 845/995 846/999 850/1003
f 845/995 850/1003 849/1002
f 846/999 847/1000 851/1004
f 846/999 851/1004 850/1003
f 833/983 853/1006 852/1005
f 833/983 852/1005 832/982
f 838/988 854/1007 853/1006
f 838/988 853/1006 833/983
f 838/988 839/989 855/1008
f 838/988 855/1008 854/1007
f 853/1006 857/1010 856/1009
f 853/1006 856/1009 852/1005
f 857/1010 853/1006 854/1007
f 857/1010 854/1007 858/1011
f 854/1007 855/1008 859/1012
f 854/1007 859/1012 858/1011
f 860/1013 856/1009 857/1010
f 860/1013 857/1010 861/1014
f 861/1014 857/1010 858/1011
f 861/1014 858/1011 862/1015
f 858/1011 859/1012 863/1016
f 858/1011 863/1016 862/1015
f 850/1003 851/1004 864/1017
f 850/1003 864/1017 865/1018
f 849/1002 850/1003 865/1018
f 849/1002 865/1018 866/1019
f 848/1001 849/1002 866/1019
f 848/1001 866/1019 867/1020
f 862/1015 863/1016 868/1021
f 862/1015 868/1021 869/1022
f 870/1023 861/1014 862/1015
f 870/1023 862/1015 869/1022
f 871/1024 860/1013 861/1014
f 871/1024 861/1014 870/1023
f 870/1023 865/1018 864/1017
f 870/1023 864/1017 871/1024
f 869/1022 866/1019 865/1018
f 869/1022 865/1018 870/1023
f 867/1020 866/1019 869/1022
f 867/1020 869/1022 868/1021
f 874/1027 873/1026 872/1025
f 875/1028 736/882 737/883
f 836/986 843/993 876/1029
f 836/986 876/1029 877/1030
f 878/1031 844/994 848/1001
f 878/1031 848/1001 879/1032
f 843/996 844/997 878/1033
f 843/993 878/1031 876/1029
f 837/987 836/986 877/1030
f 837/987 877/1030 880/1034
f 881/1035 839/989 837/987
f 881/1035 837/987 880/1034
f 882/1036 859/1012 855/1008
f 882/1036 855/1008 883/1037
f 884/1038 863/1016 859/1012
f 884/1038 859/1012 882/1036
f 879/1032 848/1001 867/1020
f 879/1032 867/1020 885/1039
f 863/1016 884/1038 886/1040
f 863/1016 886/1040 868/1021
f 885/1039 867/1020 868/1021
f 885/1039 868/1021 886/1040
f 839/989 881/1035 883/1037
f 839/989 883/1037 855/1008
f 889/1043 888/1042 887/1041
f 889/1043 872/1025 888/1042
f 890/1044 887/1041 888/1042
f 890/1044 891/1045 887/1041
f 894/1048 893/1047 892/1046
f 894/1048 895/1049 893/1047
f 741/887 891/1045 890/1044
f 741/887 893/1047 891/1045
f 893/1047 741/887 742/888
f 889/1043 874/1027 872/1025
f 889/1043 896/1050 874/1027
f 896/1050 898/1052 897/1051
f 896/1050 899/1053 898/1052
f 874/1027 897/1051 900/1054
f 874/1027 896/1050 897/1051
f 903/1057 902/1056 901/1055
f 903/1057 904/1058 902/1056
f 906/1060 901/1055 905/1059
f 906/1060 903/1057 901/1055
f 909/1063 908/1062 907/1061
f 909/1063 910/1064 908/1062
f 911/1065 910/1064 909/1063
f 911/1065 912/1066 910/1064
f 913/1067 908/1062 910/1064
f 913/1067 914/1068 908/1062
f 914/1068 916/1070 915/1069
f 914/1068 913/1067 916/1070
f 917/1071 910/1064 912/1066
f 917/1071 913/1067 910/1064
f 918/1072 913/1067 917/1071
f 918/1072 916/1070 913/1067
f 921/1075 920/1074 919/1073
f 921/1075 922/1076 920/1074
f 919/1073 906/1060 923/1077
f 919/1073 920/1074 906/1060
f 923/1077 905/1059 924/1078
f 923/1077 906/1060 905/1059
f 926/1080 905/1059 925/1079
f 926/1080 924/1078 905/1059
f 922/1076 927/1081 920/1074
f 922/1076 928/1082 927/1081
f 906/1060 927/1081 903/1057
f 906/1060 920/1074 927/1081
f 927/1081 904/1058 903/1057
f 927/1081 892/1046 904/1058
f 927/1081 894/1048 892/1046
f 927/1081 928/1082 894/1048
f 742/888 735/881 875/1028
f 875/1028 735/881 736/882
f 898/1052 917/1071 897/1051
f 898/1052 918/1072 917/1071
f 900/1054 917/1071 912/1066
f 900/1054 897/1051 917/1071
f 912/1066 929/1083 900/1054
f 931/1085 911/1065 930/1084
f 931/1085 932/1086 911/1065
f 931/1085 934/1088 933/1087
f 931/1085 930/1084 934/1088
f 911/1065 909/1063 930/1084
f 930/1084 935/1089 934/1088
f 930/1084 907/1061 935/1089
f 930/1084 909/1063 907/1061
f 937/1091 934/1088 936/1090
f 937/1091 933/1087 934/1088
f 938/1092 936/1090 925/1079
f 938/1092 937/1091 936/1090
f 905/1059 938/1092 925/1079
f 905/1059 901/1055 938/1092
f 739/885 931/1085 738/884
f 739/885 932/1086 931/1085
f 738/884 933/1087 737/883
f 738/884 931/1085 933/1087
f 737/883 937/1091 875/1028
f 737/883 933/1087 937/1091
f 902/1056 938/1092 901/1055
f 902/1056 875/1028 938/1092
f 895/1049 891/1045 893/1047
f 895/1049 939/1093 891/1045
f 941/1095 887/1041 940/1094
f 941/1095 889/1043 887/1041
f 939/1093 887/1041 891/1045
f 939/1093 940/1094 887/1041
f 899/1053 889/1043 941/1095
f 899/1053 896/1050 889/1043
f 943/1097 740/886 942/1096
f 943/1097 944/1098 740/886
f 942/1096 734/880 945/1099
f 942/1096 740/886 734/880
f 946/1100 734/880 735/881
f 946/1100 945/1099 734/880
f 888/1042 946/1100 890/1044
f 888/1042 945/1099 946/1100
f 872/1025 945/1099 888/1042
f 872/1025 942/1096 945/1099
f 872/1025 943/1097 942/1096
f 872/1025 873/1026 943/1097
usemtl mCommWhite
f 745/891 756/902 947/1101
f 747/893 745/891 947/1101
f 750/896 747/893 947/1101
f 750/896 947/1101 754/900
f 947/1101 756/902 754/900
f 745/891 743/889 758/904
f 745/891 758/904 756/902
f 756/902 758/904 755/901
f 754/900 756/902 753/899
f 754/900 752/898 751/897
f 751/897 750/896 754/900
f 748/894 747/893 750/896
f 748/894 746/892 747/893
f 747/893 744/890 745/891
usemtl mCommFace
f 742/888 875/1028 902/1056
f 742/888 902/1056 904/1058
f 904/1058 892/1046 742/888
f 892/1046 893/1047 742/888
f 735/881 741/887 890/1044
f 735/881 890/1044 946/1100
f 929/1083 944/1098 943/1097
f 929/1083 943/1097 873/1026
f 900/1054 929/1083 873/1026
f 873/1026 874/1027 900/1054
f 932/1086 912/1066 911/1065
f 932/1086 929/1083 912/1066
f 944/1098 929/1083 932/1086
f 740/886 944/1098 932/1086
f 739/885 740/886 932/1086
f 914/1068 921/1075 919/1073
f 914/1068 915/1069 921/1075
f 914/1068 923/1077 908/1062
f 914/1068 919/1073 923/1077
f 908/1062 924/1078 907/1061
f 908/1062 923/1077 924/1078
f 926/1080 907/1061 924/1078
f 926/1080 935/1089 907/1061
f 936/1090 934/1088 935/1089
f 936/1090 935/1089 926/1080
f 925/1079 936/1090 926/1080
f 937/1091 938/1092 875/1028
usemtl mCommWhite
f 716/862 949/1103 948/1102
f 716/862 717/863 949/1103
f 950/1104 716/862 948/1102
f 950/1104 715/861 716/862
f 951/1105 715/861 950/1104
f 951/1105 714/860 715/861
f 952/1106 714/860 951/1105
f 952/1106 713/859 714/860
f 953/1107 713/859 952/1106
f 953/1107 722/868 713/859
f 721/867 953/1107 954/1108
f 721/867 722/868 953/1107
f 720/866 954/1108 955/1109
f 720/866 721/867 954/1108
f 720/866 956/1110 719/865
f 720/866 955/1109 956/1110
f 718/864 956/1110 957/1111
f 718/864 719/865 956/1110
f 717/863 957/1111 949/1103
f 717/863 718/864 957/1111
f 733/879 959/1113 958/1112
f 733/879 732/878 959/1113
f 732/878 960/1114 959/1113
f 732/878 731/877 960/1114
f 730/876 960/1114 731/877
f 730/876 961/1115 960/1114
f 962/1116 730/876 729/875
f 962/1116 961/1115 730/876
f 963/1117 729/875 728/874
f 963/1117 962/1116 729/875
f 964/1118 728/874 727/873
f 964/1118 963/1117 728/874
f 964/1118 726/872 965/1119
f 964/1118 727/873 726/872
f 966/1120 726/872 724/870
f 966/1120 965/1119 726/872
f 967/1121 724/870 725/871
f 967/1121 966/1120 724/870
f 733/879 967/1121 725/871
f 733/879 958/1112 967/1121
f 969/1123 955/1109 968/1122
f 969/1123 956/1110 955/1109
f 957/1111 969/1123 970/1124
f 957/1111 956/1110 969/1123
f 971/1125 957/1111 970/1124
f 971/1125 949/1103 957/1111
f 972/1126 949/1103 971/1125
f 972/1126 948/1102 949/1103
f 950/1104 972/1126 973/1127
f 950/1104 948/1102 972/1126
f 951/1105 973/1127 974/1128
f 951/1105 950/1104 973/1127
f 975/1129 951/1105 974/1128
f 975/1129 952/1106 951/1105
f 976/1130 952/1106 975/1129
f 976/1130 953/1107 952/1106
f 954/1108 976/1130 977/1131
f 954/1108 953/1107 976/1130
f 955/1109 977/1131 968/1122
f 955/1109 954/1108 977/1131
f 977/1131 961/1115 962/1116
f 977/1131 976/1130 961/1115
f 968/1122 962/1116 963/1117
f 968/1122 977/1131 962/1116
f 964/1118 968/1122 963/1117
f 964/1118 969/1123 968/1122
f 965/1119 969/1123 964/1118
f 965/1119 970/1124 969/1123
f 971/1125 965/1119 966/1120
f 971/1125 970/1124 965/1119
f 972/1126 966/1120 967/1121
f 972/1126 971/1125 966/1120
f 973/1127 967/1121 958/1112
f 973/1127 972/1126 967/1121
f 959/1113 973/1127 958/1112
f 959/1113 974/1128 973/1127
f 960/1134 974/1133 959/1132
f 960/1134 975/1135 974/1133
f 961/1136 975/1135 960/1134
f 961/1136 976/1137 975/1135
g Arm_L_C
f 980/1140 979/1139 978/1138
f 980/1140 978/1138 981/1141
f 980/1140 981/1141 982/1142
f 983/1143 980/1140 982/1142
f 984/1144 980/1140 983/1143
f 985/1145 980/1140 984/1144
f 985/1145 986/1146 980/1140
f 980/1140 986/1146 987/1147
f 980/1140 987/1147 988/1148
f 980/1140 988/1148 979/1139
f 991/1151 990/1150 989/1149
f 993/1153 991/1151 992/1152
f 993/1153 990/1150 991/1151
f 991/1151 994/1154 992/1152
f 995/1155 994/1154 991/1151
f 995/1155 991/1151 996/1156
f 997/1157 996/1156 991/1151
f 991/1151 998/1158 997/1157
f 999/1159 998/1158 991/1151
f 991/1151 989/1149 999/1159
usemtl mCommFace
f 1002/1162 1001/1161 1000/1160
f 1000/1160 1004/1164 1003/1163
f 1005/1165 1000/1160 1003/1163
f 1002/1162 1000/1160 1005/1165
f 1002/1162 1005/1165 1006/1166
f 1008/1168 1007/1167 1001/1161
usemtl mCommWhite
f 1011/1171 1010/1170 1009/1169
f 1010/1170 1013/1173 1012/1172
f 1016/1176 1015/1175 1014/1174
f 1015/1175 1017/1177 1014/1174
f 1020/1180 1019/1179 1018/1178
f 1019/1179 1022/1182 1021/1181
f 1024/1184 1011/1171 1023/1183
f 1025/1185 1024/1184 1023/1183
f 1026/1186 1010/1170 1011/1171
f 1024/1184 1026/1186 1011/1171
f 1027/1187 1013/1173 1010/1170
f 1026/1186 1027/1187 1010/1170
f 1027/1187 1028/1188 1016/1176
f 1013/1173 1027/1187 1016/1176
f 1028/1188 1029/1189 1015/1175
f 1016/1176 1028/1188 1015/1175
f 1030/1190 1017/1177 1015/1175
f 1029/1189 1030/1190 1015/1175
f 1031/1191 1020/1180 1017/1177
f 1030/1190 1031/1191 1017/1177
f 1031/1191 1032/1192 1019/1179
f 1020/1180 1031/1191 1019/1179
f 1032/1192 1033/1193 1022/1182
f 1019/1179 1032/1192 1022/1182
f 1033/1193 1025/1185 1023/1183
f 1022/1182 1033/1193 1023/1183
f 1034/1194 1024/1184 1025/1185
f 1035/1195 1034/1194 1025/1185
f 1036/1196 1026/1186 1024/1184
f 1034/1194 1036/1196 1024/1184
f 1036/1196 1037/1197 1027/1187
f 1026/1186 1036/1196 1027/1187
f 1037/1197 1038/1198 1028/1188
f 1027/1187 1037/1197 1028/1188
f 1038/1198 1039/1199 1029/1189
f 1028/1188 1038/1198 1029/1189
f 1040/1200 1030/1190 1029/1189
f 1039/1199 1040/1200 1029/1189
f 1041/1201 1031/1191 1030/1190
f 1040/1200 1041/1201 1030/1190
f 1041/1201 1042/1202 1032/1192
f 1031/1191 1041/1201 1032/1192
f 1042/1202 1043/1203 1033/1193
f 1032/1192 1042/1202 1033/1193
f 1043/1203 1035/1195 1025/1185
f 1033/1193 1043/1203 1025/1185
f 1044/1204 1034/1194 1035/1195
f 1045/1205 1044/1204 1035/1195
f 1046/1206 1036/1196 1034/1194
f 1044/1204 1046/1206 1034/1194
f 1047/1207 1037/1197 1036/1196
f 1046/1206 1047/1207 1036/1196
f 1047/1207 1048/1208 1038/1198
f 1037/1197 1047/1207 1038/1198
f 1048/1208 1049/1209 1039/1199
f 1038/1198 1048/1208 1039/1199
f 1050/1210 1040/1200 1039/1199
f 1049/1209 1050/1210 1039/1199
f 1051/1211 1041/1201 1040/1200
f 1050/1210 1051/1211 1040/1200
f 1052/1212 1042/1202 1041/1201
f 1051/1211 1052/1212 1041/1201
f 1052/1212 1053/1213 1043/1203
f 1042/1202 1052/1212 1043/1203
f 1053/1213 1045/1205 1035/1195
f 1043/1203 1053/1213 1035/1195
f 1055/1215 1054/1214 1044/1204
f 1045/1205 1055/1215 1044/1204
f 1054/1214 1056/1216 1046/1206
f 1044/1204 1054/1214 1046/1206
f 1056/1216 1057/1217 1047/1207
f 1046/1206 1056/1216 1047/1207
f 1058/1218 1048/1208 1047/1207
f 1057/1217 1058/1218 1047/1207
f 1059/1219 1049/1209 1048/1208
f 1058/1218 1059/1219 1048/1208
f 1059/1219 1060/1220 1050/1210
f 1049/1209 1059/1219 1050/1210
f 1060/1220 1061/1221 1051/1211
f 1050/1210 1060/1220 1051/1211
f 1061/1224 1062/1223 1052/1222
f 1051/1225 1061/1224 1052/1222
f 1063/1226 1053/1213 1052/1212
f 1062/1227 1063/1226 1052/1212
f 1055/1215 1045/1205 1053/1213
f 1063/1226 1055/1215 1053/1213
f 1065/1229 1064/1228 1054/1214
f 1055/1215 1065/1229 1054/1214
f 1064/1228 1066/1230 1056/1216
f 1054/1214 1064/1228 1056/1216
f 1067/1231 1057/1217 1056/1216
f 1066/1230 1067/1231 1056/1216
f 1068/1232 1058/1218 1057/1217
f 1067/1231 1068/1232 1057/1217
f 1069/1233 1059/1219 1058/1218
f 1068/1232 1069/1233 1058/1218
f 1069/1233 1070/1234 1060/1220
f 1059/1219 1069/1233 1060/1220
f 1070/1234 1071/1235 1061/1221
f 1060/1220 1070/1234 1061/1221
f 1072/1236 1062/1227 1061/1221
f 1071/1235 1072/1236 1061/1221
f 1073/1237 1063/1226 1062/1227
f 1072/1236 1073/1237 1062/1227
f 1065/1229 1055/1215 1063/1226
f 1073/1237 1065/1229 1063/1226
f 1075/1239 1074/1238 1064/1228
f 1065/1229 1075/1239 1064/1228
f 1074/1238 1076/1240 1066/1230
f 1064/1228 1074/1238 1066/1230
f 1076/1240 1077/1241 1067/1231
f 1066/1230 1076/1240 1067/1231
f 1078/1242 1068/1232 1067/1231
f 1077/1241 1078/1242 1067/1231
f 1079/1243 1069/1233 1068/1232
f 1078/1242 1079/1243 1068/1232
f 1079/1243 1080/1244 1070/1234
f 1069/1233 1079/1243 1070/1234
f 1080/1244 1081/1245 1071/1235
f 1070/1234 1080/1244 1071/1235
f 1081/1245 1082/1246 1072/1236
f 1071/1235 1081/1245 1072/1236
f 1083/1247 1073/1237 1072/1236
f 1082/1246 1083/1247 1072/1236
f 1075/1239 1065/1229 1073/1237
f 1083/1247 1075/1239 1073/1237
f 1085/1249 1084/1248 1074/1238
f 1075/1239 1085/1249 1074/1238
f 1084/1248 1086/1250 1076/1240
f 1074/1238 1084/1248 1076/1240
f 1086/1250 1087/1251 1077/1241
f 1076/1240 1086/1250 1077/1241
f 1088/1252 1078/1242 1077/1241
f 1087/1251 1088/1252 1077/1241
f 1089/1253 1079/1243 1078/1242
f 1088/1252 1089/1253 1078/1242
f 1089/1253 1090/1254 1080/1244
f 1079/1243 1089/1253 1080/1244
f 1090/1254 1091/1255 1081/1245
f 1080/1244 1090/1254 1081/1245
f 1092/1256 1082/1246 1081/1245
f 1091/1255 1092/1256 1081/1245
f 1093/1257 1083/1247 1082/1246
f 1092/1256 1093/1257 1082/1246
f 1085/1249 1075/1239 1083/1247
f 1093/1257 1085/1249 1083/1247
usemtl mCommFace
f 1096/1260 1095/1259 1094/1258
f 1097/1261 1096/1260 1094/1258
f 1096/1260 1097/1261 1098/1262
f 1099/1263 1096/1260 1098/1262
f 1101/1265 1100/1264 1095/1259
f 1096/1260 1101/1265 1095/1259
f 1102/1266 1100/1264 1101/1265
f 1103/1267 1102/1266 1101/1265
f 1099/1263 1104/1268 1101/1265
f 1096/1260 1099/1263 1101/1265
f 1101/1265 1104/1268 1105/1269
f 1103/1267 1101/1265 1105/1269
f 1095/1259 1107/1271 1106/1270
f 1094/1258 1095/1259 1106/1270
f 1100/1264 1108/1272 1107/1271
f 1095/1259 1100/1264 1107/1271
f 1109/1273 1108/1272 1100/1264
f 1102/1266 1109/1273 1100/1264
f 1111/1275 1110/1274 1108/1272
f 1109/1278 1111/1277 1108/1276
f 1108/1272 1110/1274 1112/1279
f 1107/1271 1108/1272 1112/1279
f 1107/1271 1112/1279 1113/1280
f 1106/1270 1107/1271 1113/1280
f 1110/1274 1111/1275 1114/1281
f 1115/1282 1110/1274 1114/1281
f 1116/1283 1112/1279 1110/1274
f 1115/1282 1116/1283 1110/1274
f 1117/1284 1113/1280 1112/1279
f 1116/1283 1117/1284 1112/1279
f 1119/1286 1118/1285 1099/1263
f 1098/1262 1119/1286 1099/1263
f 1118/1285 1120/1287 1104/1268
f 1099/1263 1118/1285 1104/1268
f 1121/1288 1105/1269 1104/1268
f 1120/1287 1121/1288 1104/1268
f 1123/1290 1122/1289 1118/1285
f 1119/1286 1123/1290 1118/1285
f 1120/1287 1118/1285 1122/1289
f 1124/1291 1120/1287 1122/1289
f 1125/1292 1121/1288 1120/1287
f 1124/1291 1125/1292 1120/1287
f 1122/1289 1123/1290 1126/1293
f 1127/1294 1122/1289 1126/1293
f 1124/1291 1122/1289 1127/1294
f 1128/1295 1124/1291 1127/1294
f 1129/1296 1125/1292 1124/1291
f 1128/1295 1129/1296 1124/1291
f 1130/1297 1117/1284 1116/1283
f 1131/1298 1130/1297 1116/1283
f 1131/1298 1116/1283 1115/1282
f 1132/1299 1131/1298 1115/1282
f 1132/1299 1115/1282 1114/1281
f 1133/1300 1132/1299 1114/1281
f 1134/1301 1129/1296 1128/1295
f 1135/1302 1134/1301 1128/1295
f 1128/1295 1127/1294 1136/1303
f 1135/1302 1128/1295 1136/1303
f 1127/1294 1126/1293 1137/1304
f 1136/1303 1127/1294 1137/1304
f 1130/1297 1131/1298 1136/1303
f 1137/1304 1130/1297 1136/1303
f 1131/1298 1132/1299 1135/1302
f 1136/1303 1131/1298 1135/1302
f 1135/1302 1132/1299 1133/1300
f 1134/1301 1135/1302 1133/1300
f 1140/1307 1139/1306 1138/1305
f 1004/1164 1000/1160 1141/1308
f 1142/1309 1109/1273 1102/1266
f 1143/1310 1142/1309 1102/1266
f 1114/1281 1111/1275 1144/1311
f 1145/1312 1114/1281 1144/1311
f 1144/1313 1111/1277 1109/1278
f 1142/1309 1144/1311 1109/1273
f 1143/1310 1102/1266 1103/1267
f 1146/1314 1143/1310 1103/1267
f 1103/1267 1105/1269 1147/1315
f 1146/1314 1103/1267 1147/1315
f 1121/1288 1125/1292 1148/1316
f 1149/1317 1121/1288 1148/1316
f 1125/1292 1129/1296 1150/1318
f 1148/1316 1125/1292 1150/1318
f 1133/1300 1114/1281 1145/1312
f 1151/1319 1133/1300 1145/1312
f 1152/1320 1150/1318 1129/1296
f 1134/1301 1152/1320 1129/1296
f 1134/1301 1133/1300 1151/1319
f 1152/1320 1134/1301 1151/1319
f 1149/1317 1147/1315 1105/1269
f 1121/1288 1149/1317 1105/1269
f 1154/1322 1153/1321 1140/1307
f 1154/1322 1155/1323 1153/1321
f 1155/1323 1156/1324 1153/1321
f 1155/1323 1157/1325 1156/1324
f 1160/1328 1159/1327 1158/1326
f 1160/1328 1161/1329 1159/1327
f 1157/1325 1008/1168 1156/1324
f 1157/1325 1159/1327 1008/1168
f 1007/1167 1008/1168 1159/1327
f 1138/1305 1154/1322 1140/1307
f 1138/1305 1162/1330 1154/1322
f 1164/1332 1162/1330 1163/1331
f 1164/1332 1165/1333 1162/1330
f 1163/1331 1138/1305 1166/1334
f 1163/1331 1162/1330 1138/1305
f 1169/1337 1168/1336 1167/1335
f 1169/1337 1170/1338 1168/1336
f 1167/1335 1172/1340 1171/1339
f 1167/1335 1168/1336 1172/1340
f 1175/1343 1174/1342 1173/1341
f 1175/1343 1176/1344 1174/1342
f 1173/1341 1177/1345 1175/1343
f 1173/1341 1178/1346 1177/1345
f 1174/1342 1179/1347 1173/1341
f 1174/1342 1180/1348 1179/1347
f 1180/1348 1181/1349 1179/1347
f 1180/1348 1182/1350 1181/1349
f 1173/1341 1183/1351 1178/1346
f 1173/1341 1179/1347 1183/1351
f 1179/1347 1184/1352 1183/1351
f 1179/1347 1181/1349 1184/1352
f 1187/1355 1186/1354 1185/1353
f 1187/1355 1188/1356 1186/1354
f 1172/1340 1185/1353 1189/1357
f 1172/1340 1187/1355 1185/1353
f 1171/1339 1189/1357 1190/1358
f 1171/1339 1172/1340 1189/1357
f 1171/1339 1192/1360 1191/1359
f 1171/1339 1190/1358 1192/1360
f 1193/1361 1188/1356 1187/1355
f 1193/1361 1194/1362 1188/1356
f 1193/1361 1172/1340 1168/1336
f 1193/1361 1187/1355 1172/1340
f 1170/1338 1193/1361 1168/1336
f 1170/1338 1161/1329 1193/1361
f 1160/1328 1193/1361 1161/1329
f 1160/1328 1194/1362 1193/1361
f 1141/1308 1001/1161 1007/1167
f 1000/1160 1001/1161 1141/1308
f 1183/1351 1164/1332 1163/1331
f 1183/1351 1184/1352 1164/1332
f 1183/1351 1166/1334 1178/1346
f 1183/1351 1163/1331 1166/1334
f 1166/1334 1195/1363 1178/1346
f 1177/1345 1197/1365 1196/1364
f 1177/1345 1198/1366 1197/1365
f 1197/1365 1199/1367 1196/1364
f 1197/1365 1200/1368 1199/1367
f 1196/1364 1175/1343 1177/1345
f 1199/1367 1201/1369 1196/1364
f 1196/1364 1176/1344 1175/1343
f 1196/1364 1201/1369 1176/1344
f 1200/1368 1202/1370 1199/1367
f 1200/1368 1203/1371 1202/1370
f 1204/1372 1202/1370 1203/1371
f 1204/1372 1191/1359 1202/1370
f 1204/1372 1171/1339 1191/1359
f 1204/1372 1167/1335 1171/1339
f 1005/1165 1197/1365 1198/1366
f 1005/1165 1003/1163 1197/1365
f 1003/1163 1200/1368 1197/1365
f 1003/1163 1004/1164 1200/1368
f 1004/1164 1203/1371 1200/1368
f 1004/1164 1141/1308 1203/1371
f 1169/1337 1204/1372 1141/1308
f 1169/1337 1167/1335 1204/1372
f 1157/1325 1158/1326 1159/1327
f 1157/1325 1205/1373 1158/1326
f 1206/1374 1155/1323 1154/1322
f 1206/1374 1207/1375 1155/1323
f 1207/1375 1157/1325 1155/1323
f 1207/1375 1205/1373 1157/1325
f 1165/1333 1154/1322 1162/1330
f 1165/1333 1206/1374 1154/1322
f 1209/1377 1006/1166 1208/1376
f 1209/1377 1210/1378 1006/1166
f 1210/1378 1002/1162 1006/1166
f 1210/1378 1211/1379 1002/1162
f 1211/1379 1001/1161 1002/1162
f 1211/1379 1212/1380 1001/1161
f 1153/1321 1212/1380 1211/1379
f 1153/1321 1156/1324 1212/1380
f 1140/1307 1211/1379 1210/1378
f 1140/1307 1153/1321 1211/1379
f 1209/1377 1140/1307 1210/1378
f 1209/1377 1139/1306 1140/1307
usemtl mCommWhite
f 1213/1381 1021/1181 1009/1169
f 1213/1381 1009/1169 1012/1172
f 1213/1381 1012/1172 1014/1174
f 1018/1178 1213/1381 1014/1174
f 1018/1178 1021/1181 1213/1381
f 1023/1183 1011/1171 1009/1169
f 1021/1181 1023/1183 1009/1169
f 1022/1182 1023/1183 1021/1181
f 1019/1179 1021/1181 1018/1178
f 1017/1177 1020/1180 1018/1178
f 1018/1178 1014/1174 1017/1177
f 1014/1174 1012/1172 1016/1176
f 1012/1172 1013/1173 1016/1176
f 1009/1169 1010/1170 1012/1172
usemtl mCommFace
f 1169/1337 1141/1308 1007/1167
f 1170/1338 1169/1337 1007/1167
f 1007/1167 1161/1329 1170/1338
f 1007/1167 1159/1327 1161/1329
f 1156/1324 1008/1168 1001/1161
f 1212/1380 1156/1324 1001/1161
f 1209/1377 1208/1376 1195/1363
f 1139/1306 1209/1377 1195/1363
f 1139/1306 1195/1363 1166/1334
f 1166/1334 1138/1305 1139/1306
f 1178/1346 1198/1366 1177/1345
f 1178/1346 1195/1363 1198/1366
f 1198/1366 1195/1363 1208/1376
f 1198/1366 1208/1376 1006/1166
f 1198/1366 1006/1166 1005/1165
f 1185/1353 1182/1350 1180/1348
f 1185/1353 1186/1354 1182/1350
f 1189/1357 1180/1348 1174/1342
f 1189/1357 1185/1353 1180/1348
f 1190/1358 1174/1342 1176/1344
f 1190/1358 1189/1357 1174/1342
f 1192/1360 1176/1344 1201/1369
f 1192/1360 1190/1358 1176/1344
f 1201/1369 1199/1367 1202/1370
f 1192/1360 1201/1369 1202/1370
f 1192/1360 1202/1370 1191/1359
f 1141/1308 1204/1372 1203/1371
usemtl mCommWhite
f 1215/1383 982/1142 1214/1382
f 1215/1383 983/1143 982/1142
f 983/1143 1216/1384 984/1144
f 983/1143 1215/1383 1216/1384
f 985/1145 1216/1384 1217/1385
f 985/1145 984/1144 1216/1384
f 986/1146 1217/1385 1218/1386
f 986/1146 985/1145 1217/1385
f 1219/1387 986/1146 1218/1386
f 1219/1387 987/1147 986/1146
f 1220/1388 987/1147 1219/1387
f 1220/1388 988/1148 987/1147
f 979/1139 1220/1388 1221/1389
f 979/1139 988/1148 1220/1388
f 1222/1390 979/1139 1221/1389
f 1222/1390 978/1138 979/1139
f 1222/1390 981/1141 978/1138
f 1222/1390 1223/1391 981/1141
f 1223/1391 982/1142 981/1141
f 1223/1391 1214/1382 982/1142
f 1216/1384 1225/1393 1224/1392
f 1216/1384 1215/1383 1225/1393
f 1226/1394 1216/1384 1224/1392
f 1226/1394 1217/1385 1216/1384
f 1218/1386 1226/1394 1227/1395
f 1218/1386 1217/1385 1226/1394
f 1228/1396 1218/1386 1227/1395
f 1228/1396 1219/1387 1218/1386
f 1229/1397 1219/1387 1228/1396
f 1229/1397 1220/1388 1219/1387
f 1221/1389 1229/1397 1230/1398
f 1221/1389 1220/1388 1229/1397
f 1222/1390 1230/1398 1231/1399
f 1222/1390 1221/1389 1230/1398
f 1232/1400 1222/1390 1231/1399
f 1232/1400 1223/1391 1222/1390
f 1233/1401 1223/1391 1232/1400
f 1233/1401 1214/1382 1223/1391
f 1215/1383 1233/1401 1225/1393
f 1215/1383 1214/1382 1233/1401
f 1230/1404 1235/1403 1234/1402
f 1230/1404 1229/1405 1235/1403
f 1231/1407 1234/1402 1236/1406
f 1231/1407 1230/1404 1234/1402
f 1232/1400 1236/1409 1237/1408
f 1232/1400 1231/1399 1236/1409
f 1238/1410 1232/1400 1237/1408
f 1238/1410 1233/1401 1232/1400
f 1239/1411 1233/1401 1238/1410
f 1239/1411 1225/1393 1233/1401
f 1240/1412 1225/1393 1239/1411
f 1240/1412 1224/1392 1225/1393
f 1226/1394 1240/1412 1241/1413
f 1226/1394 1224/1392 1240/1412
f 1227/1395 1241/1413 1242/1414
f 1227/1395 1226/1394 1241/1413
f 1243/1415 1227/1395 1242/1414
f 1243/1415 1228/1396 1227/1395
f 1235/1416 1228/1396 1243/1415
f 1235/1416 1229/1397 1228/1396
f 999/1159 1236/1409 998/1158
f 999/1159 1237/1408 1236/1409
f 1238/1410 999/1159 989/1149
f 1238/1410 1237/1408 999/1159
f 990/1150 1238/1410 989/1149
f 990/1150 1239/1411 1238/1410
f 1240/1412 990/1150 993/1153
f 1240/1412 1239/1411 990/1150
f 1240/1412 992/1152 1241/1413
f 1240/1412 993/1153 992/1152
f 1241/1413 994/1154 1242/1414
f 1241/1413 992/1152 994/1154
f 995/1155 1242/1414 994/1154
f 995/1155 1243/1415 1242/1414
f 996/1156 1243/1415 995/1155
f 996/1156 1235/1416 1243/1415
f 1234/1417 996/1156 997/1157
f 1234/1417 1235/1416 996/1156
f 997/1157 1236/1409 1234/1417
f 997/1157 998/1158 1236/1409
g Face_C
usemtl mCommFace
f 1246/1420 1245/1419 1244/1418
f 1248/1422 1246/1420 1247/1421
f 1250/1424 1249/1423 1244/1418
f 1244/1418 1251/1425 1250/1424
f 1254/1428 1253/1427 1252/1426
f 1256/1430 1253/1427 1255/1429
f 1253/1427 1258/1432 1257/1431
f 1260/1434 1253/1427 1259/1433
f 1262/1436 1253/1427 1261/1435
f 1246/1420 1263/1437 1245/1419
f 1264/1438 1263/1437 1246/1420
f 1244/1418 1245/1419 1251/1425
f 1248/1422 1264/1438 1246/1420
f 1250/1424 1265/1439 1249/1423
f 1256/1430 1252/1426 1253/1427
f 1254/1428 1258/1432 1253/1427
f 1253/1427 1266/1440 1255/1429
f 1268/1442 1267/1441 1253/1427
f 1253/1427 1269/1443 1259/1433
f 1260/1434 1261/1435 1253/1427
f 1262/1436 1268/1442 1253/1427
f 1247/1446 1246/1445 1249/1444
f 1249/1444 1246/1445 1244/1447
f 1272/1450 1271/1449 1270/1448
f 1273/1451 1272/1450 1270/1448
f 1274/1452 1272/1450 1273/1451
f 1274/1452 1273/1451 1275/1453
f 1276/1454 1274/1452 1275/1453
f 1276/1454 1275/1453 1277/1455
f 1277/1455 1278/1456 1276/1454
f 1273/1459 1279/1458 1275/1457
f 1275/1457 1279/1458 1280/1460
f 1281/1461 1275/1457 1280/1460
f 1281/1461 1277/1462 1275/1457
f 1282/1463 1277/1462 1281/1461
f 1276/1466 1278/1465 1283/1464
f 1278/1465 1284/1467 1283/1464
f 1277/1462 1284/1467 1278/1465
f 1282/1463 1284/1467 1277/1462
f 1269/1443 1253/1427 1257/1431
f 1267/1441 1266/1440 1253/1427
f 1287/1470 1286/1469 1285/1468
f 1286/1469 1288/1471 1285/1468
f 1290/1473 1289/1472 1286/1469
f 1290/1473 1286/1469 1287/1470
f 1285/1468 1292/1475 1291/1474
f 1291/1474 1294/1477 1293/1476
f 1285/1468 1288/1471 1292/1475
f 1294/1477 1291/1474 1292/1475
f 1293/1476 1294/1477 1295/1478
f 1295/1478 1296/1479 1293/1476
f 1299/1482 1298/1481 1297/1480
f 1299/1482 1300/1483 1298/1481
f 1300/1483 1289/1484 1298/1481
f 1300/1483 1301/1485 1289/1484
f 1286/1486 1289/1484 1301/1485
f 1286/1486 1301/1485 1295/1487
f 1288/1488 1286/1486 1295/1487
f 1288/1488 1295/1487 1294/1489
f 1294/1489 1292/1490 1288/1488
f 1297/1493 1303/1492 1302/1491
f 1299/1494 1297/1493 1302/1491
f 1299/1494 1302/1491 1304/1495
f 1300/1496 1299/1494 1304/1495
f 1300/1496 1304/1495 1305/1497
f 1301/1498 1300/1496 1305/1497
f 1301/1498 1305/1497 1306/1499
f 1298/1500 1303/1492 1297/1493
f 1290/1473 1303/1492 1298/1500
f 1290/1473 1298/1500 1289/1472
f 1301/1498 1306/1499 1295/1478
f 1295/1478 1306/1499 1296/1479
f 1308/1503 1271/1502 1307/1501
f 1307/1501 1271/1502 1272/1504
f 1309/1505 1307/1501 1272/1504
f 1309/1505 1272/1504 1274/1506
f 1310/1507 1309/1505 1274/1506
f 1310/1507 1274/1506 1276/1466
f 1311/1508 1310/1507 1276/1466
f 1276/1466 1283/1464 1311/1508
f 1270/1509 1271/1502 1308/1503
f 1270/1509 1308/1503 1312/1510
f 1279/1458 1270/1509 1312/1510
f 1270/1509 1279/1458 1273/1459
f 1315/1513 1314/1512 1313/1511
f 1247/1421 1313/1511 1248/1422
f 1315/1513 1249/1423 1316/1514
f 1316/1514 1317/1515 1315/1513
f 1320/1426 1319/1427 1318/1428
f 1322/1429 1319/1427 1321/1430
f 1324/1431 1323/1432 1319/1427
f 1326/1433 1319/1427 1325/1434
f 1328/1435 1319/1427 1327/1436
f 1314/1512 1329/1516 1313/1511
f 1313/1511 1329/1516 1330/1517
f 1317/1515 1314/1512 1315/1513
f 1313/1511 1330/1517 1248/1422
f 1249/1423 1265/1439 1316/1514
f 1319/1427 1320/1426 1321/1430
f 1319/1427 1323/1432 1318/1428
f 1322/1429 1331/1440 1319/1427
f 1326/1433 1332/1443 1319/1427
f 1319/1427 1334/1519 1333/1518
f 1319/1427 1328/1435 1325/1434
f 1319/1427 1333/1518 1327/1436
f 1249/1444 1313/1520 1247/1446
f 1315/1521 1313/1520 1249/1444
f 1337/1524 1336/1523 1335/1522
f 1337/1524 1335/1522 1338/1525
f 1338/1525 1335/1522 1339/1526
f 1340/1527 1338/1525 1339/1526
f 1340/1527 1339/1526 1341/1528
f 1342/1529 1340/1527 1341/1528
f 1341/1528 1343/1530 1342/1529
f 1340/1533 1344/1532 1338/1531
f 1345/1534 1344/1532 1340/1533
f 1345/1534 1340/1533 1346/1535
f 1340/1533 1342/1536 1346/1535
f 1346/1535 1342/1536 1347/1537
f 1348/1540 1343/1539 1341/1538
f 1348/1540 1349/1541 1343/1539
f 1343/1539 1349/1541 1342/1536
f 1342/1536 1349/1541 1347/1537
f 1324/1431 1319/1427 1332/1443
f 1319/1427 1331/1440 1334/1519
f 1352/1544 1351/1543 1350/1542
f 1352/1544 1353/1545 1351/1543
f 1351/1543 1355/1547 1354/1546
f 1350/1542 1351/1543 1354/1546
f 1357/1549 1356/1548 1352/1544
f 1359/1551 1358/1550 1357/1549
f 1356/1548 1353/1545 1352/1544
f 1356/1548 1357/1549 1358/1550
f 1360/1552 1358/1550 1359/1551
f 1359/1551 1361/1553 1360/1552
f 1364/1556 1363/1555 1362/1554
f 1363/1555 1365/1557 1362/1554
f 1363/1555 1355/1558 1365/1557
f 1355/1558 1366/1559 1365/1557
f 1366/1559 1355/1558 1351/1560
f 1360/1561 1366/1559 1351/1560
f 1360/1561 1351/1560 1353/1562
f 1358/1563 1360/1561 1353/1562
f 1353/1562 1356/1564 1358/1563
f 1368/1567 1367/1566 1364/1565
f 1368/1567 1364/1565 1362/1568
f 1369/1569 1368/1567 1362/1568
f 1369/1569 1362/1568 1365/1570
f 1370/1571 1369/1569 1365/1570
f 1370/1571 1365/1570 1366/1572
f 1371/1573 1370/1571 1366/1572
f 1364/1565 1367/1566 1363/1574
f 1363/1574 1367/1566 1354/1546
f 1355/1547 1363/1574 1354/1546
f 1360/1552 1371/1573 1366/1572
f 1361/1553 1371/1573 1360/1552
f 1373/1577 1336/1576 1372/1575
f 1335/1578 1336/1576 1373/1577
f 1335/1578 1373/1577 1374/1579
f 1339/1580 1335/1578 1374/1579
f 1339/1580 1374/1579 1375/1581
f 1341/1538 1339/1580 1375/1581
f 1341/1538 1375/1581 1376/1582
f 1376/1582 1348/1540 1341/1538
f 1372/1575 1336/1576 1337/1583
f 1377/1584 1372/1575 1337/1583
f 1377/1584 1337/1583 1344/1532
f 1338/1531 1344/1532 1337/1583
f 1380/1587 1379/1586 1378/1585
f 1383/1590 1382/1589 1381/1588
f 1386/1593 1385/1592 1384/1591
f 1389/1596 1388/1595 1387/1594
f 1392/1599 1391/1598 1390/1597
f 1394/1601 1393/1600 1391/1598
f 1395/1602 1384/1591 1385/1592
f 1396/1603 1385/1592 1387/1594
f 1397/1604 1387/1594 1388/1595
f 1398/1605 1390/1597 1391/1598
f 1398/1605 1393/1600 1399/1606
f 1395/1602 1399/1606 1393/1600
f 1396/1603 1400/1607 1395/1602
f 1397/1604 1401/1608 1396/1603
f 1402/1609 1397/1604 1388/1595
f 1404/1611 1403/1610 1398/1605
f 1401/1608 1405/1612 1400/1607
f 1407/1614 1406/1613 1401/1608
f 1409/1616 1402/1609 1408/1615
f 1411/1618 1408/1615 1410/1617
f 1413/1620 1408/1615 1412/1619
f 1412/1619 1290/1621 1413/1620
f 1287/1622 1413/1620 1290/1621
f 1416/1625 1415/1624 1414/1623
f 1416/1625 1418/1627 1417/1626
f 1291/1629 1418/1627 1285/1628
f 1421/1632 1420/1631 1419/1630
f 1423/1634 1422/1633 1379/1586
f 1426/1637 1425/1636 1424/1635
f 1428/1639 1427/1638 1425/1636
f 1423/1634 1429/1640 1427/1638
f 1430/1641 1424/1635 1425/1636
f 1431/1642 1425/1636 1427/1638
f 1432/1643 1427/1638 1429/1640
f 1434/1645 1429/1640 1433/1644
f 1435/1646 1430/1641 1431/1642
f 1436/1647 1431/1642 1432/1643
f 1439/1650 1438/1649 1437/1648
f 1440/1651 1437/1648 1435/1646
f 1436/1647 1440/1651 1435/1646
f 1442/1653 1441/1652 1436/1647
f 1444/1655 1443/1654 1441/1652
f 1441/1652 1445/1656 1440/1651
f 1440/1651 1446/1657 1439/1650
f 1448/1659 1447/1658 1444/1655
f 1447/1658 1449/1660 1443/1654
f 1443/1654 1450/1661 1445/1656
f 1445/1656 1451/1662 1446/1657
f 1449/1665 1452/1664 1450/1663
f 1450/1663 1453/1667 1451/1666
f 1454/1668 1451/1666 1453/1667
f 1455/1669 1454/1668 1453/1667
f 1409/1616 1456/1670 1406/1613
f 1455/1669 1452/1664 1457/1671
f 1457/1673 1456/1670 1455/1672
f 1406/1613 1458/1674 1405/1612
f 1457/1671 1460/1676 1459/1675
f 1459/1677 1458/1674 1457/1673
f 1405/1612 1462/1679 1461/1678
f 1463/1680 1459/1675 1460/1676
f 1400/1607 1461/1678 1399/1606
f 1404/1611 1399/1606 1461/1678
f 1464/1681 1461/1678 1462/1679
f 1464/1681 1465/1682 1404/1611
f 1468/1685 1467/1684 1466/1683
f 1471/1688 1470/1687 1469/1686
f 1471/1688 1472/1689 1470/1687
f 1475/1692 1474/1691 1473/1690
f 1474/1691 1477/1694 1476/1693
f 1480/1697 1479/1696 1478/1695
f 1483/1700 1482/1699 1481/1698
f 1486/1703 1485/1702 1484/1701
f 1489/1706 1488/1705 1487/1704
f 1490/1707 1487/1704 1488/1705
f 1492/1709 1487/1704 1491/1708
f 1491/1708 1494/1711 1493/1710
f 1496/1713 1491/1708 1495/1712
f 1495/1712 1497/1714 1496/1713
f 1500/1717 1499/1716 1498/1715
f 1503/1720 1502/1719 1501/1718
f 1388/1595 1501/1718 1504/1721
f 1296/1722 1501/1718 1502/1719
f 1305/1724 1504/1721 1306/1723
f 1293/1726 1502/1719 1505/1725
f 1291/1629 1505/1725 1506/1727
f 1305/1724 1508/1729 1507/1728
f 1402/1609 1508/1729 1509/1730
f 1304/1731 1509/1730 1508/1729
f 1412/1619 1402/1609 1509/1730
f 1302/1732 1412/1619 1509/1730
f 1497/1714 1499/1716 1510/1733
f 1513/1736 1512/1735 1511/1734
f 1516/1739 1515/1738 1514/1737
f 1514/1737 1517/1740 1516/1739
f 1473/1690 1515/1738 1475/1692
f 1381/1588 1475/1692 1515/1738
f 1382/1589 1469/1686 1475/1692
f 1518/1741 1381/1588 1516/1739
f 1519/1742 1514/1737 1515/1738
f 1522/1745 1521/1744 1520/1743
f 1523/1746 1460/1676 1449/1665
f 1524/1747 1462/1679 1459/1677
f 1524/1747 1525/1748 1464/1681
f 1526/1750 1524/1749 1463/1680
f 1380/1587 1433/1644 1429/1640
f 1529/1753 1528/1752 1527/1751
f 1531/1755 1530/1754 1433/1644
f 1534/1758 1533/1757 1532/1756
f 1533/1757 1535/1759 1532/1756
f 1536/1760 1510/1733 1499/1716
f 1539/1763 1538/1762 1537/1761
f 1541/1765 1537/1761 1540/1764
f 1541/1765 1543/1767 1542/1766
f 1543/1767 1545/1769 1544/1768
f 1547/1771 1546/1770 1542/1766
f 1542/1766 1548/1772 1547/1771
f 1550/1774 1547/1771 1549/1773
f 1552/1776 1550/1774 1551/1775
f 1553/1777 1552/1776 1551/1775
f 1554/1779 1307/1778 1548/1772
f 1307/1778 1549/1773 1548/1772
f 1309/1780 1550/1774 1549/1773
f 1311/1782 1550/1774 1310/1781
f 1551/1775 1283/1783 1553/1777
f 1308/1785 1544/1768 1312/1784
f 1553/1777 1284/1786 1535/1759
f 1544/1768 1279/1787 1312/1784
f 1282/1788 1535/1759 1284/1786
f 1280/1790 1545/1769 1555/1789
f 1281/1791 1532/1756 1282/1788
f 1281/1791 1555/1789 1534/1758
f 1556/1792 1442/1653 1434/1645
f 1434/1645 1530/1754 1556/1792
f 1558/1794 1517/1740 1557/1793
f 1561/1797 1560/1796 1559/1795
f 1378/1585 1559/1795 1560/1796
f 1562/1798 1527/1751 1560/1796
f 1563/1799 1560/1796 1527/1751
f 1531/1755 1378/1585 1563/1799
f 1566/1802 1565/1801 1564/1800
f 1567/1803 1513/1736 1511/1734
f 1520/1743 1521/1744 1568/1804
f 1557/1793 1568/1804 1521/1744
f 1569/1805 1471/1688 1382/1589
f 1570/1807 1523/1806 1447/1658
f 1571/1808 1463/1680 1523/1746
f 1572/1809 1444/1655 1442/1653
f 1476/1693 1473/1690 1474/1691
f 1522/1745 1514/1737 1573/1810
f 1574/1811 1515/1738 1473/1690
f 1434/1645 1436/1647 1432/1643
f 1417/1626 1418/1627 1506/1727
f 1417/1626 1575/1812 1416/1625
f 1416/1625 1575/1812 1576/1813
f 1576/1813 1413/1620 1415/1624
f 1504/1721 1501/1718 1306/1723
f 1507/1728 1388/1595 1504/1721
f 1508/1729 1388/1595 1507/1728
f 1577/1814 1534/1758 1555/1789
f 1535/1759 1578/1815 1553/1777
f 1547/1771 1548/1772 1549/1773
f 1555/1789 1545/1769 1577/1814
f 1506/1727 1505/1725 1417/1626
f 1579/1816 1417/1626 1505/1725
f 1505/1725 1502/1719 1579/1816
f 1554/1779 1543/1767 1544/1768
f 1554/1779 1542/1766 1543/1767
f 1380/1587 1423/1634 1379/1586
f 1383/1590 1569/1805 1382/1589
f 1389/1596 1503/1720 1388/1595
f 1392/1599 1394/1601 1391/1598
f 1394/1601 1384/1591 1393/1600
f 1395/1602 1393/1600 1384/1591
f 1396/1603 1395/1602 1385/1592
f 1397/1604 1396/1603 1387/1594
f 1398/1605 1403/1610 1390/1597
f 1398/1605 1391/1598 1393/1600
f 1395/1602 1400/1607 1399/1606
f 1396/1603 1401/1608 1400/1607
f 1397/1604 1407/1614 1401/1608
f 1402/1609 1407/1614 1397/1604
f 1404/1611 1465/1682 1403/1610
f 1401/1608 1406/1613 1405/1612
f 1407/1614 1409/1616 1406/1613
f 1409/1616 1407/1614 1402/1609
f 1411/1618 1409/1616 1408/1615
f 1413/1620 1576/1813 1408/1615
f 1412/1619 1303/1817 1290/1621
f 1287/1622 1415/1624 1413/1620
f 1416/1625 1576/1813 1415/1624
f 1416/1625 1414/1623 1418/1627
f 1285/1628 1418/1627 1414/1623
f 1291/1629 1506/1727 1418/1627
f 1419/1630 1420/1631 1580/1818
f 1421/1632 1581/1819 1420/1631
f 1584/1822 1583/1821 1582/1820
f 1587/1825 1586/1824 1585/1823
f 1486/1703 1484/1701 1588/1826
f 1423/1634 1428/1639 1422/1633
f 1426/1637 1428/1639 1425/1636
f 1428/1639 1423/1634 1427/1638
f 1423/1634 1380/1587 1429/1640
f 1431/1642 1430/1641 1425/1636
f 1432/1643 1431/1642 1427/1638
f 1434/1645 1432/1643 1429/1640
f 1435/1646 1437/1648 1430/1641
f 1436/1647 1435/1646 1431/1642
f 1440/1651 1439/1650 1437/1648
f 1436/1647 1441/1652 1440/1651
f 1442/1653 1444/1655 1441/1652
f 1444/1655 1447/1658 1443/1654
f 1441/1652 1443/1654 1445/1656
f 1440/1651 1445/1656 1446/1657
f 1448/1659 1570/1807 1447/1658
f 1447/1658 1523/1806 1449/1660
f 1443/1654 1449/1660 1450/1661
f 1445/1656 1450/1661 1451/1662
f 1589/1827 1446/1657 1451/1662
f 1449/1665 1460/1676 1452/1664
f 1450/1663 1452/1664 1453/1667
f 1409/1616 1411/1618 1456/1670
f 1455/1669 1453/1667 1452/1664
f 1457/1673 1458/1674 1456/1670
f 1406/1613 1456/1670 1458/1674
f 1457/1671 1452/1664 1460/1676
f 1459/1677 1462/1679 1458/1674
f 1405/1612 1458/1674 1462/1679
f 1463/1680 1524/1749 1459/1675
f 1400/1607 1405/1612 1461/1678
f 1404/1611 1398/1605 1399/1606
f 1464/1681 1404/1611 1461/1678
f 1464/1681 1525/1748 1465/1682
f 1591/1829 1590/1828 1467/1684
f 1593/1831 1566/1802 1592/1830
f 1596/1834 1595/1833 1594/1832
f 1475/1692 1469/1686 1474/1691
f 1483/1700 1597/1835 1482/1699
f 1598/1836 1483/1700 1481/1698
f 1489/1706 1599/1837 1488/1705
f 1490/1707 1494/1711 1487/1704
f 1492/1709 1489/1706 1487/1704
f 1491/1708 1487/1704 1494/1711
f 1496/1713 1492/1709 1491/1708
f 1495/1712 1491/1708 1493/1710
f 1495/1712 1498/1715 1497/1714
f 1503/1720 1579/1816 1502/1719
f 1388/1595 1503/1720 1501/1718
f 1296/1722 1306/1723 1501/1718
f 1305/1724 1507/1728 1504/1721
f 1293/1726 1296/1722 1502/1719
f 1291/1629 1293/1726 1505/1725
f 1305/1724 1304/1731 1508/1729
f 1402/1609 1388/1595 1508/1729
f 1304/1731 1302/1732 1509/1730
f 1412/1619 1408/1615 1402/1609
f 1302/1732 1303/1817 1412/1619
f 1497/1714 1498/1715 1499/1716
f 1516/1739 1381/1588 1515/1738
f 1514/1737 1568/1804 1517/1740
f 1381/1588 1382/1589 1475/1692
f 1382/1589 1471/1688 1469/1686
f 1518/1741 1383/1590 1381/1588
f 1519/1742 1573/1810 1514/1737
f 1522/1745 1600/1838 1521/1744
f 1521/1744 1600/1838 1601/1839
f 1523/1746 1463/1680 1460/1676
f 1524/1747 1464/1681 1462/1679
f 1524/1747 1602/1840 1525/1748
f 1526/1841 1602/1840 1524/1747
f 1380/1587 1531/1755 1433/1644
f 1529/1753 1603/1842 1528/1752
f 1531/1755 1604/1843 1530/1754
f 1534/1758 1577/1814 1533/1757
f 1533/1757 1578/1815 1535/1759
f 1536/1760 1605/1844 1510/1733
f 1541/1765 1539/1763 1537/1761
f 1541/1765 1540/1764 1543/1767
f 1543/1767 1577/1814 1545/1769
f 1542/1766 1554/1779 1548/1772
f 1550/1774 1606/1845 1547/1771
f 1552/1776 1606/1845 1550/1774
f 1553/1777 1578/1815 1552/1776
f 1554/1779 1308/1785 1307/1778
f 1307/1778 1309/1780 1549/1773
f 1309/1780 1310/1781 1550/1774
f 1311/1782 1551/1775 1550/1774
f 1551/1775 1311/1782 1283/1783
f 1308/1785 1554/1779 1544/1768
f 1553/1777 1283/1783 1284/1786
f 1544/1768 1545/1769 1279/1787
f 1282/1788 1532/1756 1535/1759
f 1280/1790 1279/1787 1545/1769
f 1281/1791 1534/1758 1532/1756
f 1281/1791 1280/1790 1555/1789
f 1556/1792 1572/1809 1442/1653
f 1434/1645 1433/1644 1530/1754
f 1561/1797 1562/1798 1560/1796
f 1378/1585 1379/1586 1559/1795
f 1562/1798 1529/1753 1527/1751
f 1563/1799 1378/1585 1560/1796
f 1531/1755 1380/1587 1378/1585
f 1566/1802 1593/1831 1565/1801
f 1557/1793 1517/1740 1568/1804
f 1570/1807 1571/1846 1523/1806
f 1571/1808 1526/1750 1463/1680
f 1572/1809 1448/1659 1444/1655
f 1476/1693 1574/1811 1473/1690
f 1522/1745 1520/1743 1514/1737
f 1514/1737 1520/1743 1568/1804
f 1574/1811 1519/1742 1515/1738
f 1434/1645 1442/1653 1436/1647
f 1609/1849 1608/1848 1607/1847
f 1611/1851 1610/1850 1546/1770
f 1547/1771 1611/1851 1546/1770
f 1547/1771 1606/1845 1611/1851
f 1613/1853 1612/1852 1552/1776
f 1552/1776 1612/1852 1606/1845
f 1578/1815 1613/1853 1552/1776
f 1540/1764 1537/1761 1614/1854
f 1614/1854 1615/1855 1540/1764
f 1615/1855 1577/1814 1540/1764
f 1577/1814 1543/1767 1540/1764
f 1546/1770 1610/1850 1539/1763
f 1541/1765 1546/1770 1539/1763
f 1541/1765 1542/1766 1546/1770
f 1618/1858 1617/1857 1616/1856
f 1616/1856 1619/1859 1618/1858
f 1533/1757 1577/1814 1615/1855
f 1621/1862 1615/1861 1620/1860
f 1620/1860 1622/1863 1621/1862
f 1622/1866 1620/1865 1623/1864
f 1624/1867 1622/1866 1623/1864
f 1625/1868 1624/1867 1623/1864
f 1627/1870 1575/1812 1626/1869
f 1627/1870 1576/1813 1575/1812
f 1619/1859 1629/1872 1628/1871
f 1619/1859 1628/1871 1625/1868
f 1618/1858 1619/1859 1625/1868
f 1494/1711 1630/1873 1493/1710
f 1631/1874 1630/1873 1494/1711
f 1631/1874 1494/1711 1490/1707
f 1633/1876 1632/1875 1598/1836
f 1632/1875 1483/1700 1598/1836
f 1635/1878 1634/1877 1633/1876
f 1598/1836 1635/1878 1633/1876
f 1637/1880 1634/1877 1636/1879
f 1637/1880 1636/1879 1638/1881
f 1641/1884 1640/1883 1639/1882
f 1639/1882 1640/1883 1637/1880
f 1642/1885 1394/1601 1392/1599
f 1386/1593 1394/1601 1642/1885
f 1386/1593 1384/1591 1394/1601
f 1385/1592 1386/1593 1389/1596
f 1389/1596 1387/1594 1385/1592
f 1478/1695 1479/1696 1643/1886
f 1646/1889 1645/1888 1644/1887
f 1559/1795 1379/1586 1422/1633
f 1518/1741 1647/1890 1383/1590
f 1383/1590 1647/1890 1648/1891
f 1637/1880 1649/1892 1639/1882
f 1518/1741 1517/1740 1558/1794
f 1518/1741 1516/1739 1517/1740
f 1609/1849 1558/1794 1557/1793
f 1609/1849 1607/1847 1558/1794
f 1422/1633 1428/1639 1426/1637
f 1477/1694 1474/1691 1470/1687
f 1474/1691 1469/1686 1470/1687
f 1495/1712 1500/1717 1498/1715
f 1495/1712 1493/1710 1500/1717
f 1539/1763 1650/1893 1538/1762
f 1438/1649 1424/1635 1430/1641
f 1430/1641 1437/1648 1438/1649
f 1438/1649 1439/1650 1589/1827
f 1439/1650 1446/1657 1589/1827
f 1589/1894 1451/1666 1454/1668
f 1454/1895 1455/1672 1411/1618
f 1455/1672 1456/1670 1411/1618
f 1415/1624 1287/1622 1285/1628
f 1414/1623 1415/1624 1285/1628
f 1653/1898 1652/1897 1651/1896
f 1656/1901 1655/1900 1654/1899
f 1659/1904 1658/1903 1657/1902
f 1662/1907 1661/1906 1660/1905
f 1390/1597 1663/1908 1392/1599
f 1663/1908 1665/1910 1664/1909
f 1658/1903 1659/1904 1666/1911
f 1662/1907 1658/1903 1667/1912
f 1661/1906 1662/1907 1668/1913
f 1663/1908 1390/1597 1669/1914
f 1670/1915 1665/1910 1669/1914
f 1665/1910 1670/1915 1666/1911
f 1666/1911 1671/1916 1667/1912
f 1667/1912 1672/1917 1668/1913
f 1661/1906 1668/1913 1673/1918
f 1669/1914 1403/1610 1674/1919
f 1671/1916 1675/1920 1672/1917
f 1672/1917 1677/1922 1676/1921
f 1679/1924 1673/1918 1678/1923
f 1681/1926 1679/1924 1680/1925
f 1683/1928 1679/1924 1682/1927
f 1682/1927 1354/1929 1683/1928
f 1354/1929 1682/1927 1350/1930
f 1352/1933 1684/1932 1357/1931
f 1687/1936 1686/1935 1685/1934
f 1652/1897 1689/1938 1688/1937
f 1692/1941 1691/1940 1690/1939
f 1691/1940 1694/1943 1693/1942
f 1694/1943 1695/1944 1688/1937
f 1691/1940 1692/1941 1696/1945
f 1694/1943 1691/1940 1697/1946
f 1695/1944 1694/1943 1698/1947
f 1700/1949 1695/1944 1699/1948
f 1697/1946 1696/1945 1701/1950
f 1698/1947 1697/1946 1702/1951
f 1705/1954 1704/1953 1703/1952
f 1701/1950 1705/1954 1706/1955
f 1701/1950 1706/1955 1702/1951
f 1702/1951 1708/1957 1707/1956
f 1708/1957 1710/1959 1709/1958
f 1706/1955 1711/1960 1708/1957
f 1703/1952 1712/1961 1706/1955
f 1709/1958 1713/1962 1448/1659
f 1710/1959 1714/1963 1713/1962
f 1711/1960 1715/1964 1710/1959
f 1712/1961 1716/1965 1711/1960
f 1715/1663 1717/1664 1714/1665
f 1716/1666 1718/1667 1715/1663
f 1718/1667 1716/1666 1719/1668
f 1718/1667 1719/1668 1720/1669
f 1677/1922 1721/1966 1678/1923
f 1722/1671 1717/1664 1720/1669
f 1720/1968 1721/1966 1722/1967
f 1675/1920 1723/1969 1677/1922
f 1725/1675 1724/1676 1722/1671
f 1722/1967 1723/1969 1725/1970
f 1727/1972 1726/1971 1675/1920
f 1724/1676 1725/1675 1728/1680
f 1670/1915 1727/1972 1671/1916
f 1727/1972 1670/1915 1674/1919
f 1726/1971 1727/1972 1729/1973
f 1674/1919 1465/1682 1729/1973
f 1732/1976 1731/1975 1730/1974
f 1735/1979 1734/1978 1733/1977
f 1734/1978 1736/1980 1733/1977
f 1739/1983 1738/1982 1737/1981
f 1476/1693 1477/1694 1738/1982
f 1742/1986 1741/1985 1740/1984
f 1745/1989 1744/1988 1743/1987
f 1748/1992 1747/1991 1746/1990
f 1751/1995 1750/1994 1749/1993
f 1750/1994 1751/1995 1752/1996
f 1754/1998 1751/1995 1753/1997
f 1756/2000 1755/1999 1754/1998
f 1758/2002 1754/1998 1757/2001
f 1757/2001 1759/2003 1758/2002
f 1762/2006 1761/2005 1760/2004
f 1765/2009 1764/2008 1763/2007
f 1766/2010 1765/2009 1661/1906
f 1764/2008 1765/2009 1361/2011
f 1371/2013 1766/2010 1370/2012
f 1767/2015 1764/2008 1359/2014
f 1768/2016 1767/2015 1357/1931
f 1770/2018 1769/2017 1370/2012
f 1771/2019 1769/2017 1673/1918
f 1769/2017 1771/2019 1369/2020
f 1771/2019 1673/1918 1683/1928
f 1771/2019 1683/1928 1368/2021
f 1772/2022 1761/2005 1759/2003
f 1775/2025 1774/2024 1773/2023
f 1778/2028 1777/2027 1776/2026
f 1776/2026 1779/2029 1778/2028
f 1737/1981 1777/2027 1739/1983
f 1777/2027 1737/1981 1656/1901
f 1737/1981 1735/1979 1655/1900
f 1776/2026 1656/1901 1780/2030
f 1777/2027 1778/2028 1519/1742
f 1782/2032 1781/2031 1522/1745
f 1714/1665 1724/1676 1783/1746
f 1725/1970 1726/1971 1784/2033
f 1729/1973 1525/1748 1784/2033
f 1728/1680 1784/2034 1526/1750
f 1695/1944 1700/1949 1651/1896
f 1786/2036 1528/1752 1785/2035
f 1700/1949 1530/1754 1787/2037
f 1790/2040 1789/2039 1788/2038
f 1790/2040 1791/2041 1789/2039
f 1761/2005 1772/2022 1792/2042
f 1795/2045 1794/2044 1793/2043
f 1797/2047 1795/2045 1796/2046
f 1799/2049 1798/2048 1796/2046
f 1801/2051 1800/2050 1798/2048
f 1799/2049 1803/2053 1802/2052
f 1802/2052 1804/2054 1799/2049
f 1806/2056 1802/2052 1805/2055
f 1808/2058 1805/2055 1807/2057
f 1808/2058 1807/2057 1809/2059
f 1804/2054 1373/2061 1810/2060
f 1804/2054 1806/2056 1373/2061
f 1806/2056 1805/2055 1374/2062
f 1375/2064 1805/2055 1376/2063
f 1809/2059 1348/2065 1808/2058
f 1377/2067 1801/2051 1372/2066
f 1791/2041 1349/2068 1809/2059
f 1377/2067 1344/2069 1801/2051
f 1349/2068 1791/2041 1347/2070
f 1811/2072 1800/2050 1345/2071
f 1347/2070 1790/2040 1346/2073
f 1788/2038 1811/2072 1346/2073
f 1699/1948 1707/1956 1556/1792
f 1556/1792 1530/1754 1699/1948
f 1813/2075 1779/2029 1812/2074
f 1816/2078 1815/2077 1814/2076
f 1815/2077 1816/2078 1653/1898
f 1815/2077 1786/2036 1817/2079
f 1786/2036 1815/2077 1818/2080
f 1818/2080 1653/1898 1787/2037
f 1821/2083 1820/2082 1819/2081
f 1775/2025 1773/2023 1822/2084
f 1823/2085 1781/2031 1782/2032
f 1781/2031 1823/2085 1813/2075
f 1655/1900 1733/1977 1824/2086
f 1713/1962 1783/2087 1570/1807
f 1783/2087 1728/2088 1571/1846
f 1707/1956 1709/1958 1572/1809
f 1738/1982 1739/1983 1476/1693
f 1573/1810 1778/2028 1522/1745
f 1739/1983 1777/2027 1574/1811
f 1698/1947 1702/1951 1699/1948
f 1768/2016 1684/1932 1825/2089
f 1827/2091 1682/1927 1826/2090
f 1371/2013 1765/2009 1766/2010
f 1766/2010 1661/1906 1770/2018
f 1770/2018 1661/1906 1769/2017
f 1811/2072 1788/2038 1828/2092
f 1809/2059 1829/2093 1791/2041
f 1806/2056 1804/2054 1802/2052
f 1828/2092 1800/2050 1811/2072
f 1825/2089 1767/2015 1768/2016
f 1767/2015 1825/2089 1830/2094
f 1830/2094 1764/2008 1767/2015
f 1801/2051 1798/2048 1810/2060
f 1798/2048 1799/2049 1810/2060
f 1652/1897 1688/1937 1651/1896
f 1655/1900 1824/2086 1654/1899
f 1661/1906 1763/2007 1660/1905
f 1663/1908 1664/1909 1392/1599
f 1665/1910 1659/1904 1664/1909
f 1659/1904 1665/1910 1666/1911
f 1658/1903 1666/1911 1667/1912
f 1662/1907 1667/1912 1668/1913
f 1390/1597 1403/1610 1669/1914
f 1665/1910 1663/1908 1669/1914
f 1670/1915 1671/1916 1666/1911
f 1671/1916 1672/1917 1667/1912
f 1672/1917 1676/1921 1668/1913
f 1668/1913 1676/1921 1673/1918
f 1403/1610 1465/1682 1674/1919
f 1675/1920 1677/1922 1672/1917
f 1677/1922 1678/1923 1676/1921
f 1673/1918 1676/1921 1678/1923
f 1679/1924 1678/1923 1680/1925
f 1679/1924 1826/2090 1682/1927
f 1354/1929 1367/2095 1683/1928
f 1682/1927 1827/2091 1350/1930
f 1831/2096 1684/1932 1352/1933
f 1684/1932 1768/2016 1357/1931
f 1834/2099 1833/2098 1832/2097
f 1835/2100 1686/1935 1687/1936
f 1686/1935 1836/2101 1685/1934
f 1839/2104 1838/2103 1837/2102
f 1842/2107 1841/2106 1840/2105
f 1843/2108 1748/1992 1746/1990
f 1689/1938 1693/1942 1688/1937
f 1691/1940 1693/1942 1690/1939
f 1694/1943 1688/1937 1693/1942
f 1695/1944 1651/1896 1688/1937
f 1691/1940 1696/1945 1697/1946
f 1694/1943 1697/1946 1698/1947
f 1695/1944 1698/1947 1699/1948
f 1696/1945 1705/1954 1701/1950
f 1697/1946 1701/1950 1702/1951
f 1705/1954 1703/1952 1706/1955
f 1706/1955 1708/1957 1702/1951
f 1708/1957 1709/1958 1707/1956
f 1710/1959 1713/1962 1709/1958
f 1711/1960 1710/1959 1708/1957
f 1712/1961 1711/1960 1706/1955
f 1713/1962 1570/1807 1448/1659
f 1714/1963 1783/2087 1713/1962
f 1715/1964 1714/1963 1710/1959
f 1716/1965 1715/1964 1711/1960
f 1716/1965 1712/1961 1844/2109
f 1717/1664 1724/1676 1714/1665
f 1718/1667 1717/1664 1715/1663
f 1721/1966 1680/1925 1678/1923
f 1717/1664 1718/1667 1720/1669
f 1721/1966 1723/1969 1722/1967
f 1723/1969 1721/1966 1677/1922
f 1724/1676 1717/1664 1722/1671
f 1723/1969 1726/1971 1725/1970
f 1726/1971 1723/1969 1675/1920
f 1725/1675 1784/2034 1728/1680
f 1727/1972 1675/1920 1671/1916
f 1670/1915 1669/1914 1674/1919
f 1727/1972 1674/1919 1729/1973
f 1465/1682 1525/1748 1729/1973
f 1731/1975 1846/2111 1845/2110
f 1848/2113 1819/2081 1847/2112
f 1851/2116 1850/2115 1849/2114
f 1738/1982 1735/1979 1737/1981
f 1744/1988 1852/2117 1743/1987
f 1745/1989 1743/1987 1853/2118
f 1750/1994 1854/2119 1749/1993
f 1751/1995 1755/1999 1752/1996
f 1751/1995 1749/1993 1753/1997
f 1755/1999 1751/1995 1754/1998
f 1754/1998 1753/1997 1757/2001
f 1756/2000 1754/1998 1758/2002
f 1759/2003 1762/2006 1758/2002
f 1764/2008 1830/2094 1763/2007
f 1765/2009 1763/2007 1661/1906
f 1765/2009 1371/2013 1361/2011
f 1766/2010 1770/2018 1370/2012
f 1764/2008 1361/2011 1359/2014
f 1767/2015 1359/2014 1357/1931
f 1769/2017 1369/2020 1370/2012
f 1769/2017 1661/1906 1673/1918
f 1771/2019 1368/2021 1369/2020
f 1673/1918 1679/1924 1683/1928
f 1683/1928 1367/2095 1368/2021
f 1761/2005 1762/2006 1759/2003
f 1777/2027 1656/1901 1776/2026
f 1779/2029 1823/2085 1778/2028
f 1737/1981 1655/1900 1656/1901
f 1735/1979 1733/1977 1655/1900
f 1656/1901 1654/1899 1780/2030
f 1778/2028 1573/1810 1519/1742
f 1781/2031 1600/1838 1522/1745
f 1601/1839 1600/1838 1781/2031
f 1724/1676 1728/1680 1783/1746
f 1726/1971 1729/1973 1784/2033
f 1525/1748 1602/1840 1784/2033
f 1784/2034 1602/2120 1526/1750
f 1700/1949 1787/2037 1651/1896
f 1528/1752 1603/1842 1785/2035
f 1530/1754 1604/1843 1787/2037
f 1789/2039 1828/2092 1788/2038
f 1791/2041 1829/2093 1789/2039
f 1772/2022 1855/2121 1792/2042
f 1795/2045 1793/2043 1796/2046
f 1798/2048 1797/2047 1796/2046
f 1800/2050 1828/2092 1798/2048
f 1804/2054 1810/2060 1799/2049
f 1802/2052 1856/2122 1805/2055
f 1805/2055 1856/2122 1807/2057
f 1807/2057 1829/2093 1809/2059
f 1373/2061 1372/2066 1810/2060
f 1806/2056 1374/2062 1373/2061
f 1805/2055 1375/2064 1374/2062
f 1805/2055 1808/2058 1376/2063
f 1348/2065 1376/2063 1808/2058
f 1801/2051 1810/2060 1372/2066
f 1349/2068 1348/2065 1809/2059
f 1344/2069 1800/2050 1801/2051
f 1791/2041 1790/2040 1347/2070
f 1800/2050 1344/2069 1345/2071
f 1790/2040 1788/2038 1346/2073
f 1811/2072 1345/2071 1346/2073
f 1707/1956 1572/1809 1556/1792
f 1530/1754 1700/1949 1699/1948
f 1815/2077 1817/2079 1814/2076
f 1816/2078 1652/1897 1653/1898
f 1786/2036 1785/2035 1817/2079
f 1815/2077 1653/1898 1818/2080
f 1653/1898 1651/1896 1787/2037
f 1820/2082 1847/2112 1819/2081
f 1823/2085 1779/2029 1813/2075
f 1783/2087 1571/1846 1570/1807
f 1728/1680 1526/1750 1571/1808
f 1709/1958 1448/1659 1572/1809
f 1739/1983 1574/1811 1476/1693
f 1778/2028 1782/2032 1522/1745
f 1823/2085 1782/2032 1778/2028
f 1777/2027 1519/1742 1574/1811
f 1702/1951 1707/1956 1699/1948
f 1858/2124 1608/1848 1857/2123
f 1803/2053 1860/2126 1859/2125
f 1803/2053 1859/2125 1802/2052
f 1859/2125 1856/2122 1802/2052
f 1807/2057 1862/2128 1861/2127
f 1856/2122 1862/2128 1807/2057
f 1807/2057 1861/2127 1829/2093
f 1863/2129 1795/2045 1797/2047
f 1797/2047 1864/2130 1863/2129
f 1797/2047 1828/2092 1864/2130
f 1797/2047 1798/2048 1828/2092
f 1793/2043 1860/2126 1803/2053
f 1793/2043 1803/2053 1796/2046
f 1803/2053 1799/2049 1796/2046
f 1867/2133 1866/2132 1865/2131
f 1865/2131 1868/2134 1867/2133
f 1864/2130 1828/2092 1789/2039
f 1870/1860 1864/1861 1869/1862
f 1869/1862 1871/1863 1870/1860
f 1872/2137 1870/2136 1871/2135
f 1872/2137 1871/2135 1873/2138
f 1872/2137 1873/2138 1874/2139
f 1876/2141 1826/2090 1875/2140
f 1878/2143 1877/2142 1868/2134
f 1874/2139 1878/2143 1868/2134
f 1874/2139 1868/2134 1865/2131
f 1756/2000 1879/2144 1755/1999
f 1755/1999 1879/2144 1880/2145
f 1752/1996 1755/1999 1880/2145
f 1853/2118 1882/2147 1881/2146
f 1853/2118 1743/1987 1882/2147
f 1881/2146 1884/2149 1883/2148
f 1881/2146 1883/2148 1853/2118
f 1886/2151 1884/2149 1885/2150
f 1887/2152 1886/2151 1885/2150
f 1890/2155 1889/2154 1888/2153
f 1885/2150 1889/2154 1890/2155
f 1392/1599 1664/1909 1642/1885
f 1642/1885 1664/1909 1657/1902
f 1664/1909 1659/1904 1657/1902
f 1660/1905 1657/1902 1658/1903
f 1658/1903 1662/1907 1660/1905
f 1891/2156 1741/1985 1742/1986
f 1894/2159 1893/2158 1892/2157
f 1689/1938 1652/1897 1816/2078
f 1654/1899 1895/2160 1780/2030
f 1896/2161 1895/2160 1654/1899
f 1890/2155 1897/2162 1885/2150
f 1812/2074 1779/2029 1780/2030
f 1779/2029 1776/2026 1780/2030
f 1813/2075 1812/2074 1857/2123
f 1812/2074 1858/2124 1857/2123
f 1690/1939 1693/1942 1689/1938
f 1734/1978 1738/1982 1477/1694
f 1734/1978 1735/1979 1738/1982
f 1762/2006 1760/2004 1758/2002
f 1760/2004 1756/2000 1758/2002
f 1794/2044 1898/2163 1793/2043
f 1696/1945 1692/1941 1704/1953
f 1704/1953 1705/1954 1696/1945
f 1844/2109 1703/1952 1704/1953
f 1844/2109 1712/1961 1703/1952
f 1719/1668 1716/1666 1844/1894
f 1680/2164 1720/1669 1719/1668
f 1680/1925 1721/1966 1720/1968
f 1352/1933 1350/1930 1827/2091
f 1352/1933 1827/2091 1831/2096
f 1900/2166 1899/2165 1636/1879
f 1900/2166 1636/1879 1634/1877
f 1634/1877 1635/1878 1900/2166
f 1902/2168 1886/2151 1901/2167
f 1884/2149 1886/2151 1902/2168
f 1884/2149 1902/2168 1883/2148
f 1649/1892 1471/1688 1639/1882
f 1890/2155 1733/1977 1897/2162
f 1264/2170 1248/2169 1604/1843
f 1330/2171 1604/1843 1248/2169
f 1528/1752 1265/2173 1250/2172
f 1265/2173 1528/1752 1316/2174
f 1314/2176 1818/2080 1329/2175
f 1263/2178 1563/1799 1245/2177
f 1314/2176 1317/2179 1818/2080
f 1563/1799 1251/2180 1245/2177
f 1787/2037 1329/2175 1818/2080
f 1787/2037 1604/1843 1330/2171
f 1330/2171 1329/2175 1787/2037
f 1786/2036 1818/2080 1317/2179
f 1316/2174 1528/1752 1786/2036
f 1786/2036 1317/2179 1316/2174
f 1563/1799 1527/1751 1251/2180
f 1251/2180 1527/1751 1250/2172
f 1250/2172 1527/1751 1528/1752
f 1264/2170 1531/1755 1263/2178
f 1263/2178 1531/1755 1563/1799
f 1604/1843 1531/1755 1264/2170
f 1831/2096 1876/2141 1684/1932
f 1831/2096 1827/2091 1826/2090
f 1831/2096 1826/2090 1876/2141
f 1825/2089 1684/1932 1876/2141
f 1904/2182 1903/2181 1596/1834
f 1903/2181 1595/1833 1596/1834
f 1904/2182 1905/2183 1903/2181
f 1596/1834 1594/1832 1536/1760
f 1594/1832 1605/1844 1536/1760
f 1593/1831 1592/1830 1904/2182
f 1592/1830 1905/2183 1904/2182
f 1565/1801 1567/1803 1564/1800
f 1513/1736 1567/1803 1565/1801
f 1468/1685 1466/1683 1512/1735
f 1468/1685 1512/1735 1513/1736
f 1591/1829 1467/1684 1468/1685
f 1419/1630 1580/1818 1591/1829
f 1580/1818 1590/1828 1591/1829
f 1488/1705 1599/1837 1485/1702
f 1485/1702 1486/1703 1488/1705
f 1585/1823 1584/1822 1587/1825
f 1583/1821 1584/1822 1585/1823
f 1584/1822 1582/1820 1421/1632
f 1421/1632 1582/1820 1581/1819
f 1645/1888 1906/2184 1644/1887
f 1588/1826 1587/1825 1486/1703
f 1586/1824 1587/1825 1588/1826
f 1792/2042 1851/2116 1849/2114
f 1792/2042 1855/2121 1851/2116
f 1850/2115 1834/2099 1849/2114
f 1834/2099 1832/2097 1849/2114
f 1832/2097 1833/2098 1848/2113
f 1847/2112 1832/2097 1848/2113
f 1820/2082 1821/2083 1822/2084
f 1773/2023 1820/2082 1822/2084
f 1773/2023 1774/2024 1732/1976
f 1732/1976 1730/1974 1773/2023
f 1731/1975 1845/2110 1730/1974
f 1835/2100 1845/2110 1846/2111
f 1687/1936 1845/2110 1835/2100
f 1907/2185 1893/2158 1894/2159
f 1839/2104 1685/1934 1836/2101
f 1837/2102 1685/1934 1839/2104
f 1837/2102 1838/2103 1842/2107
f 1840/2105 1837/2102 1842/2107
f 1840/2105 1841/2106 1843/2108
f 1746/1990 1840/2105 1843/2108
f 1746/1990 1747/1991 1750/1994
f 1750/1994 1747/1991 1854/2119
f 1482/1699 1597/1835 1480/1697
f 1480/1697 1597/1835 1479/1696
f 1740/1984 1852/2117 1744/1988
f 1852/2117 1740/1984 1741/1985
f 1643/1886 1479/1696 1908/2186
f 1908/2186 1909/2187 1643/1886
f 1908/2186 1891/2156 1909/2187
f 1741/1985 1891/2156 1908/2186
f 1910/2188 1607/1847 1608/1848
f 1858/2124 1910/2188 1608/1848
f 1521/1744 1601/1839 1609/1849
f 1781/2031 1857/2123 1601/1839
f 1609/1849 1601/1839 1608/1848
f 1609/1849 1557/1793 1521/1744
f 1857/2123 1608/1848 1601/1839
f 1857/2123 1781/2031 1813/2075
f 1578/1815 1533/1757 1615/1855
f 1621/1862 1578/2189 1615/1861
f 1829/2189 1869/1862 1864/1861
f 1829/2093 1864/2130 1789/2039
f 1913/2192 1912/2191 1911/2190
f 1916/2195 1915/2194 1914/2193
f 1914/2197 1861/2127 1917/2196
f 1919/2200 1918/2199 1912/2198
f 1921/2202 1613/2201 1920/2193
f 1920/2193 1923/2194 1922/2203
f 1926/2206 1925/2205 1924/2204
f 1924/2204 1626/1869 1927/2207
f 1575/1812 1417/1626 1928/2208
f 1626/1869 1575/1812 1928/2208
f 1876/2141 1875/2140 1918/2199
f 1929/2209 1876/2141 1918/2199
f 1929/2209 1825/2089 1876/2141
f 1905/2212 1931/2211 1930/2210
f 1903/2213 1905/2212 1930/2210
f 1592/2215 1932/2214 1931/2211
f 1905/2212 1592/2215 1931/2211
f 1903/2213 1930/2210 1933/2216
f 1595/2217 1903/2213 1933/2216
f 1933/2216 1934/2219 1594/2218
f 1595/2217 1933/2216 1594/2218
f 1934/2219 1935/2221 1605/2220
f 1594/2218 1934/2219 1605/2220
f 1935/2221 1936/2223 1510/2222
f 1605/2220 1935/2221 1510/2222
f 1936/2223 1937/2225 1497/2224
f 1510/2222 1936/2223 1497/2224
f 1937/2225 1938/2227 1496/2226
f 1497/2224 1937/2225 1496/2226
f 1496/2226 1938/2227 1939/2228
f 1492/2229 1496/2226 1939/2228
f 1492/2229 1939/2228 1940/2230
f 1489/2231 1492/2229 1940/2230
f 1566/2233 1941/2232 1932/2214
f 1592/2215 1566/2233 1932/2214
f 1564/2235 1942/2234 1941/2232
f 1566/2233 1564/2235 1941/2232
f 1567/2237 1943/2236 1942/2234
f 1564/2235 1567/2237 1942/2234
f 1511/2239 1944/2238 1943/2236
f 1567/2237 1511/2239 1943/2236
f 1945/2240 1944/2238 1511/2239
f 1512/2241 1945/2240 1511/2239
f 1946/2242 1945/2240 1512/2241
f 1466/2243 1946/2242 1512/2241
f 1947/2244 1946/2242 1466/2243
f 1467/2245 1947/2244 1466/2243
f 1948/2246 1947/2244 1467/2245
f 1590/2247 1948/2246 1467/2245
f 1580/2249 1949/2248 1948/2246
f 1590/2247 1580/2249 1948/2246
f 1420/2251 1950/2250 1949/2248
f 1580/2249 1420/2251 1949/2248
f 1951/2252 1950/2250 1420/2251
f 1581/2253 1951/2252 1420/2251
f 1952/2254 1951/2252 1581/2253
f 1582/2255 1952/2254 1581/2253
f 1952/2254 1582/2255 1583/2256
f 1953/2257 1952/2254 1583/2256
f 1953/2257 1583/2256 1585/2258
f 1954/2259 1953/2257 1585/2258
f 1955/2262 1588/2261 1484/2260
f 1956/2263 1955/2262 1484/2260
f 1956/2263 1484/2260 1485/2264
f 1957/2265 1956/2263 1485/2264
f 1957/2265 1485/2264 1599/2266
f 1958/2267 1957/2265 1599/2266
f 1958/2267 1599/2266 1489/2231
f 1940/2230 1958/2267 1489/2231
f 1588/2261 1955/2262 1959/2268
f 1586/2269 1588/2261 1959/2268
f 1586/2269 1959/2268 1954/2259
f 1585/2258 1586/2269 1954/2259
f 1961/2272 1960/2271 1842/2270
f 1838/2273 1961/2272 1842/2270
f 1960/2271 1962/2275 1841/2274
f 1842/2270 1960/2271 1841/2274
f 1962/2275 1963/2277 1843/2276
f 1841/2274 1962/2275 1843/2276
f 1963/2277 1964/2279 1748/2278
f 1843/2276 1963/2277 1748/2278
f 1964/2279 1965/2281 1747/2280
f 1748/2278 1964/2279 1747/2280
f 1965/2281 1966/2283 1854/2282
f 1747/2280 1965/2281 1854/2282
f 1966/2283 1967/2285 1749/2284
f 1854/2282 1966/2283 1749/2284
f 1967/2285 1968/2287 1753/2286
f 1749/2284 1967/2285 1753/2286
f 1968/2287 1969/2289 1757/2288
f 1753/2286 1968/2287 1757/2288
f 1757/2288 1969/2289 1970/2290
f 1759/2291 1757/2288 1970/2290
f 1759/2291 1970/2290 1971/2292
f 1772/2293 1759/2291 1971/2292
f 1855/2296 1973/2295 1972/2294
f 1851/2297 1855/2296 1972/2294
f 1851/2297 1972/2294 1974/2298
f 1850/2299 1851/2297 1974/2298
f 1974/2298 1975/2301 1834/2300
f 1850/2299 1974/2298 1834/2300
f 1975/2301 1976/2303 1833/2302
f 1834/2300 1975/2301 1833/2302
f 1976/2303 1977/2305 1848/2304
f 1833/2302 1976/2303 1848/2304
f 1819/2306 1848/2304 1977/2305
f 1978/2307 1819/2306 1977/2305
f 1821/2308 1819/2306 1978/2307
f 1979/2309 1821/2308 1978/2307
f 1822/2310 1821/2308 1979/2309
f 1980/2311 1822/2310 1979/2309
f 1775/2312 1822/2310 1980/2311
f 1981/2313 1775/2312 1980/2311
f 1982/2315 1774/2314 1775/2312
f 1981/2313 1982/2315 1775/2312
f 1983/2317 1732/2316 1774/2314
f 1982/2315 1983/2317 1774/2314
f 1984/2319 1731/2318 1732/2316
f 1983/2317 1984/2319 1732/2316
f 1985/2321 1846/2320 1731/2318
f 1984/2319 1985/2321 1731/2318
f 1835/2322 1846/2320 1985/2321
f 1986/2323 1835/2322 1985/2321
f 1686/2324 1835/2322 1986/2323
f 1987/2325 1686/2324 1986/2323
f 1988/2327 1836/2326 1686/2324
f 1987/2325 1988/2327 1686/2324
f 1989/2329 1839/2328 1836/2326
f 1988/2327 1989/2329 1836/2326
f 1838/2273 1839/2328 1989/2329
f 1961/2272 1838/2273 1989/2329
f 1973/2295 1855/2296 1772/2293
f 1971/2292 1973/2295 1772/2293
f 1991/2331 1990/2330 1257/1431
f 1258/1432 1991/2331 1257/1431
f 1258/1432 1254/1428 1992/2332
f 1991/2331 1258/1432 1992/2332
f 1990/2330 1993/2333 1269/1443
f 1257/1431 1990/2330 1269/1443
f 1254/1428 1252/1426 1994/2334
f 1992/2332 1254/1428 1994/2334
f 1252/1426 1256/1430 1995/2335
f 1994/2334 1252/1426 1995/2335
f 1993/2333 1996/2336 1259/1433
f 1269/1443 1993/2333 1259/1433
f 1259/1433 1996/2336 1997/2337
f 1260/1434 1259/1433 1997/2337
f 1260/1434 1997/2337 1998/2338
f 1261/1435 1260/1434 1998/2338
f 1999/2339 1262/1436 1261/1435
f 1998/2338 1999/2339 1261/1435
f 2000/2340 1268/1442 1262/1436
f 1999/2339 2000/2340 1262/1436
f 1995/2335 1256/1430 1255/1429
f 2001/2341 1995/2335 1255/1429
f 2001/2341 1255/1429 1266/1440
f 2002/2342 2001/2341 1266/1440
f 2003/2343 1267/1441 1268/1442
f 2000/2340 2003/2343 1268/1442
f 2002/2342 1266/1440 1267/1441
f 2003/2343 2002/2342 1267/1441
f 1324/1431 2005/2330 2004/2331
f 1323/1432 1324/1431 2004/2331
f 2006/2332 1318/1428 1323/1432
f 2004/2331 2006/2332 1323/1432
f 1332/1443 2007/2333 2005/2330
f 1324/1431 1332/1443 2005/2330
f 2008/2344 1320/1426 1318/1428
f 2006/2332 2008/2344 1318/1428
f 2009/2335 1321/1430 1320/1426
f 2008/2344 2009/2335 1320/1426
f 1326/1433 2010/2336 2007/2333
f 1332/1443 1326/1433 2007/2333
f 2011/2337 2010/2336 1326/1433
f 1325/1434 2011/2337 1326/1433
f 2012/2338 2011/2337 1325/1434
f 1328/1435 2012/2338 1325/1434
f 1328/1435 1327/1436 2013/2339
f 2012/2338 1328/1435 2013/2339
f 1327/1436 1333/1518 2014/2345
f 2013/2339 1327/1436 2014/2345
f 2014/2345 1333/1518 1334/1519
f 2015/2346 2014/2345 1334/1519
f 1322/1429 1321/1430 2009/2335
f 2016/2341 1322/1429 2009/2335
f 1331/1440 1322/1429 2016/2341
f 2017/2342 1331/1440 2016/2341
f 1334/1519 1331/1440 2017/2342
f 2015/2346 1334/1519 2017/2342
f 2020/2349 2019/2348 2018/2347
f 2021/2350 2020/2349 2018/2347
f 2021/2350 2018/2347 2022/2351
f 2023/2352 2021/2350 2022/2351
f 2025/2353 2019/2348 2024/2349
f 2026/2354 2025/2353 2024/2349
f 2027/2355 2025/2353 2026/2354
f 2028/2356 2027/2355 2026/2354
f 2030/2359 2029/2358 1643/2357
f 1909/2360 2030/2359 1643/2357
f 2029/2358 2031/2362 1478/2361
f 1643/2357 2029/2358 1478/2361
f 1478/2361 2031/2362 2032/2363
f 1480/2364 1478/2361 2032/2363
f 1480/2364 2032/2363 2033/2365
f 1482/2366 1480/2364 2033/2365
f 2034/2368 1481/2367 1482/2366
f 2033/2365 2034/2368 1482/2366
f 1900/2371 2036/2370 2035/2369
f 1899/2372 1900/2371 2035/2369
f 2036/2370 1900/2371 1481/2367
f 2034/2368 2036/2370 1481/2367
f 2038/2375 2037/2374 1744/2373
f 1745/2376 2038/2375 1744/2373
f 2037/2374 2039/2378 1740/2377
f 1744/2373 2037/2374 1740/2377
f 2039/2378 2040/2380 1742/2379
f 1740/2377 2039/2378 1742/2379
f 1742/2379 2040/2380 2041/2381
f 1891/2382 1742/2379 2041/2381
f 1891/2382 2041/2381 2030/2359
f 1909/2360 1891/2382 2030/2359
f 1745/2376 1902/2384 2042/2383
f 2038/2375 1745/2376 2042/2383
f 1901/2385 2027/2355 2028/2356
f 2043/2386 1901/2385 2028/2356
f 1902/2384 1901/2385 2043/2386
f 2042/2383 1902/2384 2043/2386
f 1899/2372 2035/2369 2023/2352
f 2022/2351 1899/2372 2023/2352
f 2045/2388 2044/2387 1650/1893
f 2046/2389 2045/2388 1650/1893
f 2044/2387 2047/2390 1538/1762
f 1650/1893 2044/2387 1538/1762
f 2047/2390 2049/2392 2048/2391
f 1538/1762 2047/2390 2048/2391
f 2049/2395 2051/2394 2050/2393
f 2048/2396 2049/2395 2050/2393
f 2051/2399 2053/2398 2052/2397
f 2050/2400 2051/2399 2052/2397
f 2053/2398 2054/2401 1617/1857
f 2052/2397 2053/2398 1617/1857
f 2055/2402 1617/1857 2054/2401
f 2056/2403 2055/2402 2054/2401
f 2057/2404 2055/2402 2056/2403
f 2058/2405 2057/2404 2056/2403
f 2057/2404 2060/2407 2059/2406
f 2055/2402 2057/2404 2059/2406
f 1617/1857 2055/2402 2059/2406
f 1616/1856 1617/1857 2059/2406
f 2046/2389 1650/1893 2061/2408
f 2062/2409 2046/2389 2061/2408
f 2064/2411 2063/2410 2062/2409
f 2061/2408 2064/2411 2062/2409
f 2066/2413 2065/2412 2063/2410
f 2064/2411 2066/2413 2063/2410
f 2068/2415 2067/2414 2065/2412
f 2066/2413 2068/2415 2065/2412
f 2067/2414 2068/2415 2069/2416
f 2070/2417 2067/2414 2069/2416
f 2070/2417 2069/2416 2071/2418
f 2072/2419 2070/2417 2071/2418
f 2072/2419 2071/2418 1386/1593
f 1642/1885 2072/2419 1386/1593
f 1389/1596 1386/1593 2071/2418
f 2073/2420 1389/1596 2071/2418
f 2073/2420 2071/2418 2069/2416
f 2074/2421 2073/2420 2069/2416
f 2074/2421 2069/2416 2068/2415
f 2075/2422 2074/2421 2068/2415
f 2075/2422 2068/2415 2066/2413
f 2076/2423 2075/2422 2066/2413
f 2076/2423 2066/2413 2064/2411
f 1611/1851 2076/2423 2064/2411
f 1611/1851 2064/2411 2061/2408
f 1610/1850 1611/1851 2061/2408
f 2074/2421 2077/2424 1928/2208
f 2073/2420 2074/2421 1928/2208
f 2077/2424 2074/2421 2075/2422
f 2078/2425 2077/2424 2075/2422
f 2078/2425 2075/2422 2076/2423
f 1612/1852 2078/2425 2076/2423
f 1612/1852 2076/2423 1611/1851
f 1606/1845 1612/1852 1611/1851
f 1579/1816 1503/1720 1389/1596
f 2073/2420 1579/1816 1389/1596
f 1928/2208 1417/1626 1579/1816
f 2073/2420 1928/2208 1579/1816
f 2078/2425 1921/2426 1927/2207
f 2077/2424 2078/2425 1927/2207
f 1613/1853 1921/2426 2078/2425
f 1612/1852 1613/1853 2078/2425
f 1920/2193 1621/1862 1622/1863
f 1923/2194 1920/2193 1622/1863
f 1610/1850 2061/2408 1650/1893
f 1539/1763 1610/1850 1650/1893
f 2048/2391 1614/1854 1537/1761
f 1538/1762 2048/2391 1537/1761
f 2048/2396 2050/2393 2079/2427
f 1614/2428 2048/2396 2079/2427
f 2050/2400 2052/2397 2080/2429
f 2079/2430 2050/2400 2080/2429
f 2052/2397 1617/1857 1618/1858
f 2080/2429 2052/2397 1618/1858
f 1614/2428 2079/2427 1620/1860
f 1615/1861 1614/2428 1620/1860
f 2079/2430 2080/2429 1623/1864
f 1620/1865 2079/2430 1623/1864
f 1625/1868 1623/1864 2080/2429
f 1618/1858 1625/1868 2080/2429
f 1923/2431 1622/1866 1624/1867
f 2081/2432 1923/2431 1624/1867
f 1410/1617 1408/1615 1576/1813
f 1627/1870 1410/1617 1576/1813
f 1626/2434 1924/2191 2082/2433
f 1627/2435 1626/2434 2082/2433
f 2082/2433 1924/2191 1925/2190
f 2083/2436 2082/2433 1925/2190
f 1630/1873 1922/2437 1923/2431
f 2081/2432 1630/1873 1923/2431
f 1922/2437 1630/1873 1631/1874
f 1926/2206 1922/2437 1631/1874
f 1631/1874 2084/2438 1925/2205
f 1926/2206 1631/1874 1925/2205
f 2084/2438 2085/2440 2083/2439
f 1925/2205 2084/2438 2083/2439
f 2081/2432 1624/1867 2086/2441
f 1500/1717 2081/2432 2086/2441
f 1624/1867 1625/1868 1628/1871
f 2086/2441 1624/1867 1628/1871
f 2060/2407 2088/2443 2087/2442
f 2059/2406 2060/2407 2087/2442
f 2089/2444 1616/1856 2059/2406
f 2087/2442 2089/2444 2059/2406
f 1616/1856 2089/2444 1629/1872
f 1619/1859 1616/1856 1629/1872
f 2088/2443 2091/2446 2090/2445
f 2087/2442 2088/2443 2090/2445
f 2092/2447 2089/2444 2087/2442
f 2090/2445 2092/2447 2087/2442
f 1632/1875 1629/1872 2089/2444
f 2092/2447 1632/1875 2089/2444
f 1629/1872 1632/1875 1633/1876
f 1628/1871 1629/1872 1633/1876
f 2093/2448 2086/2441 1628/1871
f 1633/1876 2093/2448 1628/1871
f 2094/2449 1500/1717 2086/2441
f 2093/2448 2094/2449 2086/2441
f 1630/1873 2081/2432 1500/1717
f 1493/1710 1630/1873 1500/1717
f 2084/2438 1631/1874 1490/1707
f 1906/2184 2084/2438 1490/1707
f 1906/2184 1645/1888 2085/2440
f 2084/2438 1906/2184 2085/2440
f 1410/2450 1627/2435 2082/2433
f 2095/2451 1410/2450 2082/2433
f 2095/2451 2082/2433 2083/2436
f 2096/2452 2095/2451 2083/2436
f 2096/2453 2083/2439 2085/2440
f 2097/2454 2096/2453 2085/2440
f 2097/2454 2085/2440 1645/1888
f 2098/2455 2097/2454 1645/1888
f 2090/2445 1479/1696 1597/1835
f 2092/2447 2090/2445 1597/1835
f 1483/1700 1632/1875 2092/2447
f 1597/1835 1483/1700 2092/2447
f 2099/2456 2093/2448 1633/1876
f 1634/1877 2099/2456 1633/1876
f 2094/2449 2093/2448 2099/2456
f 2100/2457 2094/2449 2099/2456
f 2100/2457 2099/2456 1640/1883
f 2101/2458 2100/2457 1640/1883
f 2101/2458 1640/1883 1641/1884
f 1648/1891 2101/2458 1641/1884
f 1499/1716 1500/1717 2094/2449
f 1536/1760 1499/1716 2094/2449
f 1640/1883 2099/2456 1634/1877
f 1637/1880 1640/1883 1634/1877
f 1646/1889 2102/2459 2098/2455
f 1645/1888 1646/1889 2098/2455
f 2102/2459 1646/1889 1561/1797
f 1559/1795 2102/2459 1561/1797
f 1529/1753 1562/1798 2103/2460
f 2104/2461 1529/1753 2103/2460
f 1646/1889 1644/1887 2105/2462
f 1561/1797 1646/1889 2105/2462
f 1561/1797 2105/2462 2103/2460
f 1562/1798 1561/1797 2103/2460
f 1603/1842 1529/1753 2104/2461
f 2106/2463 1603/1842 2104/2461
f 2108/2465 2107/2464 2106/2463
f 2104/2461 2108/2465 2106/2463
f 2107/2464 2108/2465 2109/2466
f 2110/2467 2107/2464 2109/2466
f 2108/2465 2112/2469 2111/2468
f 2109/2466 2108/2465 2111/2468
f 2109/2466 2111/2468 2113/2470
f 1607/1847 2109/2466 2113/2470
f 1910/2188 2110/2467 2109/2466
f 1607/1847 1910/2188 2109/2466
f 2113/2470 2114/2471 1558/1794
f 1607/1847 2113/2470 1558/1794
f 2114/2471 1647/1890 1518/1741
f 1558/1794 2114/2471 1518/1741
f 1641/1884 1639/1882 1471/1688
f 1569/1805 1641/1884 1471/1688
f 1569/1805 1383/1590 1648/1891
f 1641/1884 1569/1805 1648/1891
f 1638/1881 2116/2473 2115/2472
f 1637/1880 1638/1881 2115/2472
f 2116/2473 2118/2475 2117/2474
f 2115/2472 2116/2473 2117/2474
f 2115/2472 2117/2474 2119/2476
f 2120/2477 2115/2472 2119/2476
f 1649/1892 1637/1880 2115/2472
f 2120/2477 1649/1892 2115/2472
f 1470/1687 1472/1689 2121/2478
f 1477/1694 1470/1687 2121/2478
f 2018/2480 2019/2479 2118/2475
f 2116/2473 2018/2480 2118/2475
f 2116/2473 1638/1881 2022/2481
f 2018/2480 2116/2473 2022/2481
f 1899/2165 2022/2481 1638/1881
f 1636/1879 1899/2165 1638/1881
f 1422/1633 1426/1637 2102/2459
f 1559/1795 1422/1633 2102/2459
f 1426/1637 1424/1635 2098/2455
f 2102/2459 1426/1637 2098/2455
f 1438/1649 2097/2454 2098/2455
f 1424/1635 1438/1649 2098/2455
f 2097/2454 1438/1649 1589/1827
f 2096/2453 2097/2454 1589/1827
f 2096/2452 1589/1894 1454/1668
f 2095/2451 2096/2452 1454/1668
f 2095/2451 1454/1668 1411/2164
f 1410/2450 2095/2451 1411/2164
f 1898/2163 2122/2482 2045/2388
f 2046/2389 1898/2163 2045/2388
f 1794/2044 2123/2483 2122/2482
f 1898/2163 1794/2044 2122/2482
f 2125/2485 2124/2484 2123/2483
f 1794/2044 2125/2485 2123/2483
f 2127/2393 2126/2394 2124/2395
f 2125/2396 2127/2393 2124/2395
f 2129/2488 2128/2487 2126/2486
f 2127/2489 2129/2488 2126/2486
f 1866/2132 2130/2490 2128/2487
f 2129/2488 1866/2132 2128/2487
f 2130/2490 1866/2132 2131/2491
f 2132/2492 2130/2490 2131/2491
f 2132/2492 2131/2491 2057/2404
f 2058/2405 2132/2492 2057/2404
f 2133/2493 2060/2407 2057/2404
f 2131/2491 2133/2493 2057/2404
f 2133/2493 2131/2491 1866/2132
f 1867/2133 2133/2493 1866/2132
f 2134/2494 1898/2163 2046/2389
f 2062/2409 2134/2494 2046/2389
f 2062/2409 2063/2410 2135/2495
f 2134/2494 2062/2409 2135/2495
f 2063/2410 2065/2412 2136/2496
f 2135/2495 2063/2410 2136/2496
f 2065/2412 2067/2414 2137/2497
f 2136/2496 2065/2412 2137/2497
f 2138/2498 2137/2497 2067/2414
f 2070/2417 2138/2498 2067/2414
f 2139/2499 2138/2498 2070/2417
f 2072/2419 2139/2499 2070/2417
f 1657/1902 2139/2499 2072/2419
f 1642/1885 1657/1902 2072/2419
f 2139/2499 1657/1902 1660/1905
f 2140/2500 2139/2499 1660/1905
f 2138/2498 2139/2499 2140/2500
f 2141/2501 2138/2498 2140/2500
f 2137/2497 2138/2498 2141/2501
f 2142/2502 2137/2497 2141/2501
f 2136/2496 2137/2497 2142/2502
f 2143/2503 2136/2496 2142/2502
f 2135/2495 2136/2496 2143/2503
f 1859/2125 2135/2495 2143/2503
f 2134/2494 2135/2495 1859/2125
f 1860/2126 2134/2494 1859/2125
f 1929/2209 2144/2504 2141/2501
f 2140/2500 1929/2209 2141/2501
f 2142/2502 2141/2501 2144/2504
f 2145/2505 2142/2502 2144/2504
f 2143/2503 2142/2502 2145/2505
f 1862/2128 2143/2503 2145/2505
f 1859/2125 2143/2503 1862/2128
f 1856/2122 1859/2125 1862/2128
f 1660/1905 1763/2007 1830/2094
f 2140/2500 1660/1905 1830/2094
f 1830/2094 1825/2089 1929/2209
f 2140/2500 1830/2094 1929/2209
f 1919/2200 1917/2196 2145/2505
f 2144/2504 1919/2200 2145/2505
f 2145/2505 1917/2196 1861/2127
f 1862/2128 2145/2505 1861/2127
f 1871/1863 1869/1862 1914/2193
f 1915/2194 1871/1863 1914/2193
f 1898/2163 2134/2494 1860/2126
f 1793/2043 1898/2163 1860/2126
f 1795/2045 1863/2129 2125/2485
f 1794/2044 1795/2045 2125/2485
f 2146/2427 2127/2393 2125/2396
f 1863/2428 2146/2427 2125/2396
f 2147/2506 2129/2488 2127/2489
f 2146/2507 2147/2506 2127/2489
f 1865/2131 1866/2132 2129/2488
f 2147/2506 1865/2131 2129/2488
f 1870/1860 2146/2427 1863/2428
f 1864/1861 1870/1860 1863/2428
f 1872/2137 2147/2506 2146/2507
f 1870/2136 1872/2137 2146/2507
f 2147/2506 1872/2137 1874/2139
f 1865/2131 2147/2506 1874/2139
f 1873/2138 1871/2135 1915/2508
f 2148/2509 1873/2138 1915/2508
f 1826/2090 1679/1924 1681/1926
f 1875/2140 1826/2090 1681/1926
f 2149/2433 1912/2191 1918/2434
f 1875/2435 2149/2433 1918/2434
f 1911/2190 1912/2191 2149/2433
f 2150/2436 1911/2190 2149/2433
f 1915/2508 1916/2510 1879/2144
f 2148/2509 1915/2508 1879/2144
f 1913/2511 1880/2145 1879/2144
f 1916/2510 1913/2511 1879/2144
f 1911/2513 2151/2512 1880/2145
f 1913/2511 1911/2513 1880/2145
f 2150/2515 2152/2514 2151/2512
f 1911/2513 2150/2515 2151/2512
f 2153/2516 1873/2138 2148/2509
f 1760/2004 2153/2516 2148/2509
f 1878/2143 1874/2139 1873/2138
f 2153/2516 1878/2143 1873/2138
f 2154/2517 2088/2443 2060/2407
f 2133/2493 2154/2517 2060/2407
f 2133/2493 1867/2133 2155/2518
f 2154/2517 2133/2493 2155/2518
f 1877/2142 2155/2518 1867/2133
f 1868/2134 1877/2142 1867/2133
f 2156/2519 2091/2446 2088/2443
f 2154/2517 2156/2519 2088/2443
f 2154/2517 2155/2518 2157/2520
f 2156/2519 2154/2517 2157/2520
f 2155/2518 1877/2142 1882/2147
f 2157/2520 2155/2518 1882/2147
f 1881/2146 1882/2147 1877/2142
f 1878/2143 1881/2146 1877/2142
f 1878/2143 2153/2516 2158/2521
f 1881/2146 1878/2143 2158/2521
f 2153/2516 1760/2004 2159/2522
f 2158/2521 2153/2516 2159/2522
f 1760/2004 2148/2509 1879/2144
f 1756/2000 1760/2004 1879/2144
f 1752/1996 1880/2145 2151/2512
f 1907/2185 1752/1996 2151/2512
f 2152/2514 1893/2158 1907/2185
f 2151/2512 2152/2514 1907/2185
f 2149/2433 1875/2435 1681/2450
f 2160/2451 2149/2433 1681/2450
f 2150/2436 2149/2433 2160/2451
f 2161/2452 2150/2436 2160/2451
f 2152/2514 2150/2515 2161/2523
f 2162/2524 2152/2514 2161/2523
f 1893/2158 2152/2514 2162/2524
f 2163/2525 1893/2158 2162/2524
f 1852/2117 1741/1985 2156/2519
f 2157/2520 1852/2117 2156/2519
f 2157/2520 1882/2147 1743/1987
f 1852/2117 2157/2520 1743/1987
f 1881/2146 2158/2521 2164/2526
f 1884/2149 1881/2146 2164/2526
f 2164/2526 2158/2521 2159/2522
f 2165/2527 2164/2526 2159/2522
f 1889/2154 2164/2526 2165/2527
f 2166/2528 1889/2154 2165/2527
f 1888/2153 1889/2154 2166/2528
f 1896/2161 1888/2153 2166/2528
f 2159/2522 1760/2004 1761/2005
f 1792/2042 2159/2522 1761/2005
f 1884/2149 2164/2526 1889/2154
f 1885/2150 1884/2149 1889/2154
f 2163/2525 2167/2529 1892/2157
f 1893/2158 2163/2525 1892/2157
f 1814/2076 1892/2157 2167/2529
f 1816/2078 1814/2076 2167/2529
f 2168/2530 1817/2079 1785/2035
f 2169/2531 2168/2530 1785/2035
f 2170/2532 1894/2159 1892/2157
f 1814/2076 2170/2532 1892/2157
f 2168/2530 2170/2532 1814/2076
f 1817/2079 2168/2530 1814/2076
f 2169/2531 1785/2035 1603/1842
f 2106/2463 2169/2531 1603/1842
f 2106/2463 2107/2464 2171/2533
f 2169/2531 2106/2463 2171/2533
f 2172/2534 2171/2533 2107/2464
f 2110/2467 2172/2534 2107/2464
f 2174/2536 2173/2535 2171/2533
f 2172/2534 2174/2536 2171/2533
f 2175/2537 2174/2536 2172/2534
f 1858/2124 2175/2537 2172/2534
f 2172/2534 2110/2467 1910/2188
f 1858/2124 2172/2534 1910/2188
f 1812/2074 2176/2538 2175/2537
f 1858/2124 1812/2074 2175/2537
f 1780/2030 1895/2160 2176/2538
f 1812/2074 1780/2030 2176/2538
f 1733/1977 1890/2155 1888/2153
f 1824/2086 1733/1977 1888/2153
f 1896/2161 1654/1899 1824/2086
f 1888/2153 1896/2161 1824/2086
f 2178/2540 2177/2539 1887/2152
f 1885/2150 2178/2540 1887/2152
f 2117/2474 2118/2475 2177/2539
f 2178/2540 2117/2474 2177/2539
f 2119/2476 2117/2474 2178/2540
f 2179/2541 2119/2476 2178/2540
f 2178/2540 1885/2150 1897/2162
f 2179/2541 2178/2540 1897/2162
f 2121/2478 1736/1980 1734/1978
f 1477/1694 2121/2478 1734/1978
f 2118/2475 2019/2479 2025/2542
f 2177/2539 2118/2475 2025/2542
f 2027/2543 1887/2152 2177/2539
f 2025/2542 2027/2543 2177/2539
f 1887/2152 2027/2543 1901/2167
f 1886/2151 1887/2152 1901/2167
f 2167/2529 1690/1939 1689/1938
f 1816/2078 2167/2529 1689/1938
f 2163/2525 1692/1941 1690/1939
f 2167/2529 2163/2525 1690/1939
f 2163/2525 2162/2524 1704/1953
f 1692/1941 2163/2525 1704/1953
f 1844/2109 1704/1953 2162/2524
f 2161/2523 1844/2109 2162/2524
f 1719/1668 1844/1894 2161/2452
f 2160/2451 1719/1668 2161/2452
f 1680/2164 1719/1668 2160/2451
f 1681/2450 1680/2164 2160/2451
f 1635/1878 1598/1836 1481/1698
f 1900/2166 1635/1878 1481/1698
f 1745/1989 1853/2118 1883/2148
f 1902/2168 1745/1989 1883/2148
f 2119/2476 2179/2541 1736/1980
f 2121/2478 2119/2476 1736/1980
f 1736/1980 2179/2541 1897/2162
f 1733/1977 1736/1980 1897/2162
f 2119/2476 2121/2478 1472/1689
f 2120/2477 2119/2476 1472/1689
f 1472/1689 1471/1688 1649/1892
f 2120/2477 1472/1689 1649/1892
f 2100/2457 2101/2458 1904/2182
f 1596/1834 2100/2457 1904/2182
f 1536/1760 2094/2449 2100/2457
f 1596/1834 1536/1760 2100/2457
f 1904/2182 2101/2458 1648/1891
f 1593/1831 1904/2182 1648/1891
f 2114/2471 1513/1736 1565/1801
f 1647/1890 2114/2471 1565/1801
f 2114/2471 2113/2470 1468/1685
f 1513/1736 2114/2471 1468/1685
f 1468/1685 2113/2470 2111/2468
f 1591/1829 1468/1685 2111/2468
f 1591/1829 2111/2468 2112/2469
f 1419/1630 1591/1829 2112/2469
f 1490/1707 1488/1705 1486/1703
f 1906/2184 1490/1707 1486/1703
f 2112/2469 2108/2465 2104/2461
f 2103/2460 2112/2469 2104/2461
f 2112/2469 2103/2460 1421/1632
f 1419/1630 2112/2469 1421/1632
f 1584/1822 2105/2462 1644/1887
f 1587/1825 1584/1822 1644/1887
f 2105/2462 1584/1822 1421/1632
f 2103/2460 2105/2462 1421/1632
f 1906/2184 1486/1703 1587/1825
f 1644/1887 1906/2184 1587/1825
f 2165/2527 2159/2522 1792/2042
f 1849/2114 2165/2527 1792/2042
f 1832/2097 2166/2528 2165/2527
f 1849/2114 1832/2097 2165/2527
f 1896/2161 2166/2528 1832/2097
f 1847/2112 1896/2161 1832/2097
f 1820/2082 1895/2160 1896/2161
f 1847/2112 1820/2082 1896/2161
f 2176/2538 1895/2160 1820/2082
f 1773/2023 2176/2538 1820/2082
f 1730/1974 2175/2537 2176/2538
f 1773/2023 1730/1974 2176/2538
f 2174/2536 2175/2537 1730/1974
f 1845/2110 2174/2536 1730/1974
f 2173/2535 2174/2536 1845/2110
f 1687/1936 2173/2535 1845/2110
f 1648/1891 1647/1890 1565/1801
f 1593/1831 1648/1891 1565/1801
f 2169/2531 2171/2533 2173/2535
f 2168/2530 2169/2531 2173/2535
f 2173/2535 1687/1936 1685/1934
f 2168/2530 2173/2535 1685/1934
f 1685/1934 1837/2102 2170/2532
f 2168/2530 1685/1934 2170/2532
f 1837/2102 1840/2105 1894/2159
f 2170/2532 1837/2102 1894/2159
f 1840/2105 1746/1990 1907/2185
f 1894/2159 1840/2105 1907/2185
f 1746/1990 1750/1994 1752/1996
f 1907/2185 1746/1990 1752/1996
f 2091/2446 2156/2519 1741/1985
f 1908/2186 2091/2446 1741/1985
f 1479/1696 2090/2445 2091/2446
f 1908/2186 1479/1696 2091/2446
f 1869/1862 1829/2189 1861/2544
f 1914/2193 1869/1862 1861/2544
f 1613/2201 1578/2189 1621/1862
f 1920/2193 1613/2201 1621/1862
f 2077/2424 1927/2207 1626/1869
f 1928/2208 2077/2424 1626/1869
f 1918/2199 1919/2200 2144/2504
f 1929/2209 1918/2199 2144/2504
f 2182/2547 2181/2546 2180/2545
f 2182/2547 2183/2548 2181/2546
f 2184/2549 2183/2548 2182/2547
f 2184/2549 2185/2550 2183/2548
f 2181/2546 2186/2551 2180/2545
f 2181/2546 2187/2552 2186/2551
f 2190/2554 2189/2553 2188/2553
f 2190/2554 2191/2554 2189/2553
f 2192/2555 2181/2546 2183/2548
f 2192/2555 2193/2556 2181/2546
f 2193/2556 2187/2552 2181/2546
f 2183/2548 2185/2550 2192/2555
f 2180/2545 2194/2557 2182/2547
f 2180/2545 2195/2558 2194/2557
f 2180/2545 2186/2551 2195/2558
f 2194/2557 2184/2549 2182/2547
f 2198/2561 2197/2560 2196/2559
f 2198/2561 2199/2562 2197/2560
f 2198/2561 2200/2563 2199/2562
f 2198/2561 2201/2564 2200/2563
f 2202/2565 2196/2559 2197/2560
f 2202/2565 2203/2566 2196/2559
f 2199/2562 2204/2567 2197/2560
f 2199/2562 2205/2568 2204/2567
f 2205/2568 2199/2562 2200/2563
f 2202/2565 2197/2560 2204/2567
f 2206/2569 2198/2561 2196/2559
f 2206/2569 2207/2570 2198/2561
f 2203/2566 2206/2569 2196/2559
f 2207/2570 2201/2564 2198/2561
f 2122/2573 2123/2572 2208/2571
f 2208/2571 2047/2575 2044/2574
f 2208/2571 2051/2577 2049/2576
f 2208/2571 2124/2579 2126/2578
f 2208/2571 2123/2572 2124/2579
f 2208/2571 2049/2576 2047/2575
f 2051/2577 2208/2571 2053/2580
f 2208/2571 2044/2574 2045/2581
f 2045/2581 2122/2573 2208/2571
f 2054/2582 2053/2580 2208/2571
f 2208/2571 2056/2583 2054/2582
f 2058/2584 2056/2583 2208/2571
f 2058/2584 2208/2571 2132/2585
f 2191/2554 2188/2553 2189/2553
f 2191/2554 2190/2554 2188/2553
f 2208/2571 2130/2586 2132/2585
f 2128/2587 2130/2586 2208/2571
f 2128/2587 2208/2571 2126/2578
f 2211/2590 2210/2589 2209/2588
f 2211/2590 2212/2591 2210/2589
f 2211/2590 2213/2592 2212/2591
f 2211/2590 2214/2593 2213/2592
f 2211/2590 2215/2594 2214/2593
f 2211/2590 2216/2595 2215/2594
f 2211/2590 2217/2596 2216/2595
f 2211/2590 2218/2597 2217/2596
f 2211/2590 2209/2588 2218/2597
f 2228/2600 2219/2599 2220/2598
f 2229/2601 2228/2600 2220/2598
f 2230/2604 2221/2603 2219/2602
f 2228/2605 2230/2604 2219/2602
f 2231/2607 2222/2606 2221/2603
f 2230/2604 2231/2607 2221/2603
f 2232/2609 2223/2608 2222/2606
f 2231/2607 2232/2609 2222/2606
f 2233/2612 2224/2611 2223/2610
f 2232/2613 2233/2612 2223/2610
f 2234/2607 2225/2606 2224/2614
f 2233/2615 2234/2607 2224/2614
f 2235/2604 2226/2603 2225/2606
f 2234/2607 2235/2604 2225/2606
f 2236/2605 2227/2602 2226/2603
f 2235/2604 2236/2605 2226/2603
f 2229/2601 2220/2598 2227/2616
f 2236/2617 2229/2601 2227/2616
f 2237/2618 2228/2600 2229/2601
f 2238/2619 2237/2618 2229/2601
f 2237/2621 2239/2620 2230/2604
f 2228/2605 2237/2621 2230/2604
f 2239/2620 2240/2622 2231/2607
f 2230/2604 2239/2620 2231/2607
f 2241/2623 2232/2609 2231/2607
f 2240/2622 2241/2623 2231/2607
f 2242/2624 2233/2612 2232/2613
f 2241/2625 2242/2624 2232/2613
f 2242/2623 2243/2622 2234/2607
f 2233/2615 2242/2623 2234/2607
f 2244/2620 2235/2604 2234/2607
f 2243/2622 2244/2620 2234/2607
f 2245/2621 2236/2605 2235/2604
f 2244/2620 2245/2621 2235/2604
f 2245/2626 2238/2619 2229/2601
f 2236/2617 2245/2626 2229/2601
f 2247/2628 2246/2627 2237/2618
f 2238/2619 2247/2628 2237/2618
f 2246/2630 2248/2629 2239/2620
f 2237/2621 2246/2630 2239/2620
f 2249/2631 2240/2622 2239/2620
f 2248/2629 2249/2631 2239/2620
f 2250/2632 2241/2623 2240/2622
f 2249/2631 2250/2632 2240/2622
f 2251/2633 2242/2624 2241/2625
f 2250/2634 2251/2633 2241/2625
f 2251/2632 2252/2631 2243/2622
f 2242/2623 2251/2632 2243/2622
f 2252/2631 2253/2629 2244/2620
f 2243/2622 2252/2631 2244/2620
f 2254/2630 2245/2621 2244/2620
f 2253/2629 2254/2630 2244/2620
f 2247/2628 2238/2619 2245/2626
f 2254/2635 2247/2628 2245/2626
f 2209/2588 2210/2589 2246/2627
f 2247/2628 2209/2588 2246/2627
f 2210/2637 2212/2636 2248/2629
f 2246/2630 2210/2637 2248/2629
f 2213/2638 2249/2631 2248/2629
f 2212/2636 2213/2638 2248/2629
f 2213/2638 2214/2639 2250/2632
f 2249/2631 2213/2638 2250/2632
f 2215/2594 2251/2633 2250/2634
f 2214/2593 2215/2594 2250/2634
f 2216/2638 2252/2631 2251/2632
f 2215/2639 2216/2638 2251/2632
f 2216/2638 2217/2636 2253/2629
f 2252/2631 2216/2638 2253/2629
f 2218/2637 2254/2630 2253/2629
f 2217/2636 2218/2637 2253/2629
f 2209/2588 2247/2628 2254/2635
f 2218/2597 2209/2588 2254/2635
g Mouth_C
f 2257/2642 2256/2641 2255/2640
f 2257/2642 2255/2640 2258/2643
f 2255/2640 2259/2644 2258/2643
f 2262/2647 2261/2646 2260/2645
f 2260/2645 2261/2646 2263/2648
f 2264/2649 2260/2645 2263/2648
f 2265/2650 2260/2645 2264/2649
f 2265/2650 2266/2651 2260/2645
f 2269/2654 2268/2653 2267/2652
f 2269/2654 2267/2652 2270/2652
f 2273/2657 2272/2656 2271/2655
f 2271/2655 2274/2658 2273/2657
f 2277/2661 2276/2660 2275/2659
f 2276/2660 2277/2661 2278/2662
f 2279/2663 2276/2660 2278/2662
f 2282/2666 2281/2665 2280/2664
f 2282/2666 2280/2664 2283/2667
f 2284/2668 2282/2666 2283/2667
f 2284/2668 2283/2667 2285/2669
f 2283/2667 2286/2670 2285/2669
f 2269/2654 2270/2652 2287/2671
f 2288/2672 2274/2658 2271/2655
f 2282/2666 2284/2668 2289/2673
f 2264/2649 2263/2648 2290/2674
f 2293/2677 2292/2676 2291/2675
f 2294/2678 2292/2676 2293/2677
f 2294/2678 2293/2677 2261/2646
f 2291/2675 2292/2676 2295/2679
f 2295/2679 2292/2676 2296/2680
f 2295/2679 2296/2680 2281/2665
f 2299/2683 2298/2682 2297/2681
f 2299/2683 2297/2681 2289/2673
f 2297/2681 2298/2682 2300/2684
f 2290/2674 2297/2681 2300/2684
f 2282/2666 2289/2673 2295/2679
f 2281/2665 2282/2666 2295/2679
f 2290/2674 2263/2648 2293/2677
f 2293/2677 2263/2648 2261/2646
f 2265/2650 2264/2649 2290/2674
f 2265/2650 2290/2674 2300/2684
f 2300/2684 2266/2651 2265/2650
f 2289/2673 2284/2668 2285/2669
f 2299/2683 2289/2673 2285/2669
f 2299/2683 2285/2669 2286/2670
f 2303/2687 2302/2686 2301/2685
f 2304/2688 2303/2687 2301/2685
f 2301/2685 2305/2689 2304/2688
f 2259/2690 2303/2687 2304/2688
f 2258/2691 2259/2690 2304/2688
f 2304/2688 2306/2693 2257/2692
f 2258/2691 2304/2688 2257/2692
f 2257/2692 2306/2693 2307/2694
f 2256/2695 2257/2692 2307/2694
f 2298/2696 2302/2686 2303/2687
f 2300/2697 2298/2696 2303/2687
f 2303/2687 2259/2690 2266/2698
f 2300/2697 2303/2687 2266/2698
f 2256/2695 2307/2694 2288/2699
f 2271/2700 2256/2695 2288/2699
f 2273/2703 2274/2702 2294/2701
f 2298/2696 2299/2705 2308/2704
f 2302/2686 2298/2696 2308/2704
f 2308/2704 2299/2705 2286/2706
f 2279/2707 2308/2704 2286/2706
f 2308/2704 2309/2708 2301/2685
f 2302/2686 2308/2704 2301/2685
f 2301/2685 2309/2708 2305/2689
f 2287/2711 2310/2710 2275/2709
f 2269/2712 2287/2711 2275/2709
f 2310/2710 2311/2714 2277/2713
f 2275/2709 2310/2710 2277/2713
f 2277/2713 2311/2714 2309/2708
f 2278/2715 2277/2713 2309/2708
f 2309/2708 2308/2704 2279/2707
f 2278/2715 2309/2708 2279/2707
f 2296/2718 2270/2717 2267/2716
f 2312/2719 2270/2717 2296/2718
f 2292/2720 2312/2719 2296/2718
f 2312/2719 2292/2720 2294/2701
f 2274/2702 2312/2719 2294/2701
f 2291/2675 2297/2681 2290/2674
f 2293/2677 2291/2675 2290/2674
f 2289/2673 2297/2681 2291/2675
f 2295/2679 2289/2673 2291/2675
f 2309/2708 2311/2714 2305/2689
f 2306/2693 2304/2688 2305/2689
f 2314/2722 2287/2711 2313/2721
f 2314/2722 2310/2710 2287/2711
f 2305/2689 2310/2710 2314/2722
f 2305/2689 2311/2714 2310/2710
f 2306/2693 2314/2722 2307/2694
f 2306/2693 2305/2689 2314/2722
f 2307/2694 2313/2721 2288/2699
f 2307/2694 2314/2722 2313/2721
f 2288/2672 2312/2676 2274/2658
f 2312/2676 2288/2672 2313/2723
f 2287/2671 2312/2676 2313/2723
f 2270/2652 2312/2676 2287/2671
f 2294/2701 2272/2724 2273/2703
f 2294/2701 2262/2725 2272/2724
f 2261/2646 2262/2647 2294/2678
f 2281/2665 2296/2680 2280/2664
f 2271/2655 2255/2640 2256/2641
f 2272/2656 2255/2640 2271/2655
f 2269/2654 2276/2660 2268/2653
f 2275/2659 2276/2660 2269/2654
f 2262/2725 2255/2726 2272/2724
f 2262/2725 2260/2727 2255/2726
f 2255/2726 2266/2698 2259/2690
f 2255/2726 2260/2727 2266/2698
f 2296/2718 2268/2729 2280/2728
f 2296/2718 2267/2716 2268/2729
f 2280/2728 2276/2731 2283/2730
f 2280/2728 2268/2729 2276/2731
f 2283/2730 2279/2707 2286/2706
f 2283/2730 2276/2731 2279/2707
g Eye_R_C2
usemtl mCommEye
f 2317/2734 2316/2733 2315/2732
f 2318/2735 2316/2733 2317/2734
f 2319/2736 2316/2733 2318/2735
f 2320/2737 2316/2733 2319/2736
f 2321/2738 2316/2733 2320/2737
f 2322/2739 2316/2733 2321/2738
f 2323/2740 2316/2733 2322/2739
f 2324/2741 2316/2733 2323/2740
f 2316/2733 2324/2741 2325/2742
f 2326/2743 2316/2733 2325/2742
f 2327/2744 2316/2733 2326/2743
f 2328/2745 2316/2733 2327/2744
f 2329/2746 2316/2733 2328/2745
f 2330/2747 2316/2733 2329/2746
f 2331/2748 2316/2733 2330/2747
f 2332/2749 2316/2733 2331/2748
f 2333/2750 2316/2733 2332/2749
f 2334/2751 2316/2733 2333/2750
f 2335/2752 2316/2733 2334/2751
f 2315/2732 2316/2733 2335/2752
f 2338/2755 2337/2754 2336/2753
f 2339/2756 2338/2755 2336/2753
f 2337/2754 2341/2758 2340/2757
f 2336/2753 2337/2754 2340/2757
f 2341/2758 2343/2760 2342/2759
f 2340/2757 2341/2758 2342/2759
f 2343/2760 2345/2762 2344/2761
f 2342/2759 2343/2760 2344/2761
f 2347/2764 2346/2763 2344/2761
f 2345/2762 2347/2764 2344/2761
f 2349/2766 2348/2765 2346/2763
f 2347/2764 2349/2766 2346/2763
f 2351/2768 2350/2767 2348/2765
f 2349/2766 2351/2768 2348/2765
f 2351/2768 2353/2770 2352/2769
f 2350/2767 2351/2768 2352/2769
f 2353/2770 2355/2772 2354/2771
f 2352/2769 2353/2770 2354/2771
f 2357/2774 2356/2773 2354/2771
f 2355/2772 2357/2774 2354/2771
f 2357/2774 2359/2776 2358/2775
f 2356/2773 2357/2774 2358/2775
f 2361/2778 2360/2777 2358/2775
f 2359/2776 2361/2778 2358/2775
f 2363/2780 2362/2779 2360/2777
f 2361/2778 2363/2780 2360/2777
f 2363/2780 2365/2782 2364/2781
f 2362/2779 2363/2780 2364/2781
f 2367/2784 2366/2783 2364/2781
f 2365/2782 2367/2784 2364/2781
f 2367/2784 2369/2786 2368/2785
f 2366/2783 2367/2784 2368/2785
f 2371/2788 2370/2787 2368/2785
f 2369/2786 2371/2788 2368/2785
f 2373/2790 2372/2789 2370/2787
f 2371/2788 2373/2790 2370/2787
f 2375/2792 2374/2791 2372/2789
f 2373/2790 2375/2792 2372/2789
f 2375/2792 2338/2755 2339/2756
f 2374/2791 2375/2792 2339/2756
f 2320/2737 2337/2754 2338/2755
f 2321/2738 2320/2737 2338/2755
f 2319/2736 2341/2758 2337/2754
f 2320/2737 2319/2736 2337/2754
f 2318/2735 2343/2760 2341/2758
f 2319/2736 2318/2735 2341/2758
f 2318/2735 2317/2734 2345/2762
f 2343/2760 2318/2735 2345/2762
f 2317/2734 2315/2732 2347/2764
f 2345/2762 2317/2734 2347/2764
f 2335/2752 2349/2766 2347/2764
f 2315/2732 2335/2752 2347/2764
f 2335/2752 2334/2751 2351/2768
f 2349/2766 2335/2752 2351/2768
f 2334/2751 2333/2750 2353/2770
f 2351/2768 2334/2751 2353/2770
f 2333/2750 2332/2749 2355/2772
f 2353/2770 2333/2750 2355/2772
f 2331/2748 2357/2774 2355/2772
f 2332/2749 2331/2748 2355/2772
f 2331/2748 2330/2747 2359/2776
f 2357/2774 2331/2748 2359/2776
f 2329/2746 2361/2778 2359/2776
f 2330/2747 2329/2746 2359/2776
f 2328/2745 2363/2780 2361/2778
f 2329/2746 2328/2745 2361/2778
f 2328/2745 2327/2744 2365/2782
f 2363/2780 2328/2745 2365/2782
f 2326/2743 2367/2784 2365/2782
f 2327/2744 2326/2743 2365/2782
f 2326/2743 2325/2742 2369/2786
f 2367/2784 2326/2743 2369/2786
f 2324/2741 2371/2788 2369/2786
f 2325/2742 2324/2741 2369/2786
f 2323/2740 2373/2790 2371/2788
f 2324/2741 2323/2740 2371/2788
f 2322/2739 2375/2792 2373/2790
f 2323/2740 2322/2739 2373/2790
f 2322/2739 2321/2738 2338/2755
f 2375/2792 2322/2739 2338/2755
f 2378/2795 2377/2794 2376/2793
f 2379/2796 2378/2795 2376/2793
f 2382/2799 2381/2798 2380/2797
f 2383/2800 2382/2799 2380/2797
f 2380/2797 2378/2795 2379/2796
f 2383/2800 2380/2797 2379/2796
f 2385/2802 2384/2801 2381/2798
f 2382/2799 2385/2802 2381/2798
f 2387/2804 2386/2803 2384/2801
f 2385/2802 2387/2804 2384/2801
f 2389/2806 2388/2805 2386/2803
f 2387/2804 2389/2806 2386/2803
f 2390/2807 2388/2805 2389/2806
f 2391/2808 2390/2807 2389/2806
f 2392/2809 2390/2807 2391/2808
f 2393/2810 2392/2809 2391/2808
f 2394/2811 2392/2809 2393/2810
f 2395/2812 2394/2811 2393/2810
f 2397/2814 2396/2813 2394/2811
f 2395/2812 2397/2814 2394/2811
f 2399/2816 2398/2815 2396/2813
f 2397/2814 2399/2816 2396/2813
f 2401/2818 2400/2817 2398/2815
f 2399/2816 2401/2818 2398/2815
f 2400/2817 2401/2818 2402/2819
f 2403/2820 2400/2817 2402/2819
f 2403/2820 2402/2819 2404/2821
f 2405/2822 2403/2820 2404/2821
f 2404/2821 2407/2824 2406/2823
f 2405/2822 2404/2821 2406/2823
f 2407/2824 2409/2826 2408/2825
f 2406/2823 2407/2824 2408/2825
f 2409/2826 2411/2828 2410/2827
f 2408/2825 2409/2826 2410/2827
f 2410/2827 2411/2828 2412/2829
f 2413/2830 2410/2827 2412/2829
f 2413/2830 2412/2829 2414/2831
f 2415/2832 2413/2830 2414/2831
f 2414/2831 2376/2793 2377/2794
f 2415/2832 2414/2831 2377/2794
f 2405/2822 2417/2834 2416/2833
f 2403/2820 2405/2822 2416/2833
f 2418/2835 2400/2817 2403/2820
f 2416/2833 2418/2835 2403/2820
f 2419/2836 2398/2815 2400/2817
f 2418/2835 2419/2836 2400/2817
f 2420/2837 2396/2813 2398/2815
f 2419/2836 2420/2837 2398/2815
f 2394/2811 2396/2813 2420/2837
f 2421/2838 2394/2811 2420/2837
f 2392/2809 2394/2811 2421/2838
f 2422/2839 2392/2809 2421/2838
f 2392/2809 2422/2839 2423/2840
f 2390/2807 2392/2809 2423/2840
f 2390/2807 2423/2840 2424/2841
f 2388/2805 2390/2807 2424/2841
f 2424/2841 2425/2842 2386/2803
f 2388/2805 2424/2841 2386/2803
f 2425/2842 2426/2843 2384/2801
f 2386/2803 2425/2842 2384/2801
f 2426/2843 2427/2844 2381/2798
f 2384/2801 2426/2843 2381/2798
f 2427/2844 2428/2845 2380/2797
f 2381/2798 2427/2844 2380/2797
f 2380/2797 2428/2845 2429/2846
f 2378/2795 2380/2797 2429/2846
f 2378/2795 2429/2846 2430/2847
f 2377/2794 2378/2795 2430/2847
f 2377/2794 2430/2847 2431/2848
f 2415/2832 2377/2794 2431/2848
f 2431/2848 2432/2849 2413/2830
f 2415/2832 2431/2848 2413/2830
f 2432/2849 2433/2850 2410/2827
f 2413/2830 2432/2849 2410/2827
f 2410/2827 2433/2850 2434/2851
f 2408/2825 2410/2827 2434/2851
f 2408/2825 2434/2851 2435/2852
f 2406/2823 2408/2825 2435/2852
f 2406/2823 2435/2852 2417/2834
f 2405/2822 2406/2823 2417/2834
f 2417/2834 2336/2753 2340/2757
f 2416/2833 2417/2834 2340/2757
f 2418/2835 2416/2833 2340/2757
f 2342/2759 2418/2835 2340/2757
f 2419/2836 2418/2835 2342/2759
f 2344/2761 2419/2836 2342/2759
f 2346/2763 2420/2837 2419/2836
f 2344/2761 2346/2763 2419/2836
f 2421/2838 2420/2837 2346/2763
f 2348/2765 2421/2838 2346/2763
f 2350/2767 2422/2839 2421/2838
f 2348/2765 2350/2767 2421/2838
f 2352/2769 2423/2840 2422/2839
f 2350/2767 2352/2769 2422/2839
f 2354/2771 2424/2841 2423/2840
f 2352/2769 2354/2771 2423/2840
f 2425/2842 2424/2841 2354/2771
f 2356/2773 2425/2842 2354/2771
f 2358/2775 2426/2843 2425/2842
f 2356/2773 2358/2775 2425/2842
f 2360/2777 2427/2844 2426/2843
f 2358/2775 2360/2777 2426/2843
f 2362/2779 2428/2845 2427/2844
f 2360/2777 2362/2779 2427/2844
f 2429/2846 2428/2845 2362/2779
f 2364/2781 2429/2846 2362/2779
f 2430/2847 2429/2846 2364/2781
f 2366/2783 2430/2847 2364/2781
f 2368/2785 2431/2848 2430/2847
f 2366/2783 2368/2785 2430/2847
f 2370/2787 2432/2849 2431/2848
f 2368/2785 2370/2787 2431/2848
f 2433/2850 2432/2849 2370/2787
f 2372/2789 2433/2850 2370/2787
f 2434/2851 2433/2850 2372/2789
f 2374/2791 2434/2851 2372/2789
f 2339/2756 2435/2852 2434/2851
f 2374/2791 2339/2756 2434/2851
f 2417/2834 2435/2852 2339/2756
f 2336/2753 2417/2834 2339/2756
f 2438/2734 2437/2733 2436/2732
f 2439/2735 2437/2733 2438/2734
f 2440/2736 2437/2733 2439/2735
f 2441/2737 2437/2733 2440/2736
f 2442/2738 2437/2733 2441/2737
f 2443/2739 2437/2733 2442/2738
f 2444/2740 2437/2733 2443/2739
f 2445/2741 2437/2733 2444/2740
f 2437/2733 2445/2741 2446/2742
f 2447/2743 2437/2733 2446/2742
f 2448/2744 2437/2733 2447/2743
f 2449/2745 2437/2733 2448/2744
f 2450/2746 2437/2733 2449/2745
f 2451/2747 2437/2733 2450/2746
f 2452/2748 2437/2733 2451/2747
f 2453/2749 2437/2733 2452/2748
f 2454/2750 2437/2733 2453/2749
f 2455/2751 2437/2733 2454/2750
f 2456/2752 2437/2733 2455/2751
f 2436/2732 2437/2733 2456/2752
f 2459/2755 2458/2754 2457/2753
f 2460/2756 2459/2755 2457/2753
f 2458/2754 2462/2758 2461/2757
f 2457/2753 2458/2754 2461/2757
f 2462/2758 2464/2760 2463/2759
f 2461/2757 2462/2758 2463/2759
f 2464/2760 2466/2762 2465/2761
f 2463/2759 2464/2760 2465/2761
f 2468/2764 2467/2763 2465/2761
f 2466/2762 2468/2764 2465/2761
f 2470/2766 2469/2765 2467/2763
f 2468/2764 2470/2766 2467/2763
f 2472/2768 2471/2767 2469/2765
f 2470/2766 2472/2768 2469/2765
f 2472/2768 2474/2770 2473/2769
f 2471/2767 2472/2768 2473/2769
f 2474/2770 2476/2772 2475/2771
f 2473/2769 2474/2770 2475/2771
f 2478/2774 2477/2773 2475/2771
f 2476/2772 2478/2774 2475/2771
f 2478/2774 2480/2776 2479/2775
f 2477/2773 2478/2774 2479/2775
f 2482/2778 2481/2777 2479/2775
f 2480/2776 2482/2778 2479/2775
f 2484/2780 2483/2779 2481/2777
f 2482/2778 2484/2780 2481/2777
f 2484/2780 2486/2782 2485/2781
f 2483/2779 2484/2780 2485/2781
f 2488/2784 2487/2783 2485/2781
f 2486/2782 2488/2784 2485/2781
f 2488/2784 2490/2786 2489/2785
f 2487/2783 2488/2784 2489/2785
f 2492/2788 2491/2787 2489/2785
f 2490/2786 2492/2788 2489/2785
f 2494/2790 2493/2789 2491/2787
f 2492/2788 2494/2790 2491/2787
f 2496/2792 2495/2791 2493/2789
f 2494/2790 2496/2792 2493/2789
f 2496/2792 2459/2755 2460/2756
f 2495/2791 2496/2792 2460/2756
f 2441/2737 2458/2754 2459/2755
f 2442/2738 2441/2737 2459/2755
f 2440/2736 2462/2758 2458/2754
f 2441/2737 2440/2736 2458/2754
f 2439/2735 2464/2760 2462/2758
f 2440/2736 2439/2735 2462/2758
f 2439/2735 2438/2734 2466/2762
f 2464/2760 2439/2735 2466/2762
f 2438/2734 2436/2732 2468/2764
f 2466/2762 2438/2734 2468/2764
f 2456/2752 2470/2766 2468/2764
f 2436/2732 2456/2752 2468/2764
f 2456/2752 2455/2751 2472/2768
f 2470/2766 2456/2752 2472/2768
f 2455/2751 2454/2750 2474/2770
f 2472/2768 2455/2751 2474/2770
f 2454/2750 2453/2749 2476/2772
f 2474/2770 2454/2750 2476/2772
f 2452/2748 2478/2774 2476/2772
f 2453/2749 2452/2748 2476/2772
f 2452/2748 2451/2747 2480/2776
f 2478/2774 2452/2748 2480/2776
f 2450/2746 2482/2778 2480/2776
f 2451/2747 2450/2746 2480/2776
f 2449/2745 2484/2780 2482/2778
f 2450/2746 2449/2745 2482/2778
f 2449/2745 2448/2744 2486/2782
f 2484/2780 2449/2745 2486/2782
f 2447/2743 2488/2784 2486/2782
f 2448/2744 2447/2743 2486/2782
f 2447/2743 2446/2742 2490/2786
f 2488/2784 2447/2743 2490/2786
f 2445/2741 2492/2788 2490/2786
f 2446/2742 2445/2741 2490/2786
f 2444/2740 2494/2790 2492/2788
f 2445/2741 2444/2740 2492/2788
f 2443/2739 2496/2792 2494/2790
f 2444/2740 2443/2739 2494/2790
f 2443/2739 2442/2738 2459/2755
f 2496/2792 2443/2739 2459/2755
f 2498/2795 2497/2794 2376/2793
f 2379/2796 2498/2795 2376/2793
f 2382/2799 2500/2798 2499/2797
f 2383/2800 2382/2799 2499/2797
f 2499/2797 2498/2795 2379/2796
f 2383/2800 2499/2797 2379/2796
f 2385/2802 2501/2801 2500/2798
f 2382/2799 2385/2802 2500/2798
f 2387/2804 2502/2803 2501/2801
f 2385/2802 2387/2804 2501/2801
f 2389/2806 2503/2805 2502/2803
f 2387/2804 2389/2806 2502/2803
f 2504/2807 2503/2805 2389/2806
f 2391/2808 2504/2807 2389/2806
f 2505/2809 2504/2807 2391/2808
f 2393/2810 2505/2809 2391/2808
f 2506/2811 2505/2809 2393/2810
f 2395/2812 2506/2811 2393/2810
f 2397/2814 2507/2813 2506/2811
f 2395/2812 2397/2814 2506/2811
f 2399/2816 2508/2815 2507/2813
f 2397/2814 2399/2816 2507/2813
f 2401/2818 2509/2817 2508/2815
f 2399/2816 2401/2818 2508/2815
f 2509/2817 2401/2818 2402/2819
f 2510/2820 2509/2817 2402/2819
f 2510/2820 2402/2819 2404/2821
f 2511/2822 2510/2820 2404/2821
f 2404/2821 2407/2824 2512/2823
f 2511/2822 2404/2821 2512/2823
f 2407/2824 2409/2826 2513/2825
f 2512/2823 2407/2824 2513/2825
f 2409/2826 2411/2828 2514/2827
f 2513/2825 2409/2826 2514/2827
f 2514/2827 2411/2828 2412/2829
f 2515/2830 2514/2827 2412/2829
f 2515/2830 2412/2829 2414/2831
f 2516/2832 2515/2830 2414/2831
f 2414/2831 2376/2793 2497/2794
f 2516/2832 2414/2831 2497/2794
f 2511/2822 2518/2834 2517/2833
f 2510/2820 2511/2822 2517/2833
f 2519/2835 2509/2817 2510/2820
f 2517/2833 2519/2835 2510/2820
f 2520/2836 2508/2815 2509/2817
f 2519/2835 2520/2836 2509/2817
f 2521/2837 2507/2813 2508/2815
f 2520/2836 2521/2837 2508/2815
f 2506/2811 2507/2813 2521/2837
f 2522/2838 2506/2811 2521/2837
f 2505/2809 2506/2811 2522/2838
f 2523/2839 2505/2809 2522/2838
f 2505/2809 2523/2839 2524/2840
f 2504/2807 2505/2809 2524/2840
f 2504/2807 2524/2840 2525/2841
f 2503/2805 2504/2807 2525/2841
f 2525/2841 2526/2842 2502/2803
f 2503/2805 2525/2841 2502/2803
f 2526/2842 2527/2843 2501/2801
f 2502/2803 2526/2842 2501/2801
f 2527/2843 2528/2844 2500/2798
f 2501/2801 2527/2843 2500/2798
f 2528/2844 2529/2845 2499/2797
f 2500/2798 2528/2844 2499/2797
f 2499/2797 2529/2845 2530/2846
f 2498/2795 2499/2797 2530/2846
f 2498/2795 2530/2846 2531/2847
f 2497/2794 2498/2795 2531/2847
f 2497/2794 2531/2847 2532/2848
f 2516/2832 2497/2794 2532/2848
f 2532/2848 2533/2849 2515/2830
f 2516/2832 2532/2848 2515/2830
f 2533/2849 2534/2850 2514/2827
f 2515/2830 2533/2849 2514/2827
f 2514/2827 2534/2850 2535/2851
f 2513/2825 2514/2827 2535/2851
f 2513/2825 2535/2851 2536/2852
f 2512/2823 2513/2825 2536/2852
f 2512/2823 2536/2852 2518/2834
f 2511/2822 2512/2823 2518/2834
f 2518/2834 2457/2753 2461/2757
f 2517/2833 2518/2834 2461/2757
f 2519/2835 2517/2833 2461/2757
f 2463/2759 2519/2835 2461/2757
f 2520/2836 2519/2835 2463/2759
f 2465/2761 2520/2836 2463/2759
f 2467/2763 2521/2837 2520/2836
f 2465/2761 2467/2763 2520/2836
f 2522/2838 2521/2837 2467/2763
f 2469/2765 2522/2838 2467/2763
f 2471/2767 2523/2839 2522/2838
f 2469/2765 2471/2767 2522/2838
f 2473/2769 2524/2840 2523/2839
f 2471/2767 2473/2769 2523/2839
f 2475/2771 2525/2841 2524/2840
f 2473/2769 2475/2771 2524/2840
f 2526/2842 2525/2841 2475/2771
f 2477/2773 2526/2842 2475/2771
f 2479/2775 2527/2843 2526/2842
f 2477/2773 2479/2775 2526/2842
f 2481/2777 2528/2844 2527/2843
f 2479/2775 2481/2777 2527/2843
f 2483/2779 2529/2845 2528/2844
f 2481/2777 2483/2779 2528/2844
f 2530/2846 2529/2845 2483/2779
f 2485/2781 2530/2846 2483/2779
f 2531/2847 2530/2846 2485/2781
f 2487/2783 2531/2847 2485/2781
f 2489/2785 2532/2848 2531/2847
f 2487/2783 2489/2785 2531/2847
f 2491/2787 2533/2849 2532/2848
f 2489/2785 2491/2787 2532/2848
f 2534/2850 2533/2849 2491/2787
f 2493/2789 2534/2850 2491/2787
f 2535/2851 2534/2850 2493/2789
f 2495/2791 2535/2851 2493/2789
f 2460/2756 2536/2852 2535/2851
f 2495/2791 2460/2756 2535/2851
f 2518/2834 2536/2852 2460/2756
f 2457/2753 2518/2834 2460/2756
f 2537/2856 2538/2855 2379/2854 2376/2853
f 2538/2855 2539/2859 2382/2858 2383/2857
f 2539/2859 2540/2862 2387/2861 2385/2860
f 2540/2862 2541/2865 2391/2864 2389/2863
f 2541/2865 2542/2868 2395/2867 2393/2866
f 2542/2868 2543/2871 2399/2870 2397/2869
f 2543/2871 2544/2874 2402/2873 2401/2872
f 2544/2874 2545/2877 2407/2876 2404/2875
f 2545/2877 2546/2880 2411/2879 2409/2878
f 2546/2880 2537/2856 2414/2882 2412/2881
f 2547/2884 2548/2883 2538/2855 2537/2856
f 2548/2883 2549/2885 2539/2859 2538/2855
f 2549/2885 2550/2886 2540/2862 2539/2859
f 2550/2886 2551/2887 2541/2865 2540/2862
f 2551/2887 2552/2888 2542/2868 2541/2865
f 2552/2888 2553/2889 2543/2871 2542/2868
f 2553/2889 2554/2890 2544/2874 2543/2871
f 2554/2890 2555/2891 2545/2877 2544/2874
f 2555/2891 2556/2892 2546/2880 2545/2877
f 2556/2892 2547/2884 2537/2856 2546/2880
f 2557/2894 2558/2893 2548/2883 2547/2884
f 2558/2893 2559/2895 2549/2885 2548/2883
f 2559/2895 2560/2896 2550/2886 2549/2885
f 2560/2896 2561/2897 2551/2887 2550/2886
f 2561/2897 2562/2898 2552/2888 2551/2887
f 2562/2898 2563/2899 2553/2889 2552/2888
f 2563/2899 2564/2900 2554/2890 2553/2889
f 2564/2900 2565/2901 2555/2891 2554/2890
f 2565/2901 2566/2902 2556/2892 2555/2891
f 2566/2902 2557/2894 2547/2884 2556/2892
f 2567/2904 2568/2903 2558/2893 2557/2894
f 2568/2903 2569/2905 2559/2895 2558/2893
f 2569/2905 2570/2906 2560/2896 2559/2895
f 2570/2906 2571/2907 2561/2897 2560/2896
f 2571/2907 2572/2908 2562/2898 2561/2897
f 2572/2908 2573/2909 2563/2899 2562/2898
f 2573/2909 2574/2910 2564/2900 2563/2899
f 2574/2910 2575/2911 2565/2901 2564/2900
f 2575/2911 2576/2912 2566/2902 2565/2901
f 2576/2912 2567/2904 2557/2894 2566/2902
f 2577/2914 2578/2913 2568/2903 2567/2904
f 2578/2913 2579/2915 2570/2906 2569/2905
f 2579/2915 2580/2916 2572/2908 2571/2907
f 2580/2916 2581/2917 2574/2910 2573/2909
f 2581/2917 2577/2914 2576/2912 2575/2911
f 2582/2918 2578/2913 2577/2914
f 2582/2918 2579/2915 2578/2913
f 2582/2918 2580/2916 2579/2915
f 2582/2918 2581/2917 2580/2916
f 2582/2918 2577/2914 2581/2917
f 2397/2869 2395/2867 2542/2868
f 2401/2872 2399/2870 2543/2871
f 2404/2875 2402/2873 2544/2874
f 2409/2878 2407/2876 2545/2877
f 2412/2881 2411/2879 2546/2880
f 2537/2856 2376/2853 2414/2882
f 2385/2860 2382/2858 2539/2859
f 2389/2863 2387/2861 2540/2862
f 2393/2866 2391/2864 2541/2865
f 2383/2857 2379/2854 2538/2855
f 2573/2909 2572/2908 2580/2916
f 2575/2911 2574/2910 2581/2917
f 2577/2914 2567/2904 2576/2912
f 2569/2905 2568/2903 2578/2913
f 2571/2907 2570/2906 2579/2915
g Eye_L_C2
f 2585/2734 2584/2733 2583/2732
f 2586/2735 2584/2733 2585/2734
f 2587/2736 2584/2733 2586/2735
f 2588/2737 2584/2733 2587/2736
f 2589/2738 2584/2733 2588/2737
f 2590/2739 2584/2733 2589/2738
f 2591/2740 2584/2733 2590/2739
f 2592/2741 2584/2733 2591/2740
f 2584/2733 2592/2741 2593/2742
f 2594/2743 2584/2733 2593/2742
f 2595/2744 2584/2733 2594/2743
f 2596/2745 2584/2733 2595/2744
f 2597/2746 2584/2733 2596/2745
f 2598/2747 2584/2733 2597/2746
f 2599/2748 2584/2733 2598/2747
f 2600/2749 2584/2733 2599/2748
f 2601/2750 2584/2733 2600/2749
f 2602/2751 2584/2733 2601/2750
f 2603/2752 2584/2733 2602/2751
f 2583/2732 2584/2733 2603/2752
f 2606/2755 2605/2754 2604/2753
f 2607/2756 2606/2755 2604/2753
f 2605/2754 2609/2758 2608/2757
f 2604/2753 2605/2754 2608/2757
f 2609/2758 2611/2760 2610/2759
f 2608/2757 2609/2758 2610/2759
f 2611/2760 2613/2762 2612/2761
f 2610/2759 2611/2760 2612/2761
f 2615/2764 2614/2763 2612/2761
f 2613/2762 2615/2764 2612/2761
f 2617/2766 2616/2765 2614/2763
f 2615/2764 2617/2766 2614/2763
f 2619/2768 2618/2767 2616/2765
f 2617/2766 2619/2768 2616/2765
f 2619/2768 2621/2770 2620/2769
f 2618/2767 2619/2768 2620/2769
f 2621/2770 2623/2772 2622/2771
f 2620/2769 2621/2770 2622/2771
f 2625/2774 2624/2773 2622/2771
f 2623/2772 2625/2774 2622/2771
f 2625/2774 2627/2776 2626/2775
f 2624/2773 2625/2774 2626/2775
f 2629/2778 2628/2777 2626/2775
f 2627/2776 2629/2778 2626/2775
f 2631/2780 2630/2779 2628/2777
f 2629/2778 2631/2780 2628/2777
f 2631/2780 2633/2782 2632/2781
f 2630/2779 2631/2780 2632/2781
f 2635/2784 2634/2783 2632/2781
f 2633/2782 2635/2784 2632/2781
f 2635/2784 2637/2786 2636/2785
f 2634/2783 2635/2784 2636/2785
f 2639/2788 2638/2787 2636/2785
f 2637/2786 2639/2788 2636/2785
f 2641/2790 2640/2789 2638/2787
f 2639/2788 2641/2790 2638/2787
f 2643/2792 2642/2791 2640/2789
f 2641/2790 2643/2792 2640/2789
f 2643/2792 2606/2755 2607/2756
f 2642/2791 2643/2792 2607/2756
f 2588/2737 2605/2754 2606/2755
f 2589/2738 2588/2737 2606/2755
f 2587/2736 2609/2758 2605/2754
f 2588/2737 2587/2736 2605/2754
f 2586/2735 2611/2760 2609/2758
f 2587/2736 2586/2735 2609/2758
f 2586/2735 2585/2734 2613/2762
f 2611/2760 2586/2735 2613/2762
f 2585/2734 2583/2732 2615/2764
f 2613/2762 2585/2734 2615/2764
f 2603/2752 2617/2766 2615/2764
f 2583/2732 2603/2752 2615/2764
f 2603/2752 2602/2751 2619/2768
f 2617/2766 2603/2752 2619/2768
f 2602/2751 2601/2750 2621/2770
f 2619/2768 2602/2751 2621/2770
f 2601/2750 2600/2749 2623/2772
f 2621/2770 2601/2750 2623/2772
f 2599/2748 2625/2774 2623/2772
f 2600/2749 2599/2748 2623/2772
f 2599/2748 2598/2747 2627/2776
f 2625/2774 2599/2748 2627/2776
f 2597/2746 2629/2778 2627/2776
f 2598/2747 2597/2746 2627/2776
f 2596/2745 2631/2780 2629/2778
f 2597/2746 2596/2745 2629/2778
f 2596/2745 2595/2744 2633/2782
f 2631/2780 2596/2745 2633/2782
f 2594/2743 2635/2784 2633/2782
f 2595/2744 2594/2743 2633/2782
f 2594/2743 2593/2742 2637/2786
f 2635/2784 2594/2743 2637/2786
f 2592/2741 2639/2788 2637/2786
f 2593/2742 2592/2741 2637/2786
f 2591/2740 2641/2790 2639/2788
f 2592/2741 2591/2740 2639/2788
f 2590/2739 2643/2792 2641/2790
f 2591/2740 2590/2739 2641/2790
f 2590/2739 2589/2738 2606/2755
f 2643/2792 2590/2739 2606/2755
f 2646/2795 2645/2794 2644/2793
f 2647/2796 2646/2795 2644/2793
f 2650/2799 2649/2798 2648/2797
f 2651/2800 2650/2799 2648/2797
f 2648/2797 2646/2795 2647/2796
f 2651/2800 2648/2797 2647/2796
f 2653/2802 2652/2801 2649/2798
f 2650/2799 2653/2802 2649/2798
f 2655/2804 2654/2803 2652/2801
f 2653/2802 2655/2804 2652/2801
f 2657/2806 2656/2805 2654/2803
f 2655/2804 2657/2806 2654/2803
f 2658/2807 2656/2805 2657/2806
f 2659/2808 2658/2807 2657/2806
f 2660/2809 2658/2807 2659/2808
f 2661/2810 2660/2809 2659/2808
f 2662/2811 2660/2809 2661/2810
f 2663/2812 2662/2811 2661/2810
f 2665/2814 2664/2813 2662/2811
f 2663/2812 2665/2814 2662/2811
f 2667/2816 2666/2815 2664/2813
f 2665/2814 2667/2816 2664/2813
f 2669/2818 2668/2817 2666/2815
f 2667/2816 2669/2818 2666/2815
f 2668/2817 2669/2818 2670/2819
f 2671/2820 2668/2817 2670/2819
f 2671/2820 2670/2819 2672/2821
f 2673/2822 2671/2820 2672/2821
f 2672/2821 2675/2824 2674/2823
f 2673/2822 2672/2821 2674/2823
f 2675/2824 2677/2826 2676/2825
f 2674/2823 2675/2824 2676/2825
f 2677/2826 2679/2828 2678/2827
f 2676/2825 2677/2826 2678/2827
f 2678/2827 2679/2828 2680/2829
f 2681/2830 2678/2827 2680/2829
f 2681/2830 2680/2829 2682/2831
f 2683/2832 2681/2830 2682/2831
f 2682/2831 2644/2793 2645/2794
f 2683/2832 2682/2831 2645/2794
f 2673/2822 2685/2834 2684/2833
f 2671/2820 2673/2822 2684/2833
f 2686/2835 2668/2817 2671/2820
f 2684/2833 2686/2835 2671/2820
f 2687/2836 2666/2815 2668/2817
f 2686/2835 2687/2836 2668/2817
f 2688/2837 2664/2813 2666/2815
f 2687/2836 2688/2837 2666/2815
f 2662/2811 2664/2813 2688/2837
f 2689/2838 2662/2811 2688/2837
f 2660/2809 2662/2811 2689/2838
f 2690/2839 2660/2809 2689/2838
f 2660/2809 2690/2839 2691/2840
f 2658/2807 2660/2809 2691/2840
f 2658/2807 2691/2840 2692/2841
f 2656/2805 2658/2807 2692/2841
f 2692/2841 2693/2842 2654/2803
f 2656/2805 2692/2841 2654/2803
f 2693/2842 2694/2843 2652/2801
f 2654/2803 2693/2842 2652/2801
f 2694/2843 2695/2844 2649/2798
f 2652/2801 2694/2843 2649/2798
f 2695/2844 2696/2845 2648/2797
f 2649/2798 2695/2844 2648/2797
f 2648/2797 2696/2845 2697/2846
f 2646/2795 2648/2797 2697/2846
f 2646/2795 2697/2846 2698/2847
f 2645/2794 2646/2795 2698/2847
f 2645/2794 2698/2847 2699/2848
f 2683/2832 2645/2794 2699/2848
f 2699/2848 2700/2849 2681/2830
f 2683/2832 2699/2848 2681/2830
f 2700/2849 2701/2850 2678/2827
f 2681/2830 2700/2849 2678/2827
f 2678/2827 2701/2850 2702/2851
f 2676/2825 2678/2827 2702/2851
f 2676/2825 2702/2851 2703/2852
f 2674/2823 2676/2825 2703/2852
f 2674/2823 2703/2852 2685/2834
f 2673/2822 2674/2823 2685/2834
f 2685/2834 2604/2753 2608/2757
f 2684/2833 2685/2834 2608/2757
f 2686/2835 2684/2833 2608/2757
f 2610/2759 2686/2835 2608/2757
f 2687/2836 2686/2835 2610/2759
f 2612/2761 2687/2836 2610/2759
f 2614/2763 2688/2837 2687/2836
f 2612/2761 2614/2763 2687/2836
f 2689/2838 2688/2837 2614/2763
f 2616/2765 2689/2838 2614/2763
f 2618/2767 2690/2839 2689/2838
f 2616/2765 2618/2767 2689/2838
f 2620/2769 2691/2840 2690/2839
f 2618/2767 2620/2769 2690/2839
f 2622/2771 2692/2841 2691/2840
f 2620/2769 2622/2771 2691/2840
f 2693/2842 2692/2841 2622/2771
f 2624/2773 2693/2842 2622/2771
f 2626/2775 2694/2843 2693/2842
f 2624/2773 2626/2775 2693/2842
f 2628/2777 2695/2844 2694/2843
f 2626/2775 2628/2777 2694/2843
f 2630/2779 2696/2845 2695/2844
f 2628/2777 2630/2779 2695/2844
f 2697/2846 2696/2845 2630/2779
f 2632/2781 2697/2846 2630/2779
f 2698/2847 2697/2846 2632/2781
f 2634/2783 2698/2847 2632/2781
f 2636/2785 2699/2848 2698/2847
f 2634/2783 2636/2785 2698/2847
f 2638/2787 2700/2849 2699/2848
f 2636/2785 2638/2787 2699/2848
f 2701/2850 2700/2849 2638/2787
f 2640/2789 2701/2850 2638/2787
f 2702/2851 2701/2850 2640/2789
f 2642/2791 2702/2851 2640/2789
f 2607/2756 2703/2852 2702/2851
f 2642/2791 2607/2756 2702/2851
f 2685/2834 2703/2852 2607/2756
f 2604/2753 2685/2834 2607/2756
f 2706/2734 2705/2733 2704/2732
f 2707/2735 2705/2733 2706/2734
f 2708/2736 2705/2733 2707/2735
f 2709/2737 2705/2733 2708/2736
f 2710/2738 2705/2733 2709/2737
f 2711/2739 2705/2733 2710/2738
f 2712/2740 2705/2733 2711/2739
f 2713/2741 2705/2733 2712/2740
f 2705/2733 2713/2741 2714/2742
f 2715/2743 2705/2733 2714/2742
f 2716/2744 2705/2733 2715/2743
f 2717/2745 2705/2733 2716/2744
f 2718/2746 2705/2733 2717/2745
f 2719/2747 2705/2733 2718/2746
f 2720/2748 2705/2733 2719/2747
f 2721/2749 2705/2733 2720/2748
f 2722/2750 2705/2733 2721/2749
f 2723/2751 2705/2733 2722/2750
f 2724/2752 2705/2733 2723/2751
f 2704/2732 2705/2733 2724/2752
f 2727/2755 2726/2754 2725/2753
f 2728/2756 2727/2755 2725/2753
f 2726/2754 2730/2758 2729/2757
f 2725/2753 2726/2754 2729/2757
f 2730/2758 2732/2760 2731/2759
f 2729/2757 2730/2758 2731/2759
f 2732/2760 2734/2762 2733/2761
f 2731/2759 2732/2760 2733/2761
f 2736/2764 2735/2763 2733/2761
f 2734/2762 2736/2764 2733/2761
f 2738/2766 2737/2765 2735/2763
f 2736/2764 2738/2766 2735/2763
f 2740/2768 2739/2767 2737/2765
f 2738/2766 2740/2768 2737/2765
f 2740/2768 2742/2770 2741/2769
f 2739/2767 2740/2768 2741/2769
f 2742/2770 2744/2772 2743/2771
f 2741/2769 2742/2770 2743/2771
f 2746/2774 2745/2773 2743/2771
f 2744/2772 2746/2774 2743/2771
f 2746/2774 2748/2776 2747/2775
f 2745/2773 2746/2774 2747/2775
f 2750/2778 2749/2777 2747/2775
f 2748/2776 2750/2778 2747/2775
f 2752/2780 2751/2779 2749/2777
f 2750/2778 2752/2780 2749/2777
f 2752/2780 2754/2782 2753/2781
f 2751/2779 2752/2780 2753/2781
f 2756/2784 2755/2783 2753/2781
f 2754/2782 2756/2784 2753/2781
f 2756/2784 2758/2786 2757/2785
f 2755/2783 2756/2784 2757/2785
f 2760/2788 2759/2787 2757/2785
f 2758/2786 2760/2788 2757/2785
f 2762/2790 2761/2789 2759/2787
f 2760/2788 2762/2790 2759/2787
f 2764/2792 2763/2791 2761/2789
f 2762/2790 2764/2792 2761/2789
f 2764/2792 2727/2755 2728/2756
f 2763/2791 2764/2792 2728/2756
f 2709/2737 2726/2754 2727/2755
f 2710/2738 2709/2737 2727/2755
f 2708/2736 2730/2758 2726/2754
f 2709/2737 2708/2736 2726/2754
f 2707/2735 2732/2760 2730/2758
f 2708/2736 2707/2735 2730/2758
f 2707/2735 2706/2734 2734/2762
f 2732/2760 2707/2735 2734/2762
f 2706/2734 2704/2732 2736/2764
f 2734/2762 2706/2734 2736/2764
f 2724/2752 2738/2766 2736/2764
f 2704/2732 2724/2752 2736/2764
f 2724/2752 2723/2751 2740/2768
f 2738/2766 2724/2752 2740/2768
f 2723/2751 2722/2750 2742/2770
f 2740/2768 2723/2751 2742/2770
f 2722/2750 2721/2749 2744/2772
f 2742/2770 2722/2750 2744/2772
f 2720/2748 2746/2774 2744/2772
f 2721/2749 2720/2748 2744/2772
f 2720/2748 2719/2747 2748/2776
f 2746/2774 2720/2748 2748/2776
f 2718/2746 2750/2778 2748/2776
f 2719/2747 2718/2746 2748/2776
f 2717/2745 2752/2780 2750/2778
f 2718/2746 2717/2745 2750/2778
f 2717/2745 2716/2744 2754/2782
f 2752/2780 2717/2745 2754/2782
f 2715/2743 2756/2784 2754/2782
f 2716/2744 2715/2743 2754/2782
f 2715/2743 2714/2742 2758/2786
f 2756/2784 2715/2743 2758/2786
f 2713/2741 2760/2788 2758/2786
f 2714/2742 2713/2741 2758/2786
f 2712/2740 2762/2790 2760/2788
f 2713/2741 2712/2740 2760/2788
f 2711/2739 2764/2792 2762/2790
f 2712/2740 2711/2739 2762/2790
f 2711/2739 2710/2738 2727/2755
f 2764/2792 2711/2739 2727/2755
f 2766/2795 2765/2794 2644/2793
f 2647/2796 2766/2795 2644/2793
f 2650/2799 2768/2798 2767/2797
f 2651/2800 2650/2799 2767/2797
f 2767/2797 2766/2795 2647/2796
f 2651/2800 2767/2797 2647/2796
f 2653/2802 2769/2801 2768/2798
f 2650/2799 2653/2802 2768/2798
f 2655/2804 2770/2803 2769/2801
f 2653/2802 2655/2804 2769/2801
f 2657/2806 2771/2805 2770/2803
f 2655/2804 2657/2806 2770/2803
f 2772/2807 2771/2805 2657/2806
f 2659/2808 2772/2807 2657/2806
f 2773/2809 2772/2807 2659/2808
f 2661/2810 2773/2809 2659/2808
f 2774/2811 2773/2809 2661/2810
f 2663/2812 2774/2811 2661/2810
f 2665/2814 2775/2813 2774/2811
f 2663/2812 2665/2814 2774/2811
f 2667/2816 2776/2815 2775/2813
f 2665/2814 2667/2816 2775/2813
f 2669/2818 2777/2817 2776/2815
f 2667/2816 2669/2818 2776/2815
f 2777/2817 2669/2818 2670/2819
f 2778/2820 2777/2817 2670/2819
f 2778/2820 2670/2819 2672/2821
f 2779/2822 2778/2820 2672/2821
f 2672/2821 2675/2824 2780/2823
f 2779/2822 2672/2821 2780/2823
f 2675/2824 2677/2826 2781/2825
f 2780/2823 2675/2824 2781/2825
f 2677/2826 2679/2828 2782/2827
f 2781/2825 2677/2826 2782/2827
f 2782/2827 2679/2828 2680/2829
f 2783/2830 2782/2827 2680/2829
f 2783/2830 2680/2829 2682/2831
f 2784/2832 2783/2830 2682/2831
f 2682/2831 2644/2793 2765/2794
f 2784/2832 2682/2831 2765/2794
f 2779/2822 2786/2834 2785/2833
f 2778/2820 2779/2822 2785/2833
f 2787/2835 2777/2817 2778/2820
f 2785/2833 2787/2835 2778/2820
f 2788/2836 2776/2815 2777/2817
f 2787/2835 2788/2836 2777/2817
f 2789/2837 2775/2813 2776/2815
f 2788/2836 2789/2837 2776/2815
f 2774/2811 2775/2813 2789/2837
f 2790/2838 2774/2811 2789/2837
f 2773/2809 2774/2811 2790/2838
f 2791/2839 2773/2809 2790/2838
f 2773/2809 2791/2839 2792/2840
f 2772/2807 2773/2809 2792/2840
f 2772/2807 2792/2840 2793/2841
f 2771/2805 2772/2807 2793/2841
f 2793/2841 2794/2842 2770/2803
f 2771/2805 2793/2841 2770/2803
f 2794/2842 2795/2843 2769/2801
f 2770/2803 2794/2842 2769/2801
f 2795/2843 2796/2844 2768/2798
f 2769/2801 2795/2843 2768/2798
f 2796/2844 2797/2845 2767/2797
f 2768/2798 2796/2844 2767/2797
f 2767/2797 2797/2845 2798/2846
f 2766/2795 2767/2797 2798/2846
f 2766/2795 2798/2846 2799/2847
f 2765/2794 2766/2795 2799/2847
f 2765/2794 2799/2847 2800/2848
f 2784/2832 2765/2794 2800/2848
f 2800/2848 2801/2849 2783/2830
f 2784/2832 2800/2848 2783/2830
f 2801/2849 2802/2850 2782/2827
f 2783/2830 2801/2849 2782/2827
f 2782/2827 2802/2850 2803/2851
f 2781/2825 2782/2827 2803/2851
f 2781/2825 2803/2851 2804/2852
f 2780/2823 2781/2825 2804/2852
f 2780/2823 2804/2852 2786/2834
f 2779/2822 2780/2823 2786/2834
f 2786/2834 2725/2753 2729/2757
f 2785/2833 2786/2834 2729/2757
f 2787/2835 2785/2833 2729/2757
f 2731/2759 2787/2835 2729/2757
f 2788/2836 2787/2835 2731/2759
f 2733/2761 2788/2836 2731/2759
f 2735/2763 2789/2837 2788/2836
f 2733/2761 2735/2763 2788/2836
f 2790/2838 2789/2837 2735/2763
f 2737/2765 2790/2838 2735/2763
f 2739/2767 2791/2839 2790/2838
f 2737/2765 2739/2767 2790/2838
f 2741/2769 2792/2840 2791/2839
f 2739/2767 2741/2769 2791/2839
f 2743/2771 2793/2841 2792/2840
f 2741/2769 2743/2771 2792/2840
f 2794/2842 2793/2841 2743/2771
f 2745/2773 2794/2842 2743/2771
f 2747/2775 2795/2843 2794/2842
f 2745/2773 2747/2775 2794/2842
f 2749/2777 2796/2844 2795/2843
f 2747/2775 2749/2777 2795/2843
f 2751/2779 2797/2845 2796/2844
f 2749/2777 2751/2779 2796/2844
f 2798/2846 2797/2845 2751/2779
f 2753/2781 2798/2846 2751/2779
f 2799/2847 2798/2846 2753/2781
f 2755/2783 2799/2847 2753/2781
f 2757/2785 2800/2848 2799/2847
f 2755/2783 2757/2785 2799/2847
f 2759/2787 2801/2849 2800/2848
f 2757/2785 2759/2787 2800/2848
f 2802/2850 2801/2849 2759/2787
f 2761/2789 2802/2850 2759/2787
f 2803/2851 2802/2850 2761/2789
f 2763/2791 2803/2851 2761/2789
f 2728/2756 2804/2852 2803/2851
f 2763/2791 2728/2756 2803/2851
f 2786/2834 2804/2852 2728/2756
f 2725/2753 2786/2834 2728/2756
f 2805/2856 2806/2855 2647/2854 2644/2853
f 2806/2855 2807/2859 2650/2858 2651/2857
f 2807/2859 2808/2862 2655/2861 2653/2860
f 2808/2862 2809/2865 2659/2864 2657/2863
f 2809/2865 2810/2868 2663/2867 2661/2866
f 2810/2868 2811/2871 2667/2870 2665/2869
f 2811/2871 2812/2874 2670/2873 2669/2872
f 2812/2874 2813/2877 2675/2876 2672/2875
f 2813/2877 2814/2880 2679/2879 2677/2878
f 2814/2880 2805/2856 2682/2882 2680/2881
f 2815/2884 2816/2883 2806/2855 2805/2856
f 2816/2883 2817/2885 2807/2859 2806/2855
f 2817/2885 2818/2886 2808/2862 2807/2859
f 2818/2886 2819/2887 2809/2865 2808/2862
f 2819/2887 2820/2888 2810/2868 2809/2865
f 2820/2888 2821/2889 2811/2871 2810/2868
f 2821/2889 2822/2890 2812/2874 2811/2871
f 2822/2890 2823/2891 2813/2877 2812/2874
f 2823/2891 2824/2892 2814/2880 2813/2877
f 2824/2892 2815/2884 2805/2856 2814/2880
f 2825/2894 2826/2893 2816/2883 2815/2884
f 2826/2893 2827/2895 2817/2885 2816/2883
f 2827/2895 2828/2896 2818/2886 2817/2885
f 2828/2896 2829/2897 2819/2887 2818/2886
f 2829/2897 2830/2898 2820/2888 2819/2887
f 2830/2898 2831/2899 2821/2889 2820/2888
f 2831/2899 2832/2900 2822/2890 2821/2889
f 2832/2900 2833/2901 2823/2891 2822/2890
f 2833/2901 2834/2902 2824/2892 2823/2891
f 2834/2902 2825/2894 2815/2884 2824/2892
f 2835/2904 2836/2903 2826/2893 2825/2894
f 2836/2903 2837/2905 2827/2895 2826/2893
f 2837/2905 2838/2906 2828/2896 2827/2895
f 2838/2906 2839/2907 2829/2897 2828/2896
f 2839/2907 2840/2908 2830/2898 2829/2897
f 2840/2908 2841/2909 2831/2899 2830/2898
f 2841/2909 2842/2910 2832/2900 2831/2899
f 2842/2910 2843/2911 2833/2901 2832/2900
f 2843/2911 2844/2912 2834/2902 2833/2901
f 2844/2912 2835/2904 2825/2894 2834/2902
f 2845/2914 2846/2913 2836/2903 2835/2904
f 2846/2913 2847/2915 2838/2906 2837/2905
f 2847/2915 2848/2916 2840/2908 2839/2907
f 2848/2916 2849/2917 2842/2910 2841/2909
f 2849/2917 2845/2914 2844/2912 2843/2911
f 2850/2918 2846/2913 2845/2914
f 2850/2918 2847/2915 2846/2913
f 2850/2918 2848/2916 2847/2915
f 2850/2918 2849/2917 2848/2916
f 2850/2918 2845/2914 2849/2917
f 2665/2869 2663/2867 2810/2868
f 2669/2872 2667/2870 2811/2871
f 2672/2875 2670/2873 2812/2874
f 2677/2878 2675/2876 2813/2877
f 2680/2881 2679/2879 2814/2880
f 2805/2856 2644/2853 2682/2882
f 2653/2860 2650/2858 2807/2859
f 2657/2863 2655/2861 2808/2862
f 2661/2866 2659/2864 2809/2865
f 2651/2857 2647/2854 2806/2855
f 2841/2909 2840/2908 2848/2916
f 2843/2911 2842/2910 2849/2917
f 2845/2914 2835/2904 2844/2912
f 2837/2905 2836/2903 2846/2913
f 2839/2907 2838/2906 2847/2915
g Eyelid_R_C
usemtl mCommFace
f 2853/2921 2852/2920 2851/2919
f 2851/2919 2852/2920 2854/2922
f 2854/2922 2852/2920 2855/2923
f 2856/2924 2854/2922 2855/2923
f 2856/2924 2855/2923 2857/2925
f 2857/2925 2855/2923 2858/2926
f 2859/2927 2857/2925 2858/2926
f 2859/2927 2858/2926 2860/2928
f 2861/2929 2859/2927 2860/2928
f 2860/2928 2862/2930 2861/2929
f 2863/2931 2862/2930 2860/2928
f 2863/2931 2860/2928 2864/2932
f 2865/2933 2863/2931 2864/2932
f 2868/2936 2867/2935 2866/2934
f 2871/2939 2870/2938 2869/2937
f 2872/2940 2870/2938 2871/2939
f 2873/2941 2870/2938 2872/2940
f 2873/2941 2872/2940 2874/2942
f 2875/2943 2873/2941 2874/2942
f 2875/2943 2874/2942 2876/2944
f 2877/2945 2875/2943 2876/2944
f 2878/2946 2875/2943 2877/2945
f 2879/2947 2875/2943 2878/2946
f 2879/2947 2878/2946 2880/2948
f 2883/2951 2882/2950 2881/2949
f 2881/2949 2882/2950 2884/2952
f 2883/2951 2881/2949 2885/2953
f 2888/2956 2887/2955 2886/2954
f 2890/2958 2889/2957 2881/2949
f 2881/2949 2889/2957 2867/2935
f 2881/2949 2891/2959 2890/2958
f 2853/2921 2891/2959 2881/2949
f 2893/2961 2892/2960 2890/2958
f 2894/2962 2893/2961 2890/2958
f 2894/2962 2890/2958 2891/2959
f 2895/2963 2894/2962 2891/2959
f 2895/2963 2891/2959 2896/2964
f 2896/2964 2891/2959 2853/2921
f 2851/2919 2896/2964 2853/2921
f 2867/2935 2897/2965 2866/2934
f 2867/2935 2889/2957 2897/2965
f 2890/2958 2892/2960 2889/2957
f 2892/2960 2898/2966 2889/2957
f 2889/2957 2898/2966 2897/2965
f 2885/2953 2881/2949 2867/2935
f 2884/2952 2853/2921 2881/2949
f 2867/2935 2868/2936 2885/2953
f 2852/2920 2853/2921 2884/2952
f 2852/2920 2884/2952 2899/2967
f 2885/2953 2868/2936 2900/2968
f 2868/2936 2869/2937 2870/2938
f 2866/2934 2869/2937 2868/2936
f 2854/2922 2901/2969 2896/2964
f 2851/2919 2854/2922 2896/2964
f 2902/2970 2895/2963 2896/2964
f 2901/2969 2902/2970 2896/2964
f 2903/2971 2894/2962 2895/2963
f 2902/2970 2903/2971 2895/2963
f 2904/2972 2893/2961 2894/2962
f 2903/2971 2904/2972 2894/2962
f 2904/2972 2905/2973 2892/2960
f 2893/2961 2904/2972 2892/2960
f 2906/2974 2898/2966 2892/2960
f 2905/2973 2906/2974 2892/2960
f 2907/2975 2897/2965 2898/2966
f 2906/2974 2907/2975 2898/2966
f 2869/2937 2866/2934 2897/2965
f 2907/2975 2869/2937 2897/2965
f 2908/2976 2901/2969 2854/2922
f 2856/2924 2908/2976 2854/2922
f 2909/2977 2902/2970 2901/2969
f 2908/2976 2909/2977 2901/2969
f 2910/2978 2903/2971 2902/2970
f 2909/2977 2910/2978 2902/2970
f 2910/2978 2911/2979 2904/2972
f 2903/2971 2910/2978 2904/2972
f 2911/2979 2912/2980 2905/2973
f 2904/2972 2911/2979 2905/2973
f 2912/2980 2913/2981 2906/2974
f 2905/2973 2912/2980 2906/2974
f 2913/2981 2914/2982 2907/2975
f 2906/2974 2913/2981 2907/2975
f 2914/2982 2871/2939 2869/2937
f 2907/2975 2914/2982 2869/2937
f 2857/2925 2915/2983 2908/2976
f 2856/2924 2857/2925 2908/2976
f 2915/2983 2916/2984 2909/2977
f 2908/2976 2915/2983 2909/2977
f 2916/2984 2917/2985 2910/2978
f 2909/2977 2916/2984 2910/2978
f 2917/2985 2918/2972 2911/2979
f 2910/2978 2917/2985 2911/2979
f 2919/2986 2912/2980 2911/2979
f 2918/2972 2919/2986 2911/2979
f 2920/2987 2913/2981 2912/2980
f 2919/2986 2920/2987 2912/2980
f 2921/2988 2914/2982 2913/2981
f 2920/2987 2921/2988 2913/2981
f 2921/2988 2872/2940 2871/2939
f 2914/2982 2921/2988 2871/2939
f 2859/2927 2922/2989 2915/2983
f 2857/2925 2859/2927 2915/2983
f 2923/2990 2916/2984 2915/2983
f 2922/2989 2923/2990 2915/2983
f 2924/2991 2917/2985 2916/2984
f 2923/2990 2924/2991 2916/2984
f 2925/2961 2918/2972 2917/2985
f 2924/2991 2925/2961 2917/2985
f 2925/2961 2926/2992 2919/2986
f 2918/2972 2925/2961 2919/2986
f 2926/2992 2927/2993 2920/2987
f 2919/2986 2926/2992 2920/2987
f 2927/2993 2928/2994 2921/2988
f 2920/2987 2927/2993 2921/2988
f 2874/2942 2872/2940 2921/2988
f 2928/2994 2874/2942 2921/2988
f 2861/2929 2929/2995 2922/2989
f 2859/2927 2861/2929 2922/2989
f 2929/2995 2930/2996 2923/2990
f 2922/2989 2929/2995 2923/2990
f 2930/2996 2931/2997 2924/2991
f 2923/2990 2930/2996 2924/2991
f 2931/2997 2932/2958 2925/2961
f 2924/2991 2931/2997 2925/2961
f 2933/2998 2926/2992 2925/2961
f 2932/2958 2933/2998 2925/2961
f 2934/2999 2927/2993 2926/2992
f 2933/2998 2934/2999 2926/2992
f 2934/2999 2935/3000 2928/2994
f 2927/2993 2934/2999 2928/2994
f 2876/2944 2874/2942 2928/2994
f 2935/3000 2876/2944 2928/2994
f 2936/3001 2929/2995 2861/2929
f 2862/2930 2936/3001 2861/2929
f 2937/3002 2930/2996 2929/2995
f 2936/3001 2937/3002 2929/2995
f 2937/3002 2938/3003 2931/2997
f 2930/2996 2937/3002 2931/2997
f 2938/3003 2939/3004 2932/2958
f 2931/2997 2938/3003 2932/2958
f 2939/3004 2940/3005 2933/2998
f 2932/2958 2939/3004 2933/2998
f 2941/3006 2934/2999 2933/2998
f 2940/3005 2941/3006 2933/2998
f 2941/3006 2942/3007 2935/3000
f 2934/2999 2941/3006 2935/3000
f 2942/3007 2877/2945 2876/2944
f 2935/3000 2942/3007 2876/2944
f 2863/2931 2943/3008 2936/3001
f 2862/2930 2863/2931 2936/3001
f 2943/3008 2944/3009 2937/3002
f 2936/3001 2943/3008 2937/3002
f 2944/3009 2945/3010 2938/3003
f 2937/3002 2944/3009 2938/3003
f 2946/2949 2939/3004 2938/3003
f 2945/3010 2946/2949 2938/3003
f 2946/2949 2947/3011 2940/3005
f 2939/3004 2946/2949 2940/3005
f 2948/3012 2941/3006 2940/3005
f 2947/3011 2948/3012 2940/3005
f 2949/3013 2942/3007 2941/3006
f 2948/3012 2949/3013 2941/3006
f 2878/2946 2877/2945 2942/3007
f 2949/3013 2878/2946 2942/3007
f 2950/3014 2943/3008 2863/2931
f 2865/2933 2950/3014 2863/2931
f 2951/3015 2944/3009 2943/3008
f 2950/3014 2951/3015 2943/3008
f 2887/2955 2945/3010 2944/3009
f 2951/3015 2887/2955 2944/3009
f 2887/2955 2888/2956 2946/2949
f 2945/3010 2887/2955 2946/2949
f 2886/2954 2947/3011 2946/2949
f 2888/2956 2886/2954 2946/2949
f 2886/2954 2952/3016 2948/3012
f 2947/3011 2886/2954 2948/3012
f 2952/3016 2953/3017 2949/3013
f 2948/3012 2952/3016 2949/3013
f 2953/3017 2880/2948 2878/2946
f 2949/3013 2953/3017 2878/2946
f 2956/3020 2955/3019 2954/3018
f 2957/3021 2956/3020 2954/3018
f 2955/3019 2959/3023 2958/3022
f 2954/3018 2955/3019 2958/3022
f 2961/3025 2960/3024 2958/3022
f 2959/3023 2961/3025 2958/3022
f 2963/3027 2962/3026 2960/3024
f 2961/3025 2963/3027 2960/3024
f 2883/2951 2962/3026 2963/3027
f 2882/2950 2883/2951 2963/3027
f 2954/3018 2965/3029 2964/3028
f 2957/3021 2954/3018 2964/3028
f 2965/3029 2954/3018 2958/3022
f 2966/3030 2965/3029 2958/3022
f 2958/3022 2960/3024 2967/3031
f 2966/3030 2958/3022 2967/3031
f 2960/3024 2962/3026 2900/2968
f 2967/3031 2960/3024 2900/2968
f 2962/3026 2883/2951 2885/2953
f 2900/2968 2962/3026 2885/2953
f 2968/3032 2955/3019 2956/3020
f 2969/3033 2968/3032 2956/3020
f 2959/3023 2955/3019 2968/3032
f 2970/3034 2959/3023 2968/3032
f 2971/3035 2961/3025 2959/3023
f 2970/3034 2971/3035 2959/3023
f 2899/2967 2963/3027 2961/3025
f 2971/3035 2899/2967 2961/3025
f 2882/2950 2963/3027 2899/2967
f 2884/2952 2882/2950 2899/2967
f 2968/3032 2969/3033 2864/2932
f 2860/2928 2968/3032 2864/2932
f 2858/2926 2970/3034 2968/3032
f 2860/2928 2858/2926 2968/3032
f 2971/3035 2970/3034 2858/2926
f 2855/2923 2971/3035 2858/2926
f 2899/2967 2971/3035 2855/2923
f 2852/2920 2899/2967 2855/2923
f 2965/3029 2875/2943 2879/2947
f 2964/3028 2965/3029 2879/2947
f 2966/3030 2873/2941 2875/2943
f 2965/3029 2966/3030 2875/2943
f 2870/2938 2873/2941 2966/3030
f 2967/3031 2870/2938 2966/3030
f 2900/2968 2868/2936 2870/2938
f 2967/3031 2900/2968 2870/2938
f 2887/2955 2951/3015 2952/3016
f 2886/2954 2887/2955 2952/3016
f 2951/3015 2950/3014 2953/3017
f 2952/3016 2951/3015 2953/3017
f 2950/3014 2865/2933 2880/2948
f 2953/3017 2950/3014 2880/2948
f 2865/2933 2864/2932 2879/2947
f 2880/2948 2865/2933 2879/2947
f 2864/2932 2969/3033 2964/3028
f 2879/2947 2864/2932 2964/3028
f 2964/3028 2969/3033 2956/3020
f 2957/3021 2964/3028 2956/3020
g Eyelid_L_C
f 2974/3038 2973/3037 2972/3036
f 2972/3036 2973/3037 2975/3039
f 2975/3039 2973/3037 2976/3040
f 2977/3041 2975/3039 2976/3040
f 2977/3041 2976/3040 2978/3042
f 2978/3042 2976/3040 2979/3043
f 2980/3044 2978/3042 2979/3043
f 2980/3044 2979/3043 2981/3045
f 2982/3046 2980/3044 2981/3045
f 2981/3045 2983/3047 2982/3046
f 2984/3048 2983/3047 2981/3045
f 2984/3048 2981/3045 2985/3049
f 2986/3050 2984/3048 2985/3049
f 2989/3053 2988/3052 2987/3051
f 2992/3056 2991/3055 2990/3054
f 2993/3057 2991/3055 2992/3056
f 2994/3058 2991/3055 2993/3057
f 2994/3058 2993/3057 2995/3059
f 2996/3060 2994/3058 2995/3059
f 2996/3060 2995/3059 2997/3061
f 2998/3062 2996/3060 2997/3061
f 2999/3063 2996/3060 2998/3062
f 3000/3064 2996/3060 2999/3063
f 3000/3064 2999/3063 3001/3065
f 3004/3068 3003/3067 3002/3066
f 3002/3066 3003/3067 3005/3069
f 3004/3068 3002/3066 3006/3070
f 3009/3073 3008/3072 3007/3071
f 3011/3075 3010/3074 3002/3066
f 3002/3066 3010/3074 2988/3052
f 3002/3066 3012/3076 3011/3075
f 2974/3038 3012/3076 3002/3066
f 3014/3078 3013/3077 3011/3075
f 3015/3079 3014/3078 3011/3075
f 3015/3079 3011/3075 3012/3076
f 3016/3080 3015/3079 3012/3076
f 3016/3080 3012/3076 3017/3081
f 3017/3081 3012/3076 2974/3038
f 2972/3036 3017/3081 2974/3038
f 2988/3052 3018/3082 2987/3051
f 2988/3052 3010/3074 3018/3082
f 3011/3075 3013/3077 3010/3074
f 3013/3077 3019/3083 3010/3074
f 3010/3074 3019/3083 3018/3082
f 3006/3070 3002/3066 2988/3052
f 3005/3069 2974/3038 3002/3066
f 2988/3052 2989/3053 3006/3070
f 2973/3037 2974/3038 3005/3069
f 2973/3037 3005/3069 3020/3084
f 3006/3070 2989/3053 3021/3085
f 2989/3053 2990/3054 2991/3055
f 2987/3051 2990/3054 2989/3053
f 2975/3039 3022/3086 3017/3081
f 2972/3036 2975/3039 3017/3081
f 3023/3087 3016/3080 3017/3081
f 3022/3086 3023/3087 3017/3081
f 3024/3088 3015/3079 3016/3080
f 3023/3087 3024/3088 3016/3080
f 3025/3089 3014/3078 3015/3079
f 3024/3088 3025/3089 3015/3079
f 3025/3089 3026/3090 3013/3077
f 3014/3078 3025/3089 3013/3077
f 3027/3091 3019/3083 3013/3077
f 3026/3090 3027/3091 3013/3077
f 3028/3092 3018/3082 3019/3083
f 3027/3091 3028/3092 3019/3083
f 2990/3054 2987/3051 3018/3082
f 3028/3092 2990/3054 3018/3082
f 3029/3093 3022/3086 2975/3039
f 2977/3041 3029/3093 2975/3039
f 3030/3094 3023/3087 3022/3086
f 3029/3093 3030/3094 3022/3086
f 3031/3095 3024/3088 3023/3087
f 3030/3094 3031/3095 3023/3087
f 3031/3095 3032/3096 3025/3089
f 3024/3088 3031/3095 3025/3089
f 3032/3096 3033/3097 3026/3090
f 3025/3089 3032/3096 3026/3090
f 3033/3097 3034/3098 3027/3091
f 3026/3090 3033/3097 3027/3091
f 3034/3098 3035/3099 3028/3092
f 3027/3091 3034/3098 3028/3092
f 3035/3099 2992/3056 2990/3054
f 3028/3092 3035/3099 2990/3054
f 2978/3042 3036/3100 3029/3093
f 2977/3041 2978/3042 3029/3093
f 3036/3100 3037/3101 3030/3094
f 3029/3093 3036/3100 3030/3094
f 3037/3101 3038/3102 3031/3095
f 3030/3094 3037/3101 3031/3095
f 3038/3102 3039/3089 3032/3096
f 3031/3095 3038/3102 3032/3096
f 3040/3103 3033/3097 3032/3096
f 3039/3089 3040/3103 3032/3096
f 3041/3104 3034/3098 3033/3097
f 3040/3103 3041/3104 3033/3097
f 3042/3105 3035/3099 3034/3098
f 3041/3104 3042/3105 3034/3098
f 3042/3105 2993/3057 2992/3056
f 3035/3099 3042/3105 2992/3056
f 2980/3044 3043/3106 3036/3100
f 2978/3042 2980/3044 3036/3100
f 3044/3107 3037/3101 3036/3100
f 3043/3106 3044/3107 3036/3100
f 3045/3108 3038/3102 3037/3101
f 3044/3107 3045/3108 3037/3101
f 3046/3078 3039/3089 3038/3102
f 3045/3108 3046/3078 3038/3102
f 3046/3078 3047/3109 3040/3103
f 3039/3089 3046/3078 3040/3103
f 3047/3109 3048/3110 3041/3104
f 3040/3103 3047/3109 3041/3104
f 3048/3110 3049/3111 3042/3105
f 3041/3104 3048/3110 3042/3105
f 2995/3059 2993/3057 3042/3105
f 3049/3111 2995/3059 3042/3105
f 2982/3046 3050/3112 3043/3106
f 2980/3044 2982/3046 3043/3106
f 3050/3112 3051/3113 3044/3107
f 3043/3106 3050/3112 3044/3107
f 3051/3113 3052/3114 3045/3108
f 3044/3107 3051/3113 3045/3108
f 3052/3114 3053/3075 3046/3078
f 3045/3108 3052/3114 3046/3078
f 3054/3115 3047/3109 3046/3078
f 3053/3075 3054/3115 3046/3078
f 3055/3116 3048/3110 3047/3109
f 3054/3115 3055/3116 3047/3109
f 3055/3116 3056/3117 3049/3111
f 3048/3110 3055/3116 3049/3111
f 2997/3061 2995/3059 3049/3111
f 3056/3117 2997/3061 3049/3111
f 3057/3118 3050/3112 2982/3046
f 2983/3047 3057/3118 2982/3046
f 3058/3119 3051/3113 3050/3112
f 3057/3118 3058/3119 3050/3112
f 3058/3119 3059/3120 3052/3114
f 3051/3113 3058/3119 3052/3114
f 3059/3120 3060/3121 3053/3075
f 3052/3114 3059/3120 3053/3075
f 3060/3121 3061/3122 3054/3115
f 3053/3075 3060/3121 3054/3115
f 3062/3123 3055/3116 3054/3115
f 3061/3122 3062/3123 3054/3115
f 3062/3123 3063/3124 3056/3117
f 3055/3116 3062/3123 3056/3117
f 3063/3124 2998/3062 2997/3061
f 3056/3117 3063/3124 2997/3061
f 2984/3048 3064/3125 3057/3118
f 2983/3047 2984/3048 3057/3118
f 3064/3125 3065/3126 3058/3119
f 3057/3118 3064/3125 3058/3119
f 3065/3126 3066/3127 3059/3120
f 3058/3119 3065/3126 3059/3120
f 3067/3128 3060/3121 3059/3120
f 3066/3127 3067/3128 3059/3120
f 3067/3128 3068/3129 3061/3122
f 3060/3121 3067/3128 3061/3122
f 3069/3130 3062/3123 3061/3122
f 3068/3129 3069/3130 3061/3122
f 3070/3131 3063/3124 3062/3123
f 3069/3130 3070/3131 3062/3123
f 2999/3063 2998/3062 3063/3124
f 3070/3131 2999/3063 3063/3124
f 3071/3132 3064/3125 2984/3048
f 2986/3050 3071/3132 2984/3048
f 3072/3133 3065/3126 3064/3125
f 3071/3132 3072/3133 3064/3125
f 3008/3072 3066/3127 3065/3126
f 3072/3133 3008/3072 3065/3126
f 3008/3072 3009/3073 3067/3128
f 3066/3127 3008/3072 3067/3128
f 3007/3071 3068/3129 3067/3128
f 3009/3073 3007/3071 3067/3128
f 3007/3071 3073/3134 3069/3130
f 3068/3129 3007/3071 3069/3130
f 3073/3134 3074/3135 3070/3131
f 3069/3130 3073/3134 3070/3131
f 3074/3135 3001/3065 2999/3063
f 3070/3131 3074/3135 2999/3063
f 3077/3138 3076/3137 3075/3136
f 3078/3139 3077/3138 3075/3136
f 3076/3137 3080/3141 3079/3140
f 3075/3136 3076/3137 3079/3140
f 3082/3143 3081/3142 3079/3140
f 3080/3141 3082/3143 3079/3140
f 3084/3145 3083/3144 3081/3142
f 3082/3143 3084/3145 3081/3142
f 3004/3068 3083/3144 3084/3145
f 3003/3067 3004/3068 3084/3145
f 3078/3139 3075/3136 3085/3146
f 3086/3147 3078/3139 3085/3146
f 3085/3146 3075/3136 3079/3140
f 3087/3148 3085/3146 3079/3140
f 3079/3140 3081/3142 3088/3149
f 3087/3148 3079/3140 3088/3149
f 3081/3142 3083/3144 3021/3085
f 3088/3149 3081/3142 3021/3085
f 3083/3144 3004/3068 3006/3070
f 3021/3085 3083/3144 3006/3070
f 3076/3137 3077/3138 3089/3150
f 3090/3151 3076/3137 3089/3150
f 3080/3141 3076/3137 3090/3151
f 3091/3152 3080/3141 3090/3151
f 3092/3153 3082/3143 3080/3141
f 3091/3152 3092/3153 3080/3141
f 3020/3084 3084/3145 3082/3143
f 3092/3153 3020/3084 3082/3143
f 3003/3067 3084/3145 3020/3084
f 3005/3069 3003/3067 3020/3084
f 3090/3151 3089/3150 2985/3049
f 2981/3045 3090/3151 2985/3049
f 2979/3043 3091/3152 3090/3151
f 2981/3045 2979/3043 3090/3151
f 3092/3153 3091/3152 2979/3043
f 2976/3040 3092/3153 2979/3043
f 3020/3084 3092/3153 2976/3040
f 2973/3037 3020/3084 2976/3040
f 3085/3146 2996/3060 3000/3064
f 3086/3147 3085/3146 3000/3064
f 3087/3148 2994/3058 2996/3060
f 3085/3146 3087/3148 2996/3060
f 2991/3055 2994/3058 3087/3148
f 3088/3149 2991/3055 3087/3148
f 3021/3085 2989/3053 2991/3055
f 3088/3149 3021/3085 2991/3055
f 3008/3072 3072/3133 3073/3134
f 3007/3071 3008/3072 3073/3134
f 3072/3133 3071/3132 3074/3135
f 3073/3134 3072/3133 3074/3135
f 3071/3132 2986/3050 3001/3065
f 3074/3135 3071/3132 3001/3065
f 3001/3065 2986/3050 2985/3049
f 3000/3064 3001/3065 2985/3049
f 3000/3064 2985/3049 3089/3150
f 3086/3147 3000/3064 3089/3150
f 3086/3147 3089/3150 3077/3138
f 3078/3139 3086/3147 3077/3138
# 5632 elements

